## Footprint report - date 2025-12-03T16:17:41-0500
## Created by KiCad version 9.0.6
## Unit = mm, Angle = deg.

$BeginDESCRIPTION

$BOARD
upper_left_corner 78.665000 68.505000
lower_right_corner 478.865000 335.355000
$EndBOARD

$MODULE 24VDC_FUSE1
footprint Smart_Tank:FUSE_HOLDER_(01220083Z)
attribut none
position 116.205000 205.105000  orientation 0.00
layer front
$PAD "4"
Shape Circle Layer both
position  0.000000  0.000000  size  3.000000  3.000000  orientation 0.00
drill  1.980000
shape_offset  0.000000  0.000000
$EndPAD
$PAD "4"
Shape Circle Layer both
position  7.620000  0.000000  size  3.000000  3.000000  orientation 0.00
drill  1.980000
shape_offset  0.000000  0.000000
$EndPAD
$PAD "5"
Shape Circle Layer both
position  0.000000  0.000000  size  3.000000  3.000000  orientation 0.00
drill  1.980000
shape_offset  0.000000  0.000000
$EndPAD
$PAD "6"
Shape Circle Layer both
position 26.590000  0.000000  size  3.000000  3.000000  orientation 0.00
drill  1.980000
shape_offset  0.000000  0.000000
$EndPAD
$PAD "7"
Shape Circle Layer both
position 34.210000  0.000000  size  3.000000  3.000000  orientation 0.00
drill  1.980000
shape_offset  0.000000  0.000000
$EndPAD
$EndMODULE  24VDC_FUSE1

$MODULE ADC_AI16-23
footprint Smart_Tank:TI_ADC_(ADS8332)
attribut none
position 424.018200 203.200000  orientation -90.00
layer front
$PAD "1"
Shape Rect Layer front
position -3.575000  2.800000  size  0.250000  1.550000  orientation 360.00
drill  0.000000
shape_offset  0.000000  0.000000
$EndPAD
$PAD "2"
Shape Rect Layer front
position -2.925000  2.800000  size  0.250000  1.550000  orientation 360.00
drill  0.000000
shape_offset  0.000000  0.000000
$EndPAD
$PAD "3"
Shape Rect Layer front
position -2.275000  2.800000  size  0.250000  1.550000  orientation 360.00
drill  0.000000
shape_offset  0.000000  0.000000
$EndPAD
$PAD "4"
Shape Rect Layer front
position -1.625000  2.800000  size  0.250000  1.550000  orientation 360.00
drill  0.000000
shape_offset  0.000000  0.000000
$EndPAD
$PAD "5"
Shape Rect Layer front
position -0.975000  2.800000  size  0.250000  1.550000  orientation 360.00
drill  0.000000
shape_offset  0.000000  0.000000
$EndPAD
$PAD "6"
Shape Rect Layer front
position -0.325000  2.800000  size  0.250000  1.550000  orientation 360.00
drill  0.000000
shape_offset  0.000000  0.000000
$EndPAD
$PAD "7"
Shape Rect Layer front
position  0.325000  2.800000  size  0.250000  1.550000  orientation 360.00
drill  0.000000
shape_offset  0.000000  0.000000
$EndPAD
$PAD "8"
Shape Rect Layer front
position  0.975000  2.800000  size  0.250000  1.550000  orientation 360.00
drill  0.000000
shape_offset  0.000000  0.000000
$EndPAD
$PAD "9"
Shape Rect Layer front
position  1.625000  2.800000  size  0.250000  1.550000  orientation 360.00
drill  0.000000
shape_offset  0.000000  0.000000
$EndPAD
$PAD "10"
Shape Rect Layer front
position  2.275000  2.800000  size  0.250000  1.550000  orientation 360.00
drill  0.000000
shape_offset  0.000000  0.000000
$EndPAD
$PAD "11"
Shape Rect Layer front
position  2.925000  2.800000  size  0.250000  1.550000  orientation 360.00
drill  0.000000
shape_offset  0.000000  0.000000
$EndPAD
$PAD "12"
Shape Rect Layer front
position  3.575000  2.800000  size  0.250000  1.550000  orientation 360.00
drill  0.000000
shape_offset  0.000000  0.000000
$EndPAD
$PAD "13"
Shape Rect Layer front
position  3.575000 -2.800000  size  0.250000  1.550000  orientation 360.00
drill  0.000000
shape_offset  0.000000  0.000000
$EndPAD
$PAD "14"
Shape Rect Layer front
position  2.925000 -2.800000  size  0.250000  1.550000  orientation 360.00
drill  0.000000
shape_offset  0.000000  0.000000
$EndPAD
$PAD "15"
Shape Rect Layer front
position  2.275000 -2.800000  size  0.250000  1.550000  orientation 360.00
drill  0.000000
shape_offset  0.000000  0.000000
$EndPAD
$PAD "16"
Shape Rect Layer front
position  1.625000 -2.800000  size  0.250000  1.550000  orientation 360.00
drill  0.000000
shape_offset  0.000000  0.000000
$EndPAD
$PAD "17"
Shape Rect Layer front
position  0.975000 -2.800000  size  0.250000  1.550000  orientation 360.00
drill  0.000000
shape_offset  0.000000  0.000000
$EndPAD
$PAD "18"
Shape Rect Layer front
position  0.325000 -2.800000  size  0.250000  1.550000  orientation 360.00
drill  0.000000
shape_offset  0.000000  0.000000
$EndPAD
$PAD "19"
Shape Rect Layer front
position -0.325000 -2.800000  size  0.250000  1.550000  orientation 360.00
drill  0.000000
shape_offset  0.000000  0.000000
$EndPAD
$PAD "20"
Shape Rect Layer front
position -0.975000 -2.800000  size  0.250000  1.550000  orientation 360.00
drill  0.000000
shape_offset  0.000000  0.000000
$EndPAD
$PAD "21"
Shape Rect Layer front
position -1.625000 -2.800000  size  0.250000  1.550000  orientation 360.00
drill  0.000000
shape_offset  0.000000  0.000000
$EndPAD
$PAD "22"
Shape Rect Layer front
position -2.275000 -2.800000  size  0.250000  1.550000  orientation 360.00
drill  0.000000
shape_offset  0.000000  0.000000
$EndPAD
$PAD "23"
Shape Rect Layer front
position -2.925000 -2.800000  size  0.250000  1.550000  orientation 360.00
drill  0.000000
shape_offset  0.000000  0.000000
$EndPAD
$PAD "24"
Shape Rect Layer front
position -3.575000 -2.800000  size  0.250000  1.550000  orientation 360.00
drill  0.000000
shape_offset  0.000000  0.000000
$EndPAD
$EndMODULE  ADC_AI16-23

$MODULE ADC_AI24-31
footprint Smart_Tank:TI_ADC_(ADS8332)
attribut none
position 424.018200 226.695000  orientation -90.00
layer front
$PAD "1"
Shape Rect Layer front
position -3.575000  2.800000  size  0.250000  1.550000  orientation 360.00
drill  0.000000
shape_offset  0.000000  0.000000
$EndPAD
$PAD "2"
Shape Rect Layer front
position -2.925000  2.800000  size  0.250000  1.550000  orientation 360.00
drill  0.000000
shape_offset  0.000000  0.000000
$EndPAD
$PAD "3"
Shape Rect Layer front
position -2.275000  2.800000  size  0.250000  1.550000  orientation 360.00
drill  0.000000
shape_offset  0.000000  0.000000
$EndPAD
$PAD "4"
Shape Rect Layer front
position -1.625000  2.800000  size  0.250000  1.550000  orientation 360.00
drill  0.000000
shape_offset  0.000000  0.000000
$EndPAD
$PAD "5"
Shape Rect Layer front
position -0.975000  2.800000  size  0.250000  1.550000  orientation 360.00
drill  0.000000
shape_offset  0.000000  0.000000
$EndPAD
$PAD "6"
Shape Rect Layer front
position -0.325000  2.800000  size  0.250000  1.550000  orientation 360.00
drill  0.000000
shape_offset  0.000000  0.000000
$EndPAD
$PAD "7"
Shape Rect Layer front
position  0.325000  2.800000  size  0.250000  1.550000  orientation 360.00
drill  0.000000
shape_offset  0.000000  0.000000
$EndPAD
$PAD "8"
Shape Rect Layer front
position  0.975000  2.800000  size  0.250000  1.550000  orientation 360.00
drill  0.000000
shape_offset  0.000000  0.000000
$EndPAD
$PAD "9"
Shape Rect Layer front
position  1.625000  2.800000  size  0.250000  1.550000  orientation 360.00
drill  0.000000
shape_offset  0.000000  0.000000
$EndPAD
$PAD "10"
Shape Rect Layer front
position  2.275000  2.800000  size  0.250000  1.550000  orientation 360.00
drill  0.000000
shape_offset  0.000000  0.000000
$EndPAD
$PAD "11"
Shape Rect Layer front
position  2.925000  2.800000  size  0.250000  1.550000  orientation 360.00
drill  0.000000
shape_offset  0.000000  0.000000
$EndPAD
$PAD "12"
Shape Rect Layer front
position  3.575000  2.800000  size  0.250000  1.550000  orientation 360.00
drill  0.000000
shape_offset  0.000000  0.000000
$EndPAD
$PAD "13"
Shape Rect Layer front
position  3.575000 -2.800000  size  0.250000  1.550000  orientation 360.00
drill  0.000000
shape_offset  0.000000  0.000000
$EndPAD
$PAD "14"
Shape Rect Layer front
position  2.925000 -2.800000  size  0.250000  1.550000  orientation 360.00
drill  0.000000
shape_offset  0.000000  0.000000
$EndPAD
$PAD "15"
Shape Rect Layer front
position  2.275000 -2.800000  size  0.250000  1.550000  orientation 360.00
drill  0.000000
shape_offset  0.000000  0.000000
$EndPAD
$PAD "16"
Shape Rect Layer front
position  1.625000 -2.800000  size  0.250000  1.550000  orientation 360.00
drill  0.000000
shape_offset  0.000000  0.000000
$EndPAD
$PAD "17"
Shape Rect Layer front
position  0.975000 -2.800000  size  0.250000  1.550000  orientation 360.00
drill  0.000000
shape_offset  0.000000  0.000000
$EndPAD
$PAD "18"
Shape Rect Layer front
position  0.325000 -2.800000  size  0.250000  1.550000  orientation 360.00
drill  0.000000
shape_offset  0.000000  0.000000
$EndPAD
$PAD "19"
Shape Rect Layer front
position -0.325000 -2.800000  size  0.250000  1.550000  orientation 360.00
drill  0.000000
shape_offset  0.000000  0.000000
$EndPAD
$PAD "20"
Shape Rect Layer front
position -0.975000 -2.800000  size  0.250000  1.550000  orientation 360.00
drill  0.000000
shape_offset  0.000000  0.000000
$EndPAD
$PAD "21"
Shape Rect Layer front
position -1.625000 -2.800000  size  0.250000  1.550000  orientation 360.00
drill  0.000000
shape_offset  0.000000  0.000000
$EndPAD
$PAD "22"
Shape Rect Layer front
position -2.275000 -2.800000  size  0.250000  1.550000  orientation 360.00
drill  0.000000
shape_offset  0.000000  0.000000
$EndPAD
$PAD "23"
Shape Rect Layer front
position -2.925000 -2.800000  size  0.250000  1.550000  orientation 360.00
drill  0.000000
shape_offset  0.000000  0.000000
$EndPAD
$PAD "24"
Shape Rect Layer front
position -3.575000 -2.800000  size  0.250000  1.550000  orientation 360.00
drill  0.000000
shape_offset  0.000000  0.000000
$EndPAD
$EndMODULE  ADC_AI24-31

$MODULE ADC_AI32-39
footprint Smart_Tank:TI_ADC_(ADS8332)
attribut none
position 424.018200 250.825000  orientation -90.00
layer front
$PAD "1"
Shape Rect Layer front
position -3.575000  2.800000  size  0.250000  1.550000  orientation 360.00
drill  0.000000
shape_offset  0.000000  0.000000
$EndPAD
$PAD "2"
Shape Rect Layer front
position -2.925000  2.800000  size  0.250000  1.550000  orientation 360.00
drill  0.000000
shape_offset  0.000000  0.000000
$EndPAD
$PAD "3"
Shape Rect Layer front
position -2.275000  2.800000  size  0.250000  1.550000  orientation 360.00
drill  0.000000
shape_offset  0.000000  0.000000
$EndPAD
$PAD "4"
Shape Rect Layer front
position -1.625000  2.800000  size  0.250000  1.550000  orientation 360.00
drill  0.000000
shape_offset  0.000000  0.000000
$EndPAD
$PAD "5"
Shape Rect Layer front
position -0.975000  2.800000  size  0.250000  1.550000  orientation 360.00
drill  0.000000
shape_offset  0.000000  0.000000
$EndPAD
$PAD "6"
Shape Rect Layer front
position -0.325000  2.800000  size  0.250000  1.550000  orientation 360.00
drill  0.000000
shape_offset  0.000000  0.000000
$EndPAD
$PAD "7"
Shape Rect Layer front
position  0.325000  2.800000  size  0.250000  1.550000  orientation 360.00
drill  0.000000
shape_offset  0.000000  0.000000
$EndPAD
$PAD "8"
Shape Rect Layer front
position  0.975000  2.800000  size  0.250000  1.550000  orientation 360.00
drill  0.000000
shape_offset  0.000000  0.000000
$EndPAD
$PAD "9"
Shape Rect Layer front
position  1.625000  2.800000  size  0.250000  1.550000  orientation 360.00
drill  0.000000
shape_offset  0.000000  0.000000
$EndPAD
$PAD "10"
Shape Rect Layer front
position  2.275000  2.800000  size  0.250000  1.550000  orientation 360.00
drill  0.000000
shape_offset  0.000000  0.000000
$EndPAD
$PAD "11"
Shape Rect Layer front
position  2.925000  2.800000  size  0.250000  1.550000  orientation 360.00
drill  0.000000
shape_offset  0.000000  0.000000
$EndPAD
$PAD "12"
Shape Rect Layer front
position  3.575000  2.800000  size  0.250000  1.550000  orientation 360.00
drill  0.000000
shape_offset  0.000000  0.000000
$EndPAD
$PAD "13"
Shape Rect Layer front
position  3.575000 -2.800000  size  0.250000  1.550000  orientation 360.00
drill  0.000000
shape_offset  0.000000  0.000000
$EndPAD
$PAD "14"
Shape Rect Layer front
position  2.925000 -2.800000  size  0.250000  1.550000  orientation 360.00
drill  0.000000
shape_offset  0.000000  0.000000
$EndPAD
$PAD "15"
Shape Rect Layer front
position  2.275000 -2.800000  size  0.250000  1.550000  orientation 360.00
drill  0.000000
shape_offset  0.000000  0.000000
$EndPAD
$PAD "16"
Shape Rect Layer front
position  1.625000 -2.800000  size  0.250000  1.550000  orientation 360.00
drill  0.000000
shape_offset  0.000000  0.000000
$EndPAD
$PAD "17"
Shape Rect Layer front
position  0.975000 -2.800000  size  0.250000  1.550000  orientation 360.00
drill  0.000000
shape_offset  0.000000  0.000000
$EndPAD
$PAD "18"
Shape Rect Layer front
position  0.325000 -2.800000  size  0.250000  1.550000  orientation 360.00
drill  0.000000
shape_offset  0.000000  0.000000
$EndPAD
$PAD "19"
Shape Rect Layer front
position -0.325000 -2.800000  size  0.250000  1.550000  orientation 360.00
drill  0.000000
shape_offset  0.000000  0.000000
$EndPAD
$PAD "20"
Shape Rect Layer front
position -0.975000 -2.800000  size  0.250000  1.550000  orientation 360.00
drill  0.000000
shape_offset  0.000000  0.000000
$EndPAD
$PAD "21"
Shape Rect Layer front
position -1.625000 -2.800000  size  0.250000  1.550000  orientation 360.00
drill  0.000000
shape_offset  0.000000  0.000000
$EndPAD
$PAD "22"
Shape Rect Layer front
position -2.275000 -2.800000  size  0.250000  1.550000  orientation 360.00
drill  0.000000
shape_offset  0.000000  0.000000
$EndPAD
$PAD "23"
Shape Rect Layer front
position -2.925000 -2.800000  size  0.250000  1.550000  orientation 360.00
drill  0.000000
shape_offset  0.000000  0.000000
$EndPAD
$PAD "24"
Shape Rect Layer front
position -3.575000 -2.800000  size  0.250000  1.550000  orientation 360.00
drill  0.000000
shape_offset  0.000000  0.000000
$EndPAD
$EndMODULE  ADC_AI32-39

$MODULE ADC_AI40-47
footprint Smart_Tank:TI_ADC_(ADS8332)
attribut none
position 424.018200 274.955000  orientation -90.00
layer front
$PAD "1"
Shape Rect Layer front
position -3.575000  2.800000  size  0.250000  1.550000  orientation 360.00
drill  0.000000
shape_offset  0.000000  0.000000
$EndPAD
$PAD "2"
Shape Rect Layer front
position -2.925000  2.800000  size  0.250000  1.550000  orientation 360.00
drill  0.000000
shape_offset  0.000000  0.000000
$EndPAD
$PAD "3"
Shape Rect Layer front
position -2.275000  2.800000  size  0.250000  1.550000  orientation 360.00
drill  0.000000
shape_offset  0.000000  0.000000
$EndPAD
$PAD "4"
Shape Rect Layer front
position -1.625000  2.800000  size  0.250000  1.550000  orientation 360.00
drill  0.000000
shape_offset  0.000000  0.000000
$EndPAD
$PAD "5"
Shape Rect Layer front
position -0.975000  2.800000  size  0.250000  1.550000  orientation 360.00
drill  0.000000
shape_offset  0.000000  0.000000
$EndPAD
$PAD "6"
Shape Rect Layer front
position -0.325000  2.800000  size  0.250000  1.550000  orientation 360.00
drill  0.000000
shape_offset  0.000000  0.000000
$EndPAD
$PAD "7"
Shape Rect Layer front
position  0.325000  2.800000  size  0.250000  1.550000  orientation 360.00
drill  0.000000
shape_offset  0.000000  0.000000
$EndPAD
$PAD "8"
Shape Rect Layer front
position  0.975000  2.800000  size  0.250000  1.550000  orientation 360.00
drill  0.000000
shape_offset  0.000000  0.000000
$EndPAD
$PAD "9"
Shape Rect Layer front
position  1.625000  2.800000  size  0.250000  1.550000  orientation 360.00
drill  0.000000
shape_offset  0.000000  0.000000
$EndPAD
$PAD "10"
Shape Rect Layer front
position  2.275000  2.800000  size  0.250000  1.550000  orientation 360.00
drill  0.000000
shape_offset  0.000000  0.000000
$EndPAD
$PAD "11"
Shape Rect Layer front
position  2.925000  2.800000  size  0.250000  1.550000  orientation 360.00
drill  0.000000
shape_offset  0.000000  0.000000
$EndPAD
$PAD "12"
Shape Rect Layer front
position  3.575000  2.800000  size  0.250000  1.550000  orientation 360.00
drill  0.000000
shape_offset  0.000000  0.000000
$EndPAD
$PAD "13"
Shape Rect Layer front
position  3.575000 -2.800000  size  0.250000  1.550000  orientation 360.00
drill  0.000000
shape_offset  0.000000  0.000000
$EndPAD
$PAD "14"
Shape Rect Layer front
position  2.925000 -2.800000  size  0.250000  1.550000  orientation 360.00
drill  0.000000
shape_offset  0.000000  0.000000
$EndPAD
$PAD "15"
Shape Rect Layer front
position  2.275000 -2.800000  size  0.250000  1.550000  orientation 360.00
drill  0.000000
shape_offset  0.000000  0.000000
$EndPAD
$PAD "16"
Shape Rect Layer front
position  1.625000 -2.800000  size  0.250000  1.550000  orientation 360.00
drill  0.000000
shape_offset  0.000000  0.000000
$EndPAD
$PAD "17"
Shape Rect Layer front
position  0.975000 -2.800000  size  0.250000  1.550000  orientation 360.00
drill  0.000000
shape_offset  0.000000  0.000000
$EndPAD
$PAD "18"
Shape Rect Layer front
position  0.325000 -2.800000  size  0.250000  1.550000  orientation 360.00
drill  0.000000
shape_offset  0.000000  0.000000
$EndPAD
$PAD "19"
Shape Rect Layer front
position -0.325000 -2.800000  size  0.250000  1.550000  orientation 360.00
drill  0.000000
shape_offset  0.000000  0.000000
$EndPAD
$PAD "20"
Shape Rect Layer front
position -0.975000 -2.800000  size  0.250000  1.550000  orientation 360.00
drill  0.000000
shape_offset  0.000000  0.000000
$EndPAD
$PAD "21"
Shape Rect Layer front
position -1.625000 -2.800000  size  0.250000  1.550000  orientation 360.00
drill  0.000000
shape_offset  0.000000  0.000000
$EndPAD
$PAD "22"
Shape Rect Layer front
position -2.275000 -2.800000  size  0.250000  1.550000  orientation 360.00
drill  0.000000
shape_offset  0.000000  0.000000
$EndPAD
$PAD "23"
Shape Rect Layer front
position -2.925000 -2.800000  size  0.250000  1.550000  orientation 360.00
drill  0.000000
shape_offset  0.000000  0.000000
$EndPAD
$PAD "24"
Shape Rect Layer front
position -3.575000 -2.800000  size  0.250000  1.550000  orientation 360.00
drill  0.000000
shape_offset  0.000000  0.000000
$EndPAD
$EndMODULE  ADC_AI40-47

$MODULE AO_CONN1
footprint Smart_Tank:PHX_TB_HDR_6_POS_STR_(1755778)
attribut none
position 85.090000 262.890000  orientation -90.00
layer front
$PAD "1"
Shape Circle Layer both
position  0.000000  0.000000  size  2.500000  2.500000  orientation 360.00
drill  1.400000
shape_offset  0.000000  0.000000
$EndPAD
$PAD "2"
Shape Circle Layer both
position  5.080000  0.000000  size  2.500000  2.500000  orientation 360.00
drill  1.400000
shape_offset  0.000000  0.000000
$EndPAD
$PAD "3"
Shape Circle Layer both
position 10.160000  0.000000  size  2.500000  2.500000  orientation 360.00
drill  1.400000
shape_offset  0.000000  0.000000
$EndPAD
$PAD "4"
Shape Circle Layer both
position 15.240000  0.000000  size  2.500000  2.500000  orientation 360.00
drill  1.400000
shape_offset  0.000000  0.000000
$EndPAD
$PAD "5"
Shape Circle Layer both
position 20.320000  0.000000  size  2.500000  2.500000  orientation 360.00
drill  1.400000
shape_offset  0.000000  0.000000
$EndPAD
$PAD "6"
Shape Circle Layer both
position 25.400000  0.000000  size  2.500000  2.500000  orientation 360.00
drill  1.400000
shape_offset  0.000000  0.000000
$EndPAD
$EndMODULE  AO_CONN1

$MODULE C1
footprint Capacitor_SMD:C_1206_3216Metric
attribut smd
position 425.288200 212.090000  orientation -90.00
layer front
$PAD "1"
Shape Roundrect Layer front
position -1.475000  0.000000  size  1.150000  1.800000  orientation 360.00
drill  0.000000
shape_offset  0.000000  0.000000
$EndPAD
$PAD "2"
Shape Roundrect Layer front
position  1.475000  0.000000  size  1.150000  1.800000  orientation 360.00
drill  0.000000
shape_offset  0.000000  0.000000
$EndPAD
$EndMODULE  C1

$MODULE C2
footprint Capacitor_SMD:C_1206_3216Metric
attribut smd
position 422.748200 212.090000  orientation -90.00
layer front
$PAD "1"
Shape Roundrect Layer front
position -1.475000  0.000000  size  1.150000  1.800000  orientation 360.00
drill  0.000000
shape_offset  0.000000  0.000000
$EndPAD
$PAD "2"
Shape Roundrect Layer front
position  1.475000  0.000000  size  1.150000  1.800000  orientation 360.00
drill  0.000000
shape_offset  0.000000  0.000000
$EndPAD
$EndMODULE  C2

$MODULE C3
footprint Capacitor_SMD:C_1206_3216Metric
attribut smd
position 424.018200 217.170000  orientation 180.00
layer front
$PAD "1"
Shape Roundrect Layer front
position -1.475000  0.000000  size  1.150000  1.800000  orientation 0.00
drill  0.000000
shape_offset  0.000000  0.000000
$EndPAD
$PAD "2"
Shape Roundrect Layer front
position  1.475000  0.000000  size  1.150000  1.800000  orientation 0.00
drill  0.000000
shape_offset  0.000000  0.000000
$EndPAD
$EndMODULE  C3

$MODULE C4
footprint Capacitor_SMD:C_1206_3216Metric
attribut smd
position 425.288200 259.715000  orientation -90.00
layer front
$PAD "1"
Shape Roundrect Layer front
position -1.475000  0.000000  size  1.150000  1.800000  orientation 360.00
drill  0.000000
shape_offset  0.000000  0.000000
$EndPAD
$PAD "2"
Shape Roundrect Layer front
position  1.475000  0.000000  size  1.150000  1.800000  orientation 360.00
drill  0.000000
shape_offset  0.000000  0.000000
$EndPAD
$EndMODULE  C4

$MODULE C5
footprint Capacitor_SMD:C_1206_3216Metric
attribut smd
position 422.748200 259.715000  orientation -90.00
layer front
$PAD "1"
Shape Roundrect Layer front
position -1.475000  0.000000  size  1.150000  1.800000  orientation 360.00
drill  0.000000
shape_offset  0.000000  0.000000
$EndPAD
$PAD "2"
Shape Roundrect Layer front
position  1.475000  0.000000  size  1.150000  1.800000  orientation 360.00
drill  0.000000
shape_offset  0.000000  0.000000
$EndPAD
$EndMODULE  C5

$MODULE C6
footprint Capacitor_SMD:C_1206_3216Metric
attribut smd
position 424.018200 264.795000  orientation 180.00
layer front
$PAD "1"
Shape Roundrect Layer front
position -1.475000  0.000000  size  1.150000  1.800000  orientation 0.00
drill  0.000000
shape_offset  0.000000  0.000000
$EndPAD
$PAD "2"
Shape Roundrect Layer front
position  1.475000  0.000000  size  1.150000  1.800000  orientation 0.00
drill  0.000000
shape_offset  0.000000  0.000000
$EndPAD
$EndMODULE  C6

$MODULE C7
footprint Capacitor_SMD:C_1206_3216Metric
attribut smd
position 425.288200 235.585000  orientation -90.00
layer front
$PAD "1"
Shape Roundrect Layer front
position -1.475000  0.000000  size  1.150000  1.800000  orientation 360.00
drill  0.000000
shape_offset  0.000000  0.000000
$EndPAD
$PAD "2"
Shape Roundrect Layer front
position  1.475000  0.000000  size  1.150000  1.800000  orientation 360.00
drill  0.000000
shape_offset  0.000000  0.000000
$EndPAD
$EndMODULE  C7

$MODULE C8
footprint Capacitor_SMD:C_1206_3216Metric
attribut smd
position 422.748200 235.585000  orientation -90.00
layer front
$PAD "1"
Shape Roundrect Layer front
position -1.475000  0.000000  size  1.150000  1.800000  orientation 360.00
drill  0.000000
shape_offset  0.000000  0.000000
$EndPAD
$PAD "2"
Shape Roundrect Layer front
position  1.475000  0.000000  size  1.150000  1.800000  orientation 360.00
drill  0.000000
shape_offset  0.000000  0.000000
$EndPAD
$EndMODULE  C8

$MODULE C9
footprint Capacitor_SMD:C_1206_3216Metric
attribut smd
position 424.018200 240.665000  orientation 180.00
layer front
$PAD "1"
Shape Roundrect Layer front
position -1.475000  0.000000  size  1.150000  1.800000  orientation 0.00
drill  0.000000
shape_offset  0.000000  0.000000
$EndPAD
$PAD "2"
Shape Roundrect Layer front
position  1.475000  0.000000  size  1.150000  1.800000  orientation 0.00
drill  0.000000
shape_offset  0.000000  0.000000
$EndPAD
$EndMODULE  C9

$MODULE C10
footprint Capacitor_SMD:C_1206_3216Metric
attribut smd
position 425.288200 283.845000  orientation -90.00
layer front
$PAD "1"
Shape Roundrect Layer front
position -1.475000  0.000000  size  1.150000  1.800000  orientation 360.00
drill  0.000000
shape_offset  0.000000  0.000000
$EndPAD
$PAD "2"
Shape Roundrect Layer front
position  1.475000  0.000000  size  1.150000  1.800000  orientation 360.00
drill  0.000000
shape_offset  0.000000  0.000000
$EndPAD
$EndMODULE  C10

$MODULE C11
footprint Capacitor_SMD:C_1206_3216Metric
attribut smd
position 422.748200 283.845000  orientation -90.00
layer front
$PAD "1"
Shape Roundrect Layer front
position -1.475000  0.000000  size  1.150000  1.800000  orientation 360.00
drill  0.000000
shape_offset  0.000000  0.000000
$EndPAD
$PAD "2"
Shape Roundrect Layer front
position  1.475000  0.000000  size  1.150000  1.800000  orientation 360.00
drill  0.000000
shape_offset  0.000000  0.000000
$EndPAD
$EndMODULE  C11

$MODULE C12
footprint Capacitor_SMD:C_1206_3216Metric
attribut smd
position 424.018200 288.925000  orientation 180.00
layer front
$PAD "1"
Shape Roundrect Layer front
position -1.475000  0.000000  size  1.150000  1.800000  orientation 0.00
drill  0.000000
shape_offset  0.000000  0.000000
$EndPAD
$PAD "2"
Shape Roundrect Layer front
position  1.475000  0.000000  size  1.150000  1.800000  orientation 0.00
drill  0.000000
shape_offset  0.000000  0.000000
$EndPAD
$EndMODULE  C12

$MODULE C13
footprint Capacitor_SMD:C_1206_3216Metric
attribut smd
position 122.998200 169.709000  orientation -90.00
layer front
$PAD "1"
Shape Roundrect Layer front
position -1.475000  0.000000  size  1.150000  1.800000  orientation 360.00
drill  0.000000
shape_offset  0.000000  0.000000
$EndPAD
$PAD "2"
Shape Roundrect Layer front
position  1.475000  0.000000  size  1.150000  1.800000  orientation 360.00
drill  0.000000
shape_offset  0.000000  0.000000
$EndPAD
$EndMODULE  C13

$MODULE C14
footprint Capacitor_SMD:C_1206_3216Metric
attribut smd
position 96.198200 327.359000  orientation 180.00
layer front
$PAD "1"
Shape Roundrect Layer front
position -1.475000  0.000000  size  1.150000  1.800000  orientation 0.00
drill  0.000000
shape_offset  0.000000  0.000000
$EndPAD
$PAD "2"
Shape Roundrect Layer front
position  1.475000  0.000000  size  1.150000  1.800000  orientation 0.00
drill  0.000000
shape_offset  0.000000  0.000000
$EndPAD
$EndMODULE  C14

$MODULE C15
footprint Capacitor_SMD:C_1206_3216Metric
attribut smd
position 105.998200 155.209000  orientation 90.00
layer front
$PAD "1"
Shape Roundrect Layer front
position -1.475000  0.000000  size  1.150000  1.800000  orientation 0.00
drill  0.000000
shape_offset  0.000000  0.000000
$EndPAD
$PAD "2"
Shape Roundrect Layer front
position  1.475000  0.000000  size  1.150000  1.800000  orientation 0.00
drill  0.000000
shape_offset  0.000000  0.000000
$EndPAD
$EndMODULE  C15

$MODULE C16
footprint Smart_Tank:CAP_EEEHD1C100AR
attribut smd
position 104.105700 250.959000  orientation 0.00
layer front
$PAD "1"
Shape Rect Layer front
position -1.750000  0.000000  size  2.500000  1.600000  orientation 0.00
drill  0.000000
shape_offset  0.000000  0.000000
$EndPAD
$PAD "2"
Shape Rect Layer front
position  1.750000  0.000000  size  2.500000  1.600000  orientation 0.00
drill  0.000000
shape_offset  0.000000  0.000000
$EndPAD
$EndMODULE  C16

$MODULE C17
footprint Capacitor_SMD:C_1206_3216Metric
attribut smd
position 424.708200 312.249000  orientation 0.00
layer front
$PAD "1"
Shape Roundrect Layer front
position -1.475000  0.000000  size  1.150000  1.800000  orientation 0.00
drill  0.000000
shape_offset  0.000000  0.000000
$EndPAD
$PAD "2"
Shape Roundrect Layer front
position  1.475000  0.000000  size  1.150000  1.800000  orientation 0.00
drill  0.000000
shape_offset  0.000000  0.000000
$EndPAD
$EndMODULE  C17

$MODULE C20
footprint Capacitor_SMD:C_1206_3216Metric
attribut smd
position 122.998200 175.209000  orientation -90.00
layer front
$PAD "1"
Shape Roundrect Layer front
position -1.475000  0.000000  size  1.150000  1.800000  orientation 360.00
drill  0.000000
shape_offset  0.000000  0.000000
$EndPAD
$PAD "2"
Shape Roundrect Layer front
position  1.475000  0.000000  size  1.150000  1.800000  orientation 360.00
drill  0.000000
shape_offset  0.000000  0.000000
$EndPAD
$EndMODULE  C20

$MODULE C21
footprint Capacitor_SMD:C_1206_3216Metric
attribut smd
position 105.998200 149.709000  orientation 90.00
layer front
$PAD "1"
Shape Roundrect Layer front
position -1.475000  0.000000  size  1.150000  1.800000  orientation 0.00
drill  0.000000
shape_offset  0.000000  0.000000
$EndPAD
$PAD "2"
Shape Roundrect Layer front
position  1.475000  0.000000  size  1.150000  1.800000  orientation 0.00
drill  0.000000
shape_offset  0.000000  0.000000
$EndPAD
$EndMODULE  C21

$MODULE C23
footprint Capacitor_SMD:C_1206_3216Metric
attribut smd
position 172.223200 313.309000  orientation 0.00
layer front
$PAD "1"
Shape Roundrect Layer front
position -1.475000  0.000000  size  1.150000  1.800000  orientation 0.00
drill  0.000000
shape_offset  0.000000  0.000000
$EndPAD
$PAD "2"
Shape Roundrect Layer front
position  1.475000  0.000000  size  1.150000  1.800000  orientation 0.00
drill  0.000000
shape_offset  0.000000  0.000000
$EndPAD
$EndMODULE  C23

$MODULE C24
footprint Capacitor_SMD:C_1206_3216Metric
attribut smd
position 241.673200 312.184000  orientation 0.00
layer front
$PAD "1"
Shape Roundrect Layer front
position -1.475000  0.000000  size  1.150000  1.800000  orientation 0.00
drill  0.000000
shape_offset  0.000000  0.000000
$EndPAD
$PAD "2"
Shape Roundrect Layer front
position  1.475000  0.000000  size  1.150000  1.800000  orientation 0.00
drill  0.000000
shape_offset  0.000000  0.000000
$EndPAD
$EndMODULE  C24

$MODULE C25
footprint Capacitor_SMD:C_1206_3216Metric
attribut smd
position 302.698200 312.259000  orientation 0.00
layer front
$PAD "1"
Shape Roundrect Layer front
position -1.475000  0.000000  size  1.150000  1.800000  orientation 0.00
drill  0.000000
shape_offset  0.000000  0.000000
$EndPAD
$PAD "2"
Shape Roundrect Layer front
position  1.475000  0.000000  size  1.150000  1.800000  orientation 0.00
drill  0.000000
shape_offset  0.000000  0.000000
$EndPAD
$EndMODULE  C25

$MODULE C26
footprint Capacitor_SMD:C_1206_3216Metric
attribut smd
position 363.898200 312.284000  orientation 0.00
layer front
$PAD "1"
Shape Roundrect Layer front
position -1.475000  0.000000  size  1.150000  1.800000  orientation 0.00
drill  0.000000
shape_offset  0.000000  0.000000
$EndPAD
$PAD "2"
Shape Roundrect Layer front
position  1.475000  0.000000  size  1.150000  1.800000  orientation 0.00
drill  0.000000
shape_offset  0.000000  0.000000
$EndPAD
$EndMODULE  C26

$MODULE C27
footprint Capacitor_SMD:C_1206_3216Metric
attribut smd
position 183.998200 169.709000  orientation -90.00
layer front
$PAD "1"
Shape Roundrect Layer front
position -1.475000  0.000000  size  1.150000  1.800000  orientation 360.00
drill  0.000000
shape_offset  0.000000  0.000000
$EndPAD
$PAD "2"
Shape Roundrect Layer front
position  1.475000  0.000000  size  1.150000  1.800000  orientation 360.00
drill  0.000000
shape_offset  0.000000  0.000000
$EndPAD
$EndMODULE  C27

$MODULE C28
footprint Capacitor_SMD:C_1206_3216Metric
attribut smd
position 166.998200 155.209000  orientation 90.00
layer front
$PAD "1"
Shape Roundrect Layer front
position -1.475000  0.000000  size  1.150000  1.800000  orientation 0.00
drill  0.000000
shape_offset  0.000000  0.000000
$EndPAD
$PAD "2"
Shape Roundrect Layer front
position  1.475000  0.000000  size  1.150000  1.800000  orientation 0.00
drill  0.000000
shape_offset  0.000000  0.000000
$EndPAD
$EndMODULE  C28

$MODULE C29
footprint Capacitor_SMD:C_1206_3216Metric
attribut smd
position 183.998200 175.209000  orientation -90.00
layer front
$PAD "1"
Shape Roundrect Layer front
position -1.475000  0.000000  size  1.150000  1.800000  orientation 360.00
drill  0.000000
shape_offset  0.000000  0.000000
$EndPAD
$PAD "2"
Shape Roundrect Layer front
position  1.475000  0.000000  size  1.150000  1.800000  orientation 360.00
drill  0.000000
shape_offset  0.000000  0.000000
$EndPAD
$EndMODULE  C29

$MODULE C30
footprint Capacitor_SMD:C_1206_3216Metric
attribut smd
position 166.998200 149.709000  orientation 90.00
layer front
$PAD "1"
Shape Roundrect Layer front
position -1.475000  0.000000  size  1.150000  1.800000  orientation 0.00
drill  0.000000
shape_offset  0.000000  0.000000
$EndPAD
$PAD "2"
Shape Roundrect Layer front
position  1.475000  0.000000  size  1.150000  1.800000  orientation 0.00
drill  0.000000
shape_offset  0.000000  0.000000
$EndPAD
$EndMODULE  C30

$MODULE C31
footprint Capacitor_SMD:C_1206_3216Metric
attribut smd
position 244.998200 169.709000  orientation -90.00
layer front
$PAD "1"
Shape Roundrect Layer front
position -1.475000  0.000000  size  1.150000  1.800000  orientation 360.00
drill  0.000000
shape_offset  0.000000  0.000000
$EndPAD
$PAD "2"
Shape Roundrect Layer front
position  1.475000  0.000000  size  1.150000  1.800000  orientation 360.00
drill  0.000000
shape_offset  0.000000  0.000000
$EndPAD
$EndMODULE  C31

$MODULE C32
footprint Capacitor_SMD:C_1206_3216Metric
attribut smd
position 227.998200 155.209000  orientation 90.00
layer front
$PAD "1"
Shape Roundrect Layer front
position -1.475000  0.000000  size  1.150000  1.800000  orientation 0.00
drill  0.000000
shape_offset  0.000000  0.000000
$EndPAD
$PAD "2"
Shape Roundrect Layer front
position  1.475000  0.000000  size  1.150000  1.800000  orientation 0.00
drill  0.000000
shape_offset  0.000000  0.000000
$EndPAD
$EndMODULE  C32

$MODULE C33
footprint Capacitor_SMD:C_1206_3216Metric
attribut smd
position 244.998200 175.209000  orientation -90.00
layer front
$PAD "1"
Shape Roundrect Layer front
position -1.475000  0.000000  size  1.150000  1.800000  orientation 360.00
drill  0.000000
shape_offset  0.000000  0.000000
$EndPAD
$PAD "2"
Shape Roundrect Layer front
position  1.475000  0.000000  size  1.150000  1.800000  orientation 360.00
drill  0.000000
shape_offset  0.000000  0.000000
$EndPAD
$EndMODULE  C33

$MODULE C34
footprint Capacitor_SMD:C_1206_3216Metric
attribut smd
position 227.998200 149.709000  orientation 90.00
layer front
$PAD "1"
Shape Roundrect Layer front
position -1.475000  0.000000  size  1.150000  1.800000  orientation 0.00
drill  0.000000
shape_offset  0.000000  0.000000
$EndPAD
$PAD "2"
Shape Roundrect Layer front
position  1.475000  0.000000  size  1.150000  1.800000  orientation 0.00
drill  0.000000
shape_offset  0.000000  0.000000
$EndPAD
$EndMODULE  C34

$MODULE C35
footprint Capacitor_SMD:C_1206_3216Metric
attribut smd
position 305.998200 169.709000  orientation -90.00
layer front
$PAD "1"
Shape Roundrect Layer front
position -1.475000  0.000000  size  1.150000  1.800000  orientation 360.00
drill  0.000000
shape_offset  0.000000  0.000000
$EndPAD
$PAD "2"
Shape Roundrect Layer front
position  1.475000  0.000000  size  1.150000  1.800000  orientation 360.00
drill  0.000000
shape_offset  0.000000  0.000000
$EndPAD
$EndMODULE  C35

$MODULE C36
footprint Capacitor_SMD:C_1206_3216Metric
attribut smd
position 288.998200 155.209000  orientation 90.00
layer front
$PAD "1"
Shape Roundrect Layer front
position -1.475000  0.000000  size  1.150000  1.800000  orientation 0.00
drill  0.000000
shape_offset  0.000000  0.000000
$EndPAD
$PAD "2"
Shape Roundrect Layer front
position  1.475000  0.000000  size  1.150000  1.800000  orientation 0.00
drill  0.000000
shape_offset  0.000000  0.000000
$EndPAD
$EndMODULE  C36

$MODULE C37
footprint Capacitor_SMD:C_1206_3216Metric
attribut smd
position 305.998200 175.209000  orientation -90.00
layer front
$PAD "1"
Shape Roundrect Layer front
position -1.475000  0.000000  size  1.150000  1.800000  orientation 360.00
drill  0.000000
shape_offset  0.000000  0.000000
$EndPAD
$PAD "2"
Shape Roundrect Layer front
position  1.475000  0.000000  size  1.150000  1.800000  orientation 360.00
drill  0.000000
shape_offset  0.000000  0.000000
$EndPAD
$EndMODULE  C37

$MODULE C38
footprint Capacitor_SMD:C_1206_3216Metric
attribut smd
position 288.998200 149.709000  orientation 90.00
layer front
$PAD "1"
Shape Roundrect Layer front
position -1.475000  0.000000  size  1.150000  1.800000  orientation 0.00
drill  0.000000
shape_offset  0.000000  0.000000
$EndPAD
$PAD "2"
Shape Roundrect Layer front
position  1.475000  0.000000  size  1.150000  1.800000  orientation 0.00
drill  0.000000
shape_offset  0.000000  0.000000
$EndPAD
$EndMODULE  C38

$MODULE C39
footprint Capacitor_SMD:C_1206_3216Metric
attribut smd
position 366.998200 169.709000  orientation -90.00
layer front
$PAD "1"
Shape Roundrect Layer front
position -1.475000  0.000000  size  1.150000  1.800000  orientation 360.00
drill  0.000000
shape_offset  0.000000  0.000000
$EndPAD
$PAD "2"
Shape Roundrect Layer front
position  1.475000  0.000000  size  1.150000  1.800000  orientation 360.00
drill  0.000000
shape_offset  0.000000  0.000000
$EndPAD
$EndMODULE  C39

$MODULE C40
footprint Capacitor_SMD:C_1206_3216Metric
attribut smd
position 349.998200 155.209000  orientation 90.00
layer front
$PAD "1"
Shape Roundrect Layer front
position -1.475000  0.000000  size  1.150000  1.800000  orientation 0.00
drill  0.000000
shape_offset  0.000000  0.000000
$EndPAD
$PAD "2"
Shape Roundrect Layer front
position  1.475000  0.000000  size  1.150000  1.800000  orientation 0.00
drill  0.000000
shape_offset  0.000000  0.000000
$EndPAD
$EndMODULE  C40

$MODULE C41
footprint Capacitor_SMD:C_1206_3216Metric
attribut smd
position 366.998200 175.209000  orientation -90.00
layer front
$PAD "1"
Shape Roundrect Layer front
position -1.475000  0.000000  size  1.150000  1.800000  orientation 360.00
drill  0.000000
shape_offset  0.000000  0.000000
$EndPAD
$PAD "2"
Shape Roundrect Layer front
position  1.475000  0.000000  size  1.150000  1.800000  orientation 360.00
drill  0.000000
shape_offset  0.000000  0.000000
$EndPAD
$EndMODULE  C41

$MODULE C42
footprint Capacitor_SMD:C_1206_3216Metric
attribut smd
position 349.998200 149.709000  orientation 90.00
layer front
$PAD "1"
Shape Roundrect Layer front
position -1.475000  0.000000  size  1.150000  1.800000  orientation 0.00
drill  0.000000
shape_offset  0.000000  0.000000
$EndPAD
$PAD "2"
Shape Roundrect Layer front
position  1.475000  0.000000  size  1.150000  1.800000  orientation 0.00
drill  0.000000
shape_offset  0.000000  0.000000
$EndPAD
$EndMODULE  C42

$MODULE C43
footprint Capacitor_SMD:C_1206_3216Metric
attribut smd
position 427.998200 169.709000  orientation -90.00
layer front
$PAD "1"
Shape Roundrect Layer front
position -1.475000  0.000000  size  1.150000  1.800000  orientation 360.00
drill  0.000000
shape_offset  0.000000  0.000000
$EndPAD
$PAD "2"
Shape Roundrect Layer front
position  1.475000  0.000000  size  1.150000  1.800000  orientation 360.00
drill  0.000000
shape_offset  0.000000  0.000000
$EndPAD
$EndMODULE  C43

$MODULE C44
footprint Capacitor_SMD:C_1206_3216Metric
attribut smd
position 410.998200 155.209000  orientation 90.00
layer front
$PAD "1"
Shape Roundrect Layer front
position -1.475000  0.000000  size  1.150000  1.800000  orientation 0.00
drill  0.000000
shape_offset  0.000000  0.000000
$EndPAD
$PAD "2"
Shape Roundrect Layer front
position  1.475000  0.000000  size  1.150000  1.800000  orientation 0.00
drill  0.000000
shape_offset  0.000000  0.000000
$EndPAD
$EndMODULE  C44

$MODULE C45
footprint Capacitor_SMD:C_1206_3216Metric
attribut smd
position 427.998200 175.209000  orientation -90.00
layer front
$PAD "1"
Shape Roundrect Layer front
position -1.475000  0.000000  size  1.150000  1.800000  orientation 360.00
drill  0.000000
shape_offset  0.000000  0.000000
$EndPAD
$PAD "2"
Shape Roundrect Layer front
position  1.475000  0.000000  size  1.150000  1.800000  orientation 360.00
drill  0.000000
shape_offset  0.000000  0.000000
$EndPAD
$EndMODULE  C45

$MODULE C46
footprint Capacitor_SMD:C_1206_3216Metric
attribut smd
position 410.998200 149.709000  orientation 90.00
layer front
$PAD "1"
Shape Roundrect Layer front
position -1.475000  0.000000  size  1.150000  1.800000  orientation 0.00
drill  0.000000
shape_offset  0.000000  0.000000
$EndPAD
$PAD "2"
Shape Roundrect Layer front
position  1.475000  0.000000  size  1.150000  1.800000  orientation 0.00
drill  0.000000
shape_offset  0.000000  0.000000
$EndPAD
$EndMODULE  C46

$MODULE CAL2
footprint Smart_Tank:FEMALE_SPADE_QC_(TE_63969-1)
attribut none
position 104.018200 177.959000  orientation 90.00
layer front
$PAD "1"
Shape Circle Layer both
position -2.540000  0.000000  size  2.175000  2.175000  orientation 0.00
drill  1.450000
shape_offset  0.000000  0.000000
$EndPAD
$PAD "1"
Shape Circle Layer both
position  2.540000  0.000000  size  2.175000  2.175000  orientation 0.00
drill  1.450000
shape_offset  0.000000  0.000000
$EndPAD
$EndMODULE  CAL2

$MODULE CAL3
footprint Smart_Tank:FEMALE_SPADE_QC_(TE_63969-1)
attribut none
position 155.498200 135.209000  orientation -90.00
layer front
$PAD "1"
Shape Circle Layer both
position -2.540000  0.000000  size  2.175000  2.175000  orientation 360.00
drill  1.450000
shape_offset  0.000000  0.000000
$EndPAD
$PAD "1"
Shape Circle Layer both
position  2.540000  0.000000  size  2.175000  2.175000  orientation 360.00
drill  1.450000
shape_offset  0.000000  0.000000
$EndPAD
$EndMODULE  CAL3

$MODULE CAL4
footprint Smart_Tank:FEMALE_SPADE_QC_(TE_63969-1)
attribut none
position 155.498200 148.459000  orientation -90.00
layer front
$PAD "1"
Shape Circle Layer both
position -2.540000  0.000000  size  2.175000  2.175000  orientation 360.00
drill  1.450000
shape_offset  0.000000  0.000000
$EndPAD
$PAD "1"
Shape Circle Layer both
position  2.540000  0.000000  size  2.175000  2.175000  orientation 360.00
drill  1.450000
shape_offset  0.000000  0.000000
$EndPAD
$EndMODULE  CAL4

$MODULE CAL5
footprint Smart_Tank:FEMALE_SPADE_QC_(TE_63969-1)
attribut none
position 215.498200 135.209000  orientation 90.00
layer front
$PAD "1"
Shape Circle Layer both
position -2.540000  0.000000  size  2.175000  2.175000  orientation 0.00
drill  1.450000
shape_offset  0.000000  0.000000
$EndPAD
$PAD "1"
Shape Circle Layer both
position  2.540000  0.000000  size  2.175000  2.175000  orientation 0.00
drill  1.450000
shape_offset  0.000000  0.000000
$EndPAD
$EndMODULE  CAL5

$MODULE CAL6
footprint Smart_Tank:FEMALE_SPADE_QC_(TE_63969-1)
attribut none
position 215.498200 148.459000  orientation 90.00
layer front
$PAD "1"
Shape Circle Layer both
position -2.540000  0.000000  size  2.175000  2.175000  orientation 0.00
drill  1.450000
shape_offset  0.000000  0.000000
$EndPAD
$PAD "1"
Shape Circle Layer both
position  2.540000  0.000000  size  2.175000  2.175000  orientation 0.00
drill  1.450000
shape_offset  0.000000  0.000000
$EndPAD
$EndMODULE  CAL6

$MODULE CAL7
footprint Smart_Tank:FEMALE_SPADE_QC_(TE_63969-1)
attribut none
position 276.498200 135.209000  orientation 90.00
layer front
$PAD "1"
Shape Circle Layer both
position -2.540000  0.000000  size  2.175000  2.175000  orientation 0.00
drill  1.450000
shape_offset  0.000000  0.000000
$EndPAD
$PAD "1"
Shape Circle Layer both
position  2.540000  0.000000  size  2.175000  2.175000  orientation 0.00
drill  1.450000
shape_offset  0.000000  0.000000
$EndPAD
$EndMODULE  CAL7

$MODULE CAL8
footprint Smart_Tank:FEMALE_SPADE_QC_(TE_63969-1)
attribut none
position 276.498200 148.459000  orientation 90.00
layer front
$PAD "1"
Shape Circle Layer both
position -2.540000  0.000000  size  2.175000  2.175000  orientation 0.00
drill  1.450000
shape_offset  0.000000  0.000000
$EndPAD
$PAD "1"
Shape Circle Layer both
position  2.540000  0.000000  size  2.175000  2.175000  orientation 0.00
drill  1.450000
shape_offset  0.000000  0.000000
$EndPAD
$EndMODULE  CAL8

$MODULE CAL9
footprint Smart_Tank:FEMALE_SPADE_QC_(TE_63969-1)
attribut none
position 337.498200 135.209000  orientation 90.00
layer front
$PAD "1"
Shape Circle Layer both
position -2.540000  0.000000  size  2.175000  2.175000  orientation 0.00
drill  1.450000
shape_offset  0.000000  0.000000
$EndPAD
$PAD "1"
Shape Circle Layer both
position  2.540000  0.000000  size  2.175000  2.175000  orientation 0.00
drill  1.450000
shape_offset  0.000000  0.000000
$EndPAD
$EndMODULE  CAL9

$MODULE CAL10
footprint Smart_Tank:FEMALE_SPADE_QC_(TE_63969-1)
attribut none
position 337.498200 148.459000  orientation 90.00
layer front
$PAD "1"
Shape Circle Layer both
position -2.540000  0.000000  size  2.175000  2.175000  orientation 0.00
drill  1.450000
shape_offset  0.000000  0.000000
$EndPAD
$PAD "1"
Shape Circle Layer both
position  2.540000  0.000000  size  2.175000  2.175000  orientation 0.00
drill  1.450000
shape_offset  0.000000  0.000000
$EndPAD
$EndMODULE  CAL10

$MODULE CAL11
footprint Smart_Tank:FEMALE_SPADE_QC_(TE_63969-1)
attribut none
position 398.998200 135.209000  orientation 90.00
layer front
$PAD "1"
Shape Circle Layer both
position -2.540000  0.000000  size  2.175000  2.175000  orientation 0.00
drill  1.450000
shape_offset  0.000000  0.000000
$EndPAD
$PAD "1"
Shape Circle Layer both
position  2.540000  0.000000  size  2.175000  2.175000  orientation 0.00
drill  1.450000
shape_offset  0.000000  0.000000
$EndPAD
$EndMODULE  CAL11

$MODULE CAL12
footprint Smart_Tank:FEMALE_SPADE_QC_(TE_63969-1)
attribut none
position 398.998200 148.459000  orientation 90.00
layer front
$PAD "1"
Shape Circle Layer both
position -2.540000  0.000000  size  2.175000  2.175000  orientation 0.00
drill  1.450000
shape_offset  0.000000  0.000000
$EndPAD
$PAD "1"
Shape Circle Layer both
position  2.540000  0.000000  size  2.175000  2.175000  orientation 0.00
drill  1.450000
shape_offset  0.000000  0.000000
$EndPAD
$EndMODULE  CAL12

$MODULE CAN_CONN1
footprint Connect:IDC_Header_Straight_10pins
attribut none
position 241.138200 213.360000  orientation 90.00
layer front
$PAD "1"
Shape Rect Layer both
position  0.000000  0.000000  size  1.727200  1.727200  orientation 0.00
drill  1.016000
shape_offset  0.000000  0.000000
$EndPAD
$PAD "2"
Shape Oval Layer both
position  0.000000 -2.540000  size  1.727200  1.727200  orientation 0.00
drill  1.016000
shape_offset  0.000000  0.000000
$EndPAD
$PAD "3"
Shape Oval Layer both
position  2.540000  0.000000  size  1.727200  1.727200  orientation 0.00
drill  1.016000
shape_offset  0.000000  0.000000
$EndPAD
$PAD "4"
Shape Oval Layer both
position  2.540000 -2.540000  size  1.727200  1.727200  orientation 0.00
drill  1.016000
shape_offset  0.000000  0.000000
$EndPAD
$PAD "5"
Shape Oval Layer both
position  5.080000  0.000000  size  1.727200  1.727200  orientation 0.00
drill  1.016000
shape_offset  0.000000  0.000000
$EndPAD
$PAD "6"
Shape Oval Layer both
position  5.080000 -2.540000  size  1.727200  1.727200  orientation 0.00
drill  1.016000
shape_offset  0.000000  0.000000
$EndPAD
$PAD "7"
Shape Oval Layer both
position  7.620000  0.000000  size  1.727200  1.727200  orientation 0.00
drill  1.016000
shape_offset  0.000000  0.000000
$EndPAD
$PAD "8"
Shape Oval Layer both
position  7.620000 -2.540000  size  1.727200  1.727200  orientation 0.00
drill  1.016000
shape_offset  0.000000  0.000000
$EndPAD
$PAD "9"
Shape Oval Layer both
position 10.160000  0.000000  size  1.727200  1.727200  orientation 0.00
drill  1.016000
shape_offset  0.000000  0.000000
$EndPAD
$PAD "10"
Shape Oval Layer both
position 10.160000 -2.540000  size  1.727200  1.727200  orientation 0.00
drill  1.016000
shape_offset  0.000000  0.000000
$EndPAD
$EndMODULE  CAN_CONN1

$MODULE CTRL_AMPS_1
footprint Package_SO:SOIC-8_3.9x4.9mm_P1.27mm
attribut smd
position 114.498200 155.709000  orientation 180.00
layer front
$PAD "1"
Shape Roundrect Layer front
position -2.475000 -1.905000  size  1.950000  0.600000  orientation 0.00
drill  0.000000
shape_offset  0.000000  0.000000
$EndPAD
$PAD "2"
Shape Roundrect Layer front
position -2.475000 -0.635000  size  1.950000  0.600000  orientation 0.00
drill  0.000000
shape_offset  0.000000  0.000000
$EndPAD
$PAD "3"
Shape Roundrect Layer front
position -2.475000  0.635000  size  1.950000  0.600000  orientation 0.00
drill  0.000000
shape_offset  0.000000  0.000000
$EndPAD
$PAD "4"
Shape Roundrect Layer front
position -2.475000  1.905000  size  1.950000  0.600000  orientation 0.00
drill  0.000000
shape_offset  0.000000  0.000000
$EndPAD
$PAD "5"
Shape Roundrect Layer front
position  2.475000  1.905000  size  1.950000  0.600000  orientation 0.00
drill  0.000000
shape_offset  0.000000  0.000000
$EndPAD
$PAD "6"
Shape Roundrect Layer front
position  2.475000  0.635000  size  1.950000  0.600000  orientation 0.00
drill  0.000000
shape_offset  0.000000  0.000000
$EndPAD
$PAD "7"
Shape Roundrect Layer front
position  2.475000 -0.635000  size  1.950000  0.600000  orientation 0.00
drill  0.000000
shape_offset  0.000000  0.000000
$EndPAD
$PAD "8"
Shape Roundrect Layer front
position  2.475000 -1.905000  size  1.950000  0.600000  orientation 0.00
drill  0.000000
shape_offset  0.000000  0.000000
$EndPAD
$EndMODULE  CTRL_AMPS_1

$MODULE CTRL_AMPS_2
footprint Package_SO:SOIC-8_3.9x4.9mm_P1.27mm
attribut smd
position 175.498200 155.709000  orientation 180.00
layer front
$PAD "1"
Shape Roundrect Layer front
position -2.475000 -1.905000  size  1.950000  0.600000  orientation 0.00
drill  0.000000
shape_offset  0.000000  0.000000
$EndPAD
$PAD "2"
Shape Roundrect Layer front
position -2.475000 -0.635000  size  1.950000  0.600000  orientation 0.00
drill  0.000000
shape_offset  0.000000  0.000000
$EndPAD
$PAD "3"
Shape Roundrect Layer front
position -2.475000  0.635000  size  1.950000  0.600000  orientation 0.00
drill  0.000000
shape_offset  0.000000  0.000000
$EndPAD
$PAD "4"
Shape Roundrect Layer front
position -2.475000  1.905000  size  1.950000  0.600000  orientation 0.00
drill  0.000000
shape_offset  0.000000  0.000000
$EndPAD
$PAD "5"
Shape Roundrect Layer front
position  2.475000  1.905000  size  1.950000  0.600000  orientation 0.00
drill  0.000000
shape_offset  0.000000  0.000000
$EndPAD
$PAD "6"
Shape Roundrect Layer front
position  2.475000  0.635000  size  1.950000  0.600000  orientation 0.00
drill  0.000000
shape_offset  0.000000  0.000000
$EndPAD
$PAD "7"
Shape Roundrect Layer front
position  2.475000 -0.635000  size  1.950000  0.600000  orientation 0.00
drill  0.000000
shape_offset  0.000000  0.000000
$EndPAD
$PAD "8"
Shape Roundrect Layer front
position  2.475000 -1.905000  size  1.950000  0.600000  orientation 0.00
drill  0.000000
shape_offset  0.000000  0.000000
$EndPAD
$EndMODULE  CTRL_AMPS_2

$MODULE CTRL_AMPS_3
footprint Package_SO:SOIC-8_3.9x4.9mm_P1.27mm
attribut smd
position 236.498200 155.709000  orientation 180.00
layer front
$PAD "1"
Shape Roundrect Layer front
position -2.475000 -1.905000  size  1.950000  0.600000  orientation 0.00
drill  0.000000
shape_offset  0.000000  0.000000
$EndPAD
$PAD "2"
Shape Roundrect Layer front
position -2.475000 -0.635000  size  1.950000  0.600000  orientation 0.00
drill  0.000000
shape_offset  0.000000  0.000000
$EndPAD
$PAD "3"
Shape Roundrect Layer front
position -2.475000  0.635000  size  1.950000  0.600000  orientation 0.00
drill  0.000000
shape_offset  0.000000  0.000000
$EndPAD
$PAD "4"
Shape Roundrect Layer front
position -2.475000  1.905000  size  1.950000  0.600000  orientation 0.00
drill  0.000000
shape_offset  0.000000  0.000000
$EndPAD
$PAD "5"
Shape Roundrect Layer front
position  2.475000  1.905000  size  1.950000  0.600000  orientation 0.00
drill  0.000000
shape_offset  0.000000  0.000000
$EndPAD
$PAD "6"
Shape Roundrect Layer front
position  2.475000  0.635000  size  1.950000  0.600000  orientation 0.00
drill  0.000000
shape_offset  0.000000  0.000000
$EndPAD
$PAD "7"
Shape Roundrect Layer front
position  2.475000 -0.635000  size  1.950000  0.600000  orientation 0.00
drill  0.000000
shape_offset  0.000000  0.000000
$EndPAD
$PAD "8"
Shape Roundrect Layer front
position  2.475000 -1.905000  size  1.950000  0.600000  orientation 0.00
drill  0.000000
shape_offset  0.000000  0.000000
$EndPAD
$EndMODULE  CTRL_AMPS_3

$MODULE CTRL_AMPS_4
footprint Package_SO:SOIC-8_3.9x4.9mm_P1.27mm
attribut smd
position 297.498200 155.709000  orientation 180.00
layer front
$PAD "1"
Shape Roundrect Layer front
position -2.475000 -1.905000  size  1.950000  0.600000  orientation 0.00
drill  0.000000
shape_offset  0.000000  0.000000
$EndPAD
$PAD "2"
Shape Roundrect Layer front
position -2.475000 -0.635000  size  1.950000  0.600000  orientation 0.00
drill  0.000000
shape_offset  0.000000  0.000000
$EndPAD
$PAD "3"
Shape Roundrect Layer front
position -2.475000  0.635000  size  1.950000  0.600000  orientation 0.00
drill  0.000000
shape_offset  0.000000  0.000000
$EndPAD
$PAD "4"
Shape Roundrect Layer front
position -2.475000  1.905000  size  1.950000  0.600000  orientation 0.00
drill  0.000000
shape_offset  0.000000  0.000000
$EndPAD
$PAD "5"
Shape Roundrect Layer front
position  2.475000  1.905000  size  1.950000  0.600000  orientation 0.00
drill  0.000000
shape_offset  0.000000  0.000000
$EndPAD
$PAD "6"
Shape Roundrect Layer front
position  2.475000  0.635000  size  1.950000  0.600000  orientation 0.00
drill  0.000000
shape_offset  0.000000  0.000000
$EndPAD
$PAD "7"
Shape Roundrect Layer front
position  2.475000 -0.635000  size  1.950000  0.600000  orientation 0.00
drill  0.000000
shape_offset  0.000000  0.000000
$EndPAD
$PAD "8"
Shape Roundrect Layer front
position  2.475000 -1.905000  size  1.950000  0.600000  orientation 0.00
drill  0.000000
shape_offset  0.000000  0.000000
$EndPAD
$EndMODULE  CTRL_AMPS_4

$MODULE CTRL_AMPS_5
footprint Package_SO:SOIC-8_3.9x4.9mm_P1.27mm
attribut smd
position 358.498200 155.709000  orientation 180.00
layer front
$PAD "1"
Shape Roundrect Layer front
position -2.475000 -1.905000  size  1.950000  0.600000  orientation 0.00
drill  0.000000
shape_offset  0.000000  0.000000
$EndPAD
$PAD "2"
Shape Roundrect Layer front
position -2.475000 -0.635000  size  1.950000  0.600000  orientation 0.00
drill  0.000000
shape_offset  0.000000  0.000000
$EndPAD
$PAD "3"
Shape Roundrect Layer front
position -2.475000  0.635000  size  1.950000  0.600000  orientation 0.00
drill  0.000000
shape_offset  0.000000  0.000000
$EndPAD
$PAD "4"
Shape Roundrect Layer front
position -2.475000  1.905000  size  1.950000  0.600000  orientation 0.00
drill  0.000000
shape_offset  0.000000  0.000000
$EndPAD
$PAD "5"
Shape Roundrect Layer front
position  2.475000  1.905000  size  1.950000  0.600000  orientation 0.00
drill  0.000000
shape_offset  0.000000  0.000000
$EndPAD
$PAD "6"
Shape Roundrect Layer front
position  2.475000  0.635000  size  1.950000  0.600000  orientation 0.00
drill  0.000000
shape_offset  0.000000  0.000000
$EndPAD
$PAD "7"
Shape Roundrect Layer front
position  2.475000 -0.635000  size  1.950000  0.600000  orientation 0.00
drill  0.000000
shape_offset  0.000000  0.000000
$EndPAD
$PAD "8"
Shape Roundrect Layer front
position  2.475000 -1.905000  size  1.950000  0.600000  orientation 0.00
drill  0.000000
shape_offset  0.000000  0.000000
$EndPAD
$EndMODULE  CTRL_AMPS_5

$MODULE CTRL_AMPS_6
footprint Package_SO:SOIC-8_3.9x4.9mm_P1.27mm
attribut smd
position 419.498200 155.709000  orientation 180.00
layer front
$PAD "1"
Shape Roundrect Layer front
position -2.475000 -1.905000  size  1.950000  0.600000  orientation 0.00
drill  0.000000
shape_offset  0.000000  0.000000
$EndPAD
$PAD "2"
Shape Roundrect Layer front
position -2.475000 -0.635000  size  1.950000  0.600000  orientation 0.00
drill  0.000000
shape_offset  0.000000  0.000000
$EndPAD
$PAD "3"
Shape Roundrect Layer front
position -2.475000  0.635000  size  1.950000  0.600000  orientation 0.00
drill  0.000000
shape_offset  0.000000  0.000000
$EndPAD
$PAD "4"
Shape Roundrect Layer front
position -2.475000  1.905000  size  1.950000  0.600000  orientation 0.00
drill  0.000000
shape_offset  0.000000  0.000000
$EndPAD
$PAD "5"
Shape Roundrect Layer front
position  2.475000  1.905000  size  1.950000  0.600000  orientation 0.00
drill  0.000000
shape_offset  0.000000  0.000000
$EndPAD
$PAD "6"
Shape Roundrect Layer front
position  2.475000  0.635000  size  1.950000  0.600000  orientation 0.00
drill  0.000000
shape_offset  0.000000  0.000000
$EndPAD
$PAD "7"
Shape Roundrect Layer front
position  2.475000 -0.635000  size  1.950000  0.600000  orientation 0.00
drill  0.000000
shape_offset  0.000000  0.000000
$EndPAD
$PAD "8"
Shape Roundrect Layer front
position  2.475000 -1.905000  size  1.950000  0.600000  orientation 0.00
drill  0.000000
shape_offset  0.000000  0.000000
$EndPAD
$EndMODULE  CTRL_AMPS_6

$MODULE CTRL_CONN_1
footprint Smart_Tank:POSITRONIC_D-SUB_(CBD13W6F35S600X_AA)
attribut none
position 139.700000 157.480000  orientation 90.00
layer front
$PAD "0"
Shape Circle Layer both
position -31.750000  0.000000  size  5.000000  5.000000  orientation 0.00
drill  3.120000
shape_offset  0.000000  0.000000
$EndPAD
$PAD "0"
Shape Circle Layer both
position 31.750000  0.000000  size  5.000000  5.000000  orientation 0.00
drill  3.120000
shape_offset  0.000000  0.000000
$EndPAD
$PAD "1"
Shape Circle Layer both
position -16.560000 -1.420000  size  1.850000  1.850000  orientation 0.00
drill  1.140000
shape_offset  0.000000  0.000000
$EndPAD
$PAD "2"
Shape Circle Layer both
position -19.330000 -1.420000  size  1.850000  1.850000  orientation 0.00
drill  1.140000
shape_offset  0.000000  0.000000
$EndPAD
$PAD "3"
Shape Circle Layer both
position -22.100000 -1.420000  size  1.850000  1.850000  orientation 0.00
drill  1.140000
shape_offset  0.000000  0.000000
$EndPAD
$PAD "4"
Shape Circle Layer both
position -24.870000 -1.420000  size  1.850000  1.850000  orientation 0.00
drill  1.140000
shape_offset  0.000000  0.000000
$EndPAD
$PAD "5"
Shape Circle Layer both
position -17.960000  1.420000  size  1.850000  1.850000  orientation 0.00
drill  1.140000
shape_offset  0.000000  0.000000
$EndPAD
$PAD "6"
Shape Circle Layer both
position -20.730000  1.420000  size  1.850000  1.850000  orientation 0.00
drill  1.140000
shape_offset  0.000000  0.000000
$EndPAD
$PAD "7"
Shape Circle Layer both
position -23.500000  1.420000  size  1.850000  1.850000  orientation 0.00
drill  1.140000
shape_offset  0.000000  0.000000
$EndPAD
$PAD "A1"
Shape Circle Layer both
position 22.530000  0.000000  size  4.500000  4.500000  orientation 0.00
drill  2.490000
shape_offset  0.000000  0.000000
$EndPAD
$PAD "A2"
Shape Circle Layer both
position 15.800000  0.000000  size  4.500000  4.500000  orientation 0.00
drill  2.490000
shape_offset  0.000000  0.000000
$EndPAD
$PAD "A3"
Shape Circle Layer both
position  9.070000  0.000000  size  4.500000  4.500000  orientation 0.00
drill  2.490000
shape_offset  0.000000  0.000000
$EndPAD
$PAD "A4"
Shape Circle Layer both
position  2.340000  0.000000  size  4.500000  4.500000  orientation 0.00
drill  2.490000
shape_offset  0.000000  0.000000
$EndPAD
$PAD "A5"
Shape Circle Layer both
position -4.390000  0.000000  size  4.500000  4.500000  orientation 0.00
drill  2.490000
shape_offset  0.000000  0.000000
$EndPAD
$PAD "A6"
Shape Circle Layer both
position -11.120000  0.000000  size  4.500000  4.500000  orientation 0.00
drill  2.490000
shape_offset  0.000000  0.000000
$EndPAD
$EndMODULE  CTRL_CONN_1

$MODULE CTRL_CONN_2
footprint Smart_Tank:POSITRONIC_D-SUB_(CBD13W6F35S600X_AA)
attribut none
position 200.660000 157.480000  orientation 90.00
layer front
$PAD "0"
Shape Circle Layer both
position -31.750000  0.000000  size  5.000000  5.000000  orientation 0.00
drill  3.120000
shape_offset  0.000000  0.000000
$EndPAD
$PAD "0"
Shape Circle Layer both
position 31.750000  0.000000  size  5.000000  5.000000  orientation 0.00
drill  3.120000
shape_offset  0.000000  0.000000
$EndPAD
$PAD "1"
Shape Circle Layer both
position -16.560000 -1.420000  size  1.850000  1.850000  orientation 0.00
drill  1.140000
shape_offset  0.000000  0.000000
$EndPAD
$PAD "2"
Shape Circle Layer both
position -19.330000 -1.420000  size  1.850000  1.850000  orientation 0.00
drill  1.140000
shape_offset  0.000000  0.000000
$EndPAD
$PAD "3"
Shape Circle Layer both
position -22.100000 -1.420000  size  1.850000  1.850000  orientation 0.00
drill  1.140000
shape_offset  0.000000  0.000000
$EndPAD
$PAD "4"
Shape Circle Layer both
position -24.870000 -1.420000  size  1.850000  1.850000  orientation 0.00
drill  1.140000
shape_offset  0.000000  0.000000
$EndPAD
$PAD "5"
Shape Circle Layer both
position -17.960000  1.420000  size  1.850000  1.850000  orientation 0.00
drill  1.140000
shape_offset  0.000000  0.000000
$EndPAD
$PAD "6"
Shape Circle Layer both
position -20.730000  1.420000  size  1.850000  1.850000  orientation 0.00
drill  1.140000
shape_offset  0.000000  0.000000
$EndPAD
$PAD "7"
Shape Circle Layer both
position -23.500000  1.420000  size  1.850000  1.850000  orientation 0.00
drill  1.140000
shape_offset  0.000000  0.000000
$EndPAD
$PAD "A1"
Shape Circle Layer both
position 22.530000  0.000000  size  4.500000  4.500000  orientation 0.00
drill  2.490000
shape_offset  0.000000  0.000000
$EndPAD
$PAD "A2"
Shape Circle Layer both
position 15.800000  0.000000  size  4.500000  4.500000  orientation 0.00
drill  2.490000
shape_offset  0.000000  0.000000
$EndPAD
$PAD "A3"
Shape Circle Layer both
position  9.070000  0.000000  size  4.500000  4.500000  orientation 0.00
drill  2.490000
shape_offset  0.000000  0.000000
$EndPAD
$PAD "A4"
Shape Circle Layer both
position  2.340000  0.000000  size  4.500000  4.500000  orientation 0.00
drill  2.490000
shape_offset  0.000000  0.000000
$EndPAD
$PAD "A5"
Shape Circle Layer both
position -4.390000  0.000000  size  4.500000  4.500000  orientation 0.00
drill  2.490000
shape_offset  0.000000  0.000000
$EndPAD
$PAD "A6"
Shape Circle Layer both
position -11.120000  0.000000  size  4.500000  4.500000  orientation 0.00
drill  2.490000
shape_offset  0.000000  0.000000
$EndPAD
$EndMODULE  CTRL_CONN_2

$MODULE CTRL_CONN_3
footprint Smart_Tank:POSITRONIC_D-SUB_(CBD13W6F35S600X_AA)
attribut none
position 261.620000 157.480000  orientation 90.00
layer front
$PAD "0"
Shape Circle Layer both
position -31.750000  0.000000  size  5.000000  5.000000  orientation 0.00
drill  3.120000
shape_offset  0.000000  0.000000
$EndPAD
$PAD "0"
Shape Circle Layer both
position 31.750000  0.000000  size  5.000000  5.000000  orientation 0.00
drill  3.120000
shape_offset  0.000000  0.000000
$EndPAD
$PAD "1"
Shape Circle Layer both
position -16.560000 -1.420000  size  1.850000  1.850000  orientation 0.00
drill  1.140000
shape_offset  0.000000  0.000000
$EndPAD
$PAD "2"
Shape Circle Layer both
position -19.330000 -1.420000  size  1.850000  1.850000  orientation 0.00
drill  1.140000
shape_offset  0.000000  0.000000
$EndPAD
$PAD "3"
Shape Circle Layer both
position -22.100000 -1.420000  size  1.850000  1.850000  orientation 0.00
drill  1.140000
shape_offset  0.000000  0.000000
$EndPAD
$PAD "4"
Shape Circle Layer both
position -24.870000 -1.420000  size  1.850000  1.850000  orientation 0.00
drill  1.140000
shape_offset  0.000000  0.000000
$EndPAD
$PAD "5"
Shape Circle Layer both
position -17.960000  1.420000  size  1.850000  1.850000  orientation 0.00
drill  1.140000
shape_offset  0.000000  0.000000
$EndPAD
$PAD "6"
Shape Circle Layer both
position -20.730000  1.420000  size  1.850000  1.850000  orientation 0.00
drill  1.140000
shape_offset  0.000000  0.000000
$EndPAD
$PAD "7"
Shape Circle Layer both
position -23.500000  1.420000  size  1.850000  1.850000  orientation 0.00
drill  1.140000
shape_offset  0.000000  0.000000
$EndPAD
$PAD "A1"
Shape Circle Layer both
position 22.530000  0.000000  size  4.500000  4.500000  orientation 0.00
drill  2.490000
shape_offset  0.000000  0.000000
$EndPAD
$PAD "A2"
Shape Circle Layer both
position 15.800000  0.000000  size  4.500000  4.500000  orientation 0.00
drill  2.490000
shape_offset  0.000000  0.000000
$EndPAD
$PAD "A3"
Shape Circle Layer both
position  9.070000  0.000000  size  4.500000  4.500000  orientation 0.00
drill  2.490000
shape_offset  0.000000  0.000000
$EndPAD
$PAD "A4"
Shape Circle Layer both
position  2.340000  0.000000  size  4.500000  4.500000  orientation 0.00
drill  2.490000
shape_offset  0.000000  0.000000
$EndPAD
$PAD "A5"
Shape Circle Layer both
position -4.390000  0.000000  size  4.500000  4.500000  orientation 0.00
drill  2.490000
shape_offset  0.000000  0.000000
$EndPAD
$PAD "A6"
Shape Circle Layer both
position -11.120000  0.000000  size  4.500000  4.500000  orientation 0.00
drill  2.490000
shape_offset  0.000000  0.000000
$EndPAD
$EndMODULE  CTRL_CONN_3

$MODULE CTRL_CONN_4
footprint Smart_Tank:POSITRONIC_D-SUB_(CBD13W6F35S600X_AA)
attribut none
position 322.580000 157.480000  orientation 90.00
layer front
$PAD "0"
Shape Circle Layer both
position -31.750000  0.000000  size  5.000000  5.000000  orientation 0.00
drill  3.120000
shape_offset  0.000000  0.000000
$EndPAD
$PAD "0"
Shape Circle Layer both
position 31.750000  0.000000  size  5.000000  5.000000  orientation 0.00
drill  3.120000
shape_offset  0.000000  0.000000
$EndPAD
$PAD "1"
Shape Circle Layer both
position -16.560000 -1.420000  size  1.850000  1.850000  orientation 0.00
drill  1.140000
shape_offset  0.000000  0.000000
$EndPAD
$PAD "2"
Shape Circle Layer both
position -19.330000 -1.420000  size  1.850000  1.850000  orientation 0.00
drill  1.140000
shape_offset  0.000000  0.000000
$EndPAD
$PAD "3"
Shape Circle Layer both
position -22.100000 -1.420000  size  1.850000  1.850000  orientation 0.00
drill  1.140000
shape_offset  0.000000  0.000000
$EndPAD
$PAD "4"
Shape Circle Layer both
position -24.870000 -1.420000  size  1.850000  1.850000  orientation 0.00
drill  1.140000
shape_offset  0.000000  0.000000
$EndPAD
$PAD "5"
Shape Circle Layer both
position -17.960000  1.420000  size  1.850000  1.850000  orientation 0.00
drill  1.140000
shape_offset  0.000000  0.000000
$EndPAD
$PAD "6"
Shape Circle Layer both
position -20.730000  1.420000  size  1.850000  1.850000  orientation 0.00
drill  1.140000
shape_offset  0.000000  0.000000
$EndPAD
$PAD "7"
Shape Circle Layer both
position -23.500000  1.420000  size  1.850000  1.850000  orientation 0.00
drill  1.140000
shape_offset  0.000000  0.000000
$EndPAD
$PAD "A1"
Shape Circle Layer both
position 22.530000  0.000000  size  4.500000  4.500000  orientation 0.00
drill  2.490000
shape_offset  0.000000  0.000000
$EndPAD
$PAD "A2"
Shape Circle Layer both
position 15.800000  0.000000  size  4.500000  4.500000  orientation 0.00
drill  2.490000
shape_offset  0.000000  0.000000
$EndPAD
$PAD "A3"
Shape Circle Layer both
position  9.070000  0.000000  size  4.500000  4.500000  orientation 0.00
drill  2.490000
shape_offset  0.000000  0.000000
$EndPAD
$PAD "A4"
Shape Circle Layer both
position  2.340000  0.000000  size  4.500000  4.500000  orientation 0.00
drill  2.490000
shape_offset  0.000000  0.000000
$EndPAD
$PAD "A5"
Shape Circle Layer both
position -4.390000  0.000000  size  4.500000  4.500000  orientation 0.00
drill  2.490000
shape_offset  0.000000  0.000000
$EndPAD
$PAD "A6"
Shape Circle Layer both
position -11.120000  0.000000  size  4.500000  4.500000  orientation 0.00
drill  2.490000
shape_offset  0.000000  0.000000
$EndPAD
$EndMODULE  CTRL_CONN_4

$MODULE CTRL_CONN_5
footprint Smart_Tank:POSITRONIC_D-SUB_(CBD13W6F35S600X_AA)
attribut none
position 383.540000 157.480000  orientation 90.00
layer front
$PAD "0"
Shape Circle Layer both
position -31.750000  0.000000  size  5.000000  5.000000  orientation 0.00
drill  3.120000
shape_offset  0.000000  0.000000
$EndPAD
$PAD "0"
Shape Circle Layer both
position 31.750000  0.000000  size  5.000000  5.000000  orientation 0.00
drill  3.120000
shape_offset  0.000000  0.000000
$EndPAD
$PAD "1"
Shape Circle Layer both
position -16.560000 -1.420000  size  1.850000  1.850000  orientation 0.00
drill  1.140000
shape_offset  0.000000  0.000000
$EndPAD
$PAD "2"
Shape Circle Layer both
position -19.330000 -1.420000  size  1.850000  1.850000  orientation 0.00
drill  1.140000
shape_offset  0.000000  0.000000
$EndPAD
$PAD "3"
Shape Circle Layer both
position -22.100000 -1.420000  size  1.850000  1.850000  orientation 0.00
drill  1.140000
shape_offset  0.000000  0.000000
$EndPAD
$PAD "4"
Shape Circle Layer both
position -24.870000 -1.420000  size  1.850000  1.850000  orientation 0.00
drill  1.140000
shape_offset  0.000000  0.000000
$EndPAD
$PAD "5"
Shape Circle Layer both
position -17.960000  1.420000  size  1.850000  1.850000  orientation 0.00
drill  1.140000
shape_offset  0.000000  0.000000
$EndPAD
$PAD "6"
Shape Circle Layer both
position -20.730000  1.420000  size  1.850000  1.850000  orientation 0.00
drill  1.140000
shape_offset  0.000000  0.000000
$EndPAD
$PAD "7"
Shape Circle Layer both
position -23.500000  1.420000  size  1.850000  1.850000  orientation 0.00
drill  1.140000
shape_offset  0.000000  0.000000
$EndPAD
$PAD "A1"
Shape Circle Layer both
position 22.530000  0.000000  size  4.500000  4.500000  orientation 0.00
drill  2.490000
shape_offset  0.000000  0.000000
$EndPAD
$PAD "A2"
Shape Circle Layer both
position 15.800000  0.000000  size  4.500000  4.500000  orientation 0.00
drill  2.490000
shape_offset  0.000000  0.000000
$EndPAD
$PAD "A3"
Shape Circle Layer both
position  9.070000  0.000000  size  4.500000  4.500000  orientation 0.00
drill  2.490000
shape_offset  0.000000  0.000000
$EndPAD
$PAD "A4"
Shape Circle Layer both
position  2.340000  0.000000  size  4.500000  4.500000  orientation 0.00
drill  2.490000
shape_offset  0.000000  0.000000
$EndPAD
$PAD "A5"
Shape Circle Layer both
position -4.390000  0.000000  size  4.500000  4.500000  orientation 0.00
drill  2.490000
shape_offset  0.000000  0.000000
$EndPAD
$PAD "A6"
Shape Circle Layer both
position -11.120000  0.000000  size  4.500000  4.500000  orientation 0.00
drill  2.490000
shape_offset  0.000000  0.000000
$EndPAD
$EndMODULE  CTRL_CONN_5

$MODULE CTRL_CONN_6
footprint Smart_Tank:POSITRONIC_D-SUB_(CBD13W6F35S600X_AA)
attribut none
position 444.500000 157.480000  orientation 90.00
layer front
$PAD "0"
Shape Circle Layer both
position -31.750000  0.000000  size  5.000000  5.000000  orientation 0.00
drill  3.120000
shape_offset  0.000000  0.000000
$EndPAD
$PAD "0"
Shape Circle Layer both
position 31.750000  0.000000  size  5.000000  5.000000  orientation 0.00
drill  3.120000
shape_offset  0.000000  0.000000
$EndPAD
$PAD "1"
Shape Circle Layer both
position -16.560000 -1.420000  size  1.850000  1.850000  orientation 0.00
drill  1.140000
shape_offset  0.000000  0.000000
$EndPAD
$PAD "2"
Shape Circle Layer both
position -19.330000 -1.420000  size  1.850000  1.850000  orientation 0.00
drill  1.140000
shape_offset  0.000000  0.000000
$EndPAD
$PAD "3"
Shape Circle Layer both
position -22.100000 -1.420000  size  1.850000  1.850000  orientation 0.00
drill  1.140000
shape_offset  0.000000  0.000000
$EndPAD
$PAD "4"
Shape Circle Layer both
position -24.870000 -1.420000  size  1.850000  1.850000  orientation 0.00
drill  1.140000
shape_offset  0.000000  0.000000
$EndPAD
$PAD "5"
Shape Circle Layer both
position -17.960000  1.420000  size  1.850000  1.850000  orientation 0.00
drill  1.140000
shape_offset  0.000000  0.000000
$EndPAD
$PAD "6"
Shape Circle Layer both
position -20.730000  1.420000  size  1.850000  1.850000  orientation 0.00
drill  1.140000
shape_offset  0.000000  0.000000
$EndPAD
$PAD "7"
Shape Circle Layer both
position -23.500000  1.420000  size  1.850000  1.850000  orientation 0.00
drill  1.140000
shape_offset  0.000000  0.000000
$EndPAD
$PAD "A1"
Shape Circle Layer both
position 22.530000  0.000000  size  4.500000  4.500000  orientation 0.00
drill  2.490000
shape_offset  0.000000  0.000000
$EndPAD
$PAD "A2"
Shape Circle Layer both
position 15.800000  0.000000  size  4.500000  4.500000  orientation 0.00
drill  2.490000
shape_offset  0.000000  0.000000
$EndPAD
$PAD "A3"
Shape Circle Layer both
position  9.070000  0.000000  size  4.500000  4.500000  orientation 0.00
drill  2.490000
shape_offset  0.000000  0.000000
$EndPAD
$PAD "A4"
Shape Circle Layer both
position  2.340000  0.000000  size  4.500000  4.500000  orientation 0.00
drill  2.490000
shape_offset  0.000000  0.000000
$EndPAD
$PAD "A5"
Shape Circle Layer both
position -4.390000  0.000000  size  4.500000  4.500000  orientation 0.00
drill  2.490000
shape_offset  0.000000  0.000000
$EndPAD
$PAD "A6"
Shape Circle Layer both
position -11.120000  0.000000  size  4.500000  4.500000  orientation 0.00
drill  2.490000
shape_offset  0.000000  0.000000
$EndPAD
$EndMODULE  CTRL_CONN_6

$MODULE CTRL_SHUNT_1
footprint Smart_Tank:SHUNT_(WSL40261L000FEA)
attribut none
position 116.598200 141.954000  orientation 180.00
layer front
$PAD "1"
Shape Rect Layer front
position -2.000000 -4.700000  size  5.200000  2.440000  orientation 90.00
drill  0.000000
shape_offset  0.000000  0.000000
$EndPAD
$PAD "2"
Shape Rect Layer front
position -2.000000 -8.473500  size  0.890000  2.440000  orientation 90.00
drill  0.000000
shape_offset  0.000000  0.000000
$EndPAD
$PAD "3"
Shape Rect Layer front
position  6.230000 -8.473500  size  0.890000  2.440000  orientation 90.00
drill  0.000000
shape_offset  0.000000  0.000000
$EndPAD
$PAD "4"
Shape Rect Layer front
position  6.230000 -4.700000  size  5.200000  2.440000  orientation 90.00
drill  0.000000
shape_offset  0.000000  0.000000
$EndPAD
$EndMODULE  CTRL_SHUNT_1

$MODULE CTRL_SHUNT_2
footprint Smart_Tank:SHUNT_(WSL40261L000FEA)
attribut none
position 177.598200 141.954000  orientation 180.00
layer front
$PAD "1"
Shape Rect Layer front
position -2.000000 -4.700000  size  5.200000  2.440000  orientation 90.00
drill  0.000000
shape_offset  0.000000  0.000000
$EndPAD
$PAD "2"
Shape Rect Layer front
position -2.000000 -8.473500  size  0.890000  2.440000  orientation 90.00
drill  0.000000
shape_offset  0.000000  0.000000
$EndPAD
$PAD "3"
Shape Rect Layer front
position  6.230000 -8.473500  size  0.890000  2.440000  orientation 90.00
drill  0.000000
shape_offset  0.000000  0.000000
$EndPAD
$PAD "4"
Shape Rect Layer front
position  6.230000 -4.700000  size  5.200000  2.440000  orientation 90.00
drill  0.000000
shape_offset  0.000000  0.000000
$EndPAD
$EndMODULE  CTRL_SHUNT_2

$MODULE CTRL_SHUNT_3
footprint Smart_Tank:SHUNT_(WSL40261L000FEA)
attribut none
position 238.598200 141.954000  orientation 180.00
layer front
$PAD "1"
Shape Rect Layer front
position -2.000000 -4.700000  size  5.200000  2.440000  orientation 90.00
drill  0.000000
shape_offset  0.000000  0.000000
$EndPAD
$PAD "2"
Shape Rect Layer front
position -2.000000 -8.473500  size  0.890000  2.440000  orientation 90.00
drill  0.000000
shape_offset  0.000000  0.000000
$EndPAD
$PAD "3"
Shape Rect Layer front
position  6.230000 -8.473500  size  0.890000  2.440000  orientation 90.00
drill  0.000000
shape_offset  0.000000  0.000000
$EndPAD
$PAD "4"
Shape Rect Layer front
position  6.230000 -4.700000  size  5.200000  2.440000  orientation 90.00
drill  0.000000
shape_offset  0.000000  0.000000
$EndPAD
$EndMODULE  CTRL_SHUNT_3

$MODULE CTRL_SHUNT_4
footprint Smart_Tank:SHUNT_(WSL40261L000FEA)
attribut none
position 299.598200 141.954000  orientation 180.00
layer front
$PAD "1"
Shape Rect Layer front
position -2.000000 -4.700000  size  5.200000  2.440000  orientation 90.00
drill  0.000000
shape_offset  0.000000  0.000000
$EndPAD
$PAD "2"
Shape Rect Layer front
position -2.000000 -8.473500  size  0.890000  2.440000  orientation 90.00
drill  0.000000
shape_offset  0.000000  0.000000
$EndPAD
$PAD "3"
Shape Rect Layer front
position  6.230000 -8.473500  size  0.890000  2.440000  orientation 90.00
drill  0.000000
shape_offset  0.000000  0.000000
$EndPAD
$PAD "4"
Shape Rect Layer front
position  6.230000 -4.700000  size  5.200000  2.440000  orientation 90.00
drill  0.000000
shape_offset  0.000000  0.000000
$EndPAD
$EndMODULE  CTRL_SHUNT_4

$MODULE CTRL_SHUNT_5
footprint Smart_Tank:SHUNT_(WSL40261L000FEA)
attribut none
position 360.598200 141.954000  orientation 180.00
layer front
$PAD "1"
Shape Rect Layer front
position -2.000000 -4.700000  size  5.200000  2.440000  orientation 90.00
drill  0.000000
shape_offset  0.000000  0.000000
$EndPAD
$PAD "2"
Shape Rect Layer front
position -2.000000 -8.473500  size  0.890000  2.440000  orientation 90.00
drill  0.000000
shape_offset  0.000000  0.000000
$EndPAD
$PAD "3"
Shape Rect Layer front
position  6.230000 -8.473500  size  0.890000  2.440000  orientation 90.00
drill  0.000000
shape_offset  0.000000  0.000000
$EndPAD
$PAD "4"
Shape Rect Layer front
position  6.230000 -4.700000  size  5.200000  2.440000  orientation 90.00
drill  0.000000
shape_offset  0.000000  0.000000
$EndPAD
$EndMODULE  CTRL_SHUNT_5

$MODULE CTRL_SHUNT_6
footprint Smart_Tank:SHUNT_(WSL40261L000FEA)
attribut none
position 421.598200 141.954000  orientation 180.00
layer front
$PAD "1"
Shape Rect Layer front
position -2.000000 -4.700000  size  5.200000  2.440000  orientation 90.00
drill  0.000000
shape_offset  0.000000  0.000000
$EndPAD
$PAD "2"
Shape Rect Layer front
position -2.000000 -8.473500  size  0.890000  2.440000  orientation 90.00
drill  0.000000
shape_offset  0.000000  0.000000
$EndPAD
$PAD "3"
Shape Rect Layer front
position  6.230000 -8.473500  size  0.890000  2.440000  orientation 90.00
drill  0.000000
shape_offset  0.000000  0.000000
$EndPAD
$PAD "4"
Shape Rect Layer front
position  6.230000 -4.700000  size  5.200000  2.440000  orientation 90.00
drill  0.000000
shape_offset  0.000000  0.000000
$EndPAD
$EndMODULE  CTRL_SHUNT_6

$MODULE D1
footprint Diode_SMD:D_SMA
attribut smd
position 96.273200 322.434000  orientation 180.00
layer front
$PAD "1"
Shape Roundrect Layer front
position -2.000000  0.000000  size  2.500000  1.800000  orientation 0.00
drill  0.000000
shape_offset  0.000000  0.000000
$EndPAD
$PAD "2"
Shape Roundrect Layer front
position  2.000000  0.000000  size  2.500000  1.800000  orientation 0.00
drill  0.000000
shape_offset  0.000000  0.000000
$EndPAD
$EndMODULE  D1

$MODULE D3
footprint Diode_SMD:D_SMA
attribut smd
position 161.598200 313.334000  orientation 180.00
layer front
$PAD "1"
Shape Roundrect Layer front
position -2.000000  0.000000  size  2.500000  1.800000  orientation 0.00
drill  0.000000
shape_offset  0.000000  0.000000
$EndPAD
$PAD "2"
Shape Roundrect Layer front
position  2.000000  0.000000  size  2.500000  1.800000  orientation 0.00
drill  0.000000
shape_offset  0.000000  0.000000
$EndPAD
$EndMODULE  D3

$MODULE D4
footprint Diode_SMD:D_SMA
attribut smd
position 233.848200 312.209000  orientation 0.00
layer front
$PAD "1"
Shape Roundrect Layer front
position -2.000000  0.000000  size  2.500000  1.800000  orientation 0.00
drill  0.000000
shape_offset  0.000000  0.000000
$EndPAD
$PAD "2"
Shape Roundrect Layer front
position  2.000000  0.000000  size  2.500000  1.800000  orientation 0.00
drill  0.000000
shape_offset  0.000000  0.000000
$EndPAD
$EndMODULE  D4

$MODULE D5
footprint Diode_SMD:D_SMA
attribut smd
position 294.723200 312.284000  orientation 0.00
layer front
$PAD "1"
Shape Roundrect Layer front
position -2.000000  0.000000  size  2.500000  1.800000  orientation 0.00
drill  0.000000
shape_offset  0.000000  0.000000
$EndPAD
$PAD "2"
Shape Roundrect Layer front
position  2.000000  0.000000  size  2.500000  1.800000  orientation 0.00
drill  0.000000
shape_offset  0.000000  0.000000
$EndPAD
$EndMODULE  D5

$MODULE D6
footprint Diode_SMD:D_SOD-123
attribut smd
position 207.010000 312.420000  orientation -90.00
layer front
$PAD "1"
Shape Roundrect Layer front
position -1.650000  0.000000  size  0.900000  1.200000  orientation 360.00
drill  0.000000
shape_offset  0.000000  0.000000
$EndPAD
$PAD "2"
Shape Roundrect Layer front
position  1.650000  0.000000  size  0.900000  1.200000  orientation 360.00
drill  0.000000
shape_offset  0.000000  0.000000
$EndPAD
$EndMODULE  D6

$MODULE D7
footprint Diode_SMD:D_SMA
attribut smd
position 355.973200 312.284000  orientation 0.00
layer front
$PAD "1"
Shape Roundrect Layer front
position -2.000000  0.000000  size  2.500000  1.800000  orientation 0.00
drill  0.000000
shape_offset  0.000000  0.000000
$EndPAD
$PAD "2"
Shape Roundrect Layer front
position  2.000000  0.000000  size  2.500000  1.800000  orientation 0.00
drill  0.000000
shape_offset  0.000000  0.000000
$EndPAD
$EndMODULE  D7

$MODULE D8
footprint Diode_SMD:D_SOD-123
attribut smd
position 267.970000 312.420000  orientation -90.00
layer front
$PAD "1"
Shape Roundrect Layer front
position -1.650000  0.000000  size  0.900000  1.200000  orientation 360.00
drill  0.000000
shape_offset  0.000000  0.000000
$EndPAD
$PAD "2"
Shape Roundrect Layer front
position  1.650000  0.000000  size  0.900000  1.200000  orientation 360.00
drill  0.000000
shape_offset  0.000000  0.000000
$EndPAD
$EndMODULE  D8

$MODULE D9
footprint Diode_SMD:D_SMA
attribut smd
position 416.798200 312.234000  orientation 0.00
layer front
$PAD "1"
Shape Roundrect Layer front
position -2.000000  0.000000  size  2.500000  1.800000  orientation 0.00
drill  0.000000
shape_offset  0.000000  0.000000
$EndPAD
$PAD "2"
Shape Roundrect Layer front
position  2.000000  0.000000  size  2.500000  1.800000  orientation 0.00
drill  0.000000
shape_offset  0.000000  0.000000
$EndPAD
$EndMODULE  D9

$MODULE D10
footprint Diode_SMD:D_SOD-123
attribut smd
position 328.930000 312.420000  orientation -90.00
layer front
$PAD "1"
Shape Roundrect Layer front
position -1.650000  0.000000  size  0.900000  1.200000  orientation 360.00
drill  0.000000
shape_offset  0.000000  0.000000
$EndPAD
$PAD "2"
Shape Roundrect Layer front
position  1.650000  0.000000  size  0.900000  1.200000  orientation 360.00
drill  0.000000
shape_offset  0.000000  0.000000
$EndPAD
$EndMODULE  D10

$MODULE D12
footprint Diode_SMD:D_SOD-123
attribut smd
position 389.890000 312.420000  orientation -90.00
layer front
$PAD "1"
Shape Roundrect Layer front
position -1.650000  0.000000  size  0.900000  1.200000  orientation 360.00
drill  0.000000
shape_offset  0.000000  0.000000
$EndPAD
$PAD "2"
Shape Roundrect Layer front
position  1.650000  0.000000  size  0.900000  1.200000  orientation 360.00
drill  0.000000
shape_offset  0.000000  0.000000
$EndPAD
$EndMODULE  D12

$MODULE D14
footprint Diode_SMD:D_SOD-123
attribut smd
position 450.850000 312.420000  orientation -90.00
layer front
$PAD "1"
Shape Roundrect Layer front
position -1.650000  0.000000  size  0.900000  1.200000  orientation 360.00
drill  0.000000
shape_offset  0.000000  0.000000
$EndPAD
$PAD "2"
Shape Roundrect Layer front
position  1.650000  0.000000  size  0.900000  1.200000  orientation 360.00
drill  0.000000
shape_offset  0.000000  0.000000
$EndPAD
$EndMODULE  D14

$MODULE D15
footprint Diode_SMD:D_SOD-123
attribut smd
position 146.050000 312.420000  orientation -90.00
layer front
$PAD "1"
Shape Roundrect Layer front
position -1.650000  0.000000  size  0.900000  1.200000  orientation 360.00
drill  0.000000
shape_offset  0.000000  0.000000
$EndPAD
$PAD "2"
Shape Roundrect Layer front
position  1.650000  0.000000  size  0.900000  1.200000  orientation 360.00
drill  0.000000
shape_offset  0.000000  0.000000
$EndPAD
$EndMODULE  D15

$MODULE E-STOP_RLY1
footprint Smart_Tank:OMRON_RELAY_1A_(G6L-1F-DC24)
attribut none
position 112.395000 224.790000  orientation -90.00
layer front
$PAD "2"
Shape Rect Layer front
position -1.270000  3.370000  size  0.800000  2.660000  orientation 360.00
drill  0.000000
shape_offset  0.000000  0.000000
$EndPAD
$PAD "4"
Shape Rect Layer front
position  3.810000  3.370000  size  0.800000  2.660000  orientation 360.00
drill  0.000000
shape_offset  0.000000  0.000000
$EndPAD
$PAD "5"
Shape Rect Layer front
position  3.810000 -3.370000  size  0.800000  2.660000  orientation 360.00
drill  0.000000
shape_offset  0.000000  0.000000
$EndPAD
$PAD "8"
Shape Rect Layer front
position -3.810000 -3.370000  size  0.800000  2.660000  orientation 360.00
drill  0.000000
shape_offset  0.000000  0.000000
$EndPAD
$EndMODULE  E-STOP_RLY1

$MODULE EXPANSION_CONN1
footprint Connect:IDC_Header_Straight_50pins
attribut none
position 238.598200 237.490000  orientation -90.00
layer front
$PAD "1"
Shape Rect Layer both
position  0.000000  0.000000  size  1.727200  1.727200  orientation 360.00
drill  1.016000
shape_offset  0.000000  0.000000
$EndPAD
$PAD "2"
Shape Oval Layer both
position  0.000000 -2.540000  size  1.727200  1.727200  orientation 360.00
drill  1.016000
shape_offset  0.000000  0.000000
$EndPAD
$PAD "3"
Shape Oval Layer both
position  2.540000  0.000000  size  1.727200  1.727200  orientation 360.00
drill  1.016000
shape_offset  0.000000  0.000000
$EndPAD
$PAD "4"
Shape Oval Layer both
position  2.540000 -2.540000  size  1.727200  1.727200  orientation 360.00
drill  1.016000
shape_offset  0.000000  0.000000
$EndPAD
$PAD "5"
Shape Oval Layer both
position  5.080000  0.000000  size  1.727200  1.727200  orientation 360.00
drill  1.016000
shape_offset  0.000000  0.000000
$EndPAD
$PAD "6"
Shape Oval Layer both
position  5.080000 -2.540000  size  1.727200  1.727200  orientation 360.00
drill  1.016000
shape_offset  0.000000  0.000000
$EndPAD
$PAD "7"
Shape Oval Layer both
position  7.620000  0.000000  size  1.727200  1.727200  orientation 360.00
drill  1.016000
shape_offset  0.000000  0.000000
$EndPAD
$PAD "8"
Shape Oval Layer both
position  7.620000 -2.540000  size  1.727200  1.727200  orientation 360.00
drill  1.016000
shape_offset  0.000000  0.000000
$EndPAD
$PAD "9"
Shape Oval Layer both
position 10.160000  0.000000  size  1.727200  1.727200  orientation 360.00
drill  1.016000
shape_offset  0.000000  0.000000
$EndPAD
$PAD "10"
Shape Oval Layer both
position 10.160000 -2.540000  size  1.727200  1.727200  orientation 360.00
drill  1.016000
shape_offset  0.000000  0.000000
$EndPAD
$PAD "11"
Shape Oval Layer both
position 12.700000  0.000000  size  1.727200  1.727200  orientation 360.00
drill  1.016000
shape_offset  0.000000  0.000000
$EndPAD
$PAD "12"
Shape Oval Layer both
position 12.700000 -2.540000  size  1.727200  1.727200  orientation 360.00
drill  1.016000
shape_offset  0.000000  0.000000
$EndPAD
$PAD "13"
Shape Oval Layer both
position 15.240000  0.000000  size  1.727200  1.727200  orientation 360.00
drill  1.016000
shape_offset  0.000000  0.000000
$EndPAD
$PAD "14"
Shape Oval Layer both
position 15.240000 -2.540000  size  1.727200  1.727200  orientation 360.00
drill  1.016000
shape_offset  0.000000  0.000000
$EndPAD
$PAD "15"
Shape Oval Layer both
position 17.780000  0.000000  size  1.727200  1.727200  orientation 360.00
drill  1.016000
shape_offset  0.000000  0.000000
$EndPAD
$PAD "16"
Shape Oval Layer both
position 17.780000 -2.540000  size  1.727200  1.727200  orientation 360.00
drill  1.016000
shape_offset  0.000000  0.000000
$EndPAD
$PAD "17"
Shape Oval Layer both
position 20.320000  0.000000  size  1.727200  1.727200  orientation 360.00
drill  1.016000
shape_offset  0.000000  0.000000
$EndPAD
$PAD "18"
Shape Oval Layer both
position 20.320000 -2.540000  size  1.727200  1.727200  orientation 360.00
drill  1.016000
shape_offset  0.000000  0.000000
$EndPAD
$PAD "19"
Shape Oval Layer both
position 22.860000  0.000000  size  1.727200  1.727200  orientation 360.00
drill  1.016000
shape_offset  0.000000  0.000000
$EndPAD
$PAD "20"
Shape Oval Layer both
position 22.860000 -2.540000  size  1.727200  1.727200  orientation 360.00
drill  1.016000
shape_offset  0.000000  0.000000
$EndPAD
$PAD "21"
Shape Oval Layer both
position 25.400000  0.000000  size  1.727200  1.727200  orientation 360.00
drill  1.016000
shape_offset  0.000000  0.000000
$EndPAD
$PAD "22"
Shape Oval Layer both
position 25.400000 -2.540000  size  1.727200  1.727200  orientation 360.00
drill  1.016000
shape_offset  0.000000  0.000000
$EndPAD
$PAD "23"
Shape Oval Layer both
position 27.940000  0.000000  size  1.727200  1.727200  orientation 360.00
drill  1.016000
shape_offset  0.000000  0.000000
$EndPAD
$PAD "24"
Shape Oval Layer both
position 27.940000 -2.540000  size  1.727200  1.727200  orientation 360.00
drill  1.016000
shape_offset  0.000000  0.000000
$EndPAD
$PAD "25"
Shape Oval Layer both
position 30.480000  0.000000  size  1.727200  1.727200  orientation 360.00
drill  1.016000
shape_offset  0.000000  0.000000
$EndPAD
$PAD "26"
Shape Oval Layer both
position 30.480000 -2.540000  size  1.727200  1.727200  orientation 360.00
drill  1.016000
shape_offset  0.000000  0.000000
$EndPAD
$PAD "27"
Shape Oval Layer both
position 33.020000  0.000000  size  1.727200  1.727200  orientation 360.00
drill  1.016000
shape_offset  0.000000  0.000000
$EndPAD
$PAD "28"
Shape Oval Layer both
position 33.020000 -2.540000  size  1.727200  1.727200  orientation 360.00
drill  1.016000
shape_offset  0.000000  0.000000
$EndPAD
$PAD "29"
Shape Oval Layer both
position 35.560000  0.000000  size  1.727200  1.727200  orientation 360.00
drill  1.016000
shape_offset  0.000000  0.000000
$EndPAD
$PAD "30"
Shape Oval Layer both
position 35.560000 -2.540000  size  1.727200  1.727200  orientation 360.00
drill  1.016000
shape_offset  0.000000  0.000000
$EndPAD
$PAD "31"
Shape Oval Layer both
position 38.100000  0.000000  size  1.727200  1.727200  orientation 360.00
drill  1.016000
shape_offset  0.000000  0.000000
$EndPAD
$PAD "32"
Shape Oval Layer both
position 38.100000 -2.540000  size  1.727200  1.727200  orientation 360.00
drill  1.016000
shape_offset  0.000000  0.000000
$EndPAD
$PAD "33"
Shape Oval Layer both
position 40.640000  0.000000  size  1.727200  1.727200  orientation 360.00
drill  1.016000
shape_offset  0.000000  0.000000
$EndPAD
$PAD "34"
Shape Oval Layer both
position 40.640000 -2.540000  size  1.727200  1.727200  orientation 360.00
drill  1.016000
shape_offset  0.000000  0.000000
$EndPAD
$PAD "35"
Shape Oval Layer both
position 43.180000  0.000000  size  1.727200  1.727200  orientation 360.00
drill  1.016000
shape_offset  0.000000  0.000000
$EndPAD
$PAD "36"
Shape Oval Layer both
position 43.180000 -2.540000  size  1.727200  1.727200  orientation 360.00
drill  1.016000
shape_offset  0.000000  0.000000
$EndPAD
$PAD "37"
Shape Oval Layer both
position 45.720000  0.000000  size  1.727200  1.727200  orientation 360.00
drill  1.016000
shape_offset  0.000000  0.000000
$EndPAD
$PAD "38"
Shape Oval Layer both
position 45.720000 -2.540000  size  1.727200  1.727200  orientation 360.00
drill  1.016000
shape_offset  0.000000  0.000000
$EndPAD
$PAD "39"
Shape Oval Layer both
position 48.260000  0.000000  size  1.727200  1.727200  orientation 360.00
drill  1.016000
shape_offset  0.000000  0.000000
$EndPAD
$PAD "40"
Shape Oval Layer both
position 48.260000 -2.540000  size  1.727200  1.727200  orientation 360.00
drill  1.016000
shape_offset  0.000000  0.000000
$EndPAD
$PAD "41"
Shape Oval Layer both
position 50.800000  0.000000  size  1.727200  1.727200  orientation 360.00
drill  1.016000
shape_offset  0.000000  0.000000
$EndPAD
$PAD "42"
Shape Oval Layer both
position 50.800000 -2.540000  size  1.727200  1.727200  orientation 360.00
drill  1.016000
shape_offset  0.000000  0.000000
$EndPAD
$PAD "43"
Shape Oval Layer both
position 53.340000  0.000000  size  1.727200  1.727200  orientation 360.00
drill  1.016000
shape_offset  0.000000  0.000000
$EndPAD
$PAD "44"
Shape Oval Layer both
position 53.340000 -2.540000  size  1.727200  1.727200  orientation 360.00
drill  1.016000
shape_offset  0.000000  0.000000
$EndPAD
$PAD "45"
Shape Oval Layer both
position 55.880000  0.000000  size  1.727200  1.727200  orientation 360.00
drill  1.016000
shape_offset  0.000000  0.000000
$EndPAD
$PAD "46"
Shape Oval Layer both
position 55.880000 -2.540000  size  1.727200  1.727200  orientation 360.00
drill  1.016000
shape_offset  0.000000  0.000000
$EndPAD
$PAD "47"
Shape Oval Layer both
position 58.420000  0.000000  size  1.727200  1.727200  orientation 360.00
drill  1.016000
shape_offset  0.000000  0.000000
$EndPAD
$PAD "48"
Shape Oval Layer both
position 58.420000 -2.540000  size  1.727200  1.727200  orientation 360.00
drill  1.016000
shape_offset  0.000000  0.000000
$EndPAD
$PAD "49"
Shape Oval Layer both
position 60.960000  0.000000  size  1.727200  1.727200  orientation 360.00
drill  1.016000
shape_offset  0.000000  0.000000
$EndPAD
$PAD "50"
Shape Oval Layer both
position 60.960000 -2.540000  size  1.727200  1.727200  orientation 360.00
drill  1.016000
shape_offset  0.000000  0.000000
$EndPAD
$EndMODULE  EXPANSION_CONN1

$MODULE FLOW_CONN1
footprint Smart_Tank:PHX_TB_HDR_10_POS_STR_(1755817)
attribut none
position 472.440000 257.810000  orientation 90.00
layer front
$PAD "1"
Shape Circle Layer both
position  0.000000  0.000000  size  2.500000  2.500000  orientation 0.00
drill  1.400000
shape_offset  0.000000  0.000000
$EndPAD
$PAD "2"
Shape Circle Layer both
position  5.080000  0.000000  size  2.500000  2.500000  orientation 0.00
drill  1.400000
shape_offset  0.000000  0.000000
$EndPAD
$PAD "3"
Shape Circle Layer both
position 10.160000  0.000000  size  2.500000  2.500000  orientation 0.00
drill  1.400000
shape_offset  0.000000  0.000000
$EndPAD
$PAD "4"
Shape Circle Layer both
position 15.240000  0.000000  size  2.500000  2.500000  orientation 0.00
drill  1.400000
shape_offset  0.000000  0.000000
$EndPAD
$PAD "5"
Shape Circle Layer both
position 20.320000  0.000000  size  2.500000  2.500000  orientation 0.00
drill  1.400000
shape_offset  0.000000  0.000000
$EndPAD
$PAD "6"
Shape Circle Layer both
position 25.400000  0.000000  size  2.500000  2.500000  orientation 0.00
drill  1.400000
shape_offset  0.000000  0.000000
$EndPAD
$PAD "7"
Shape Circle Layer both
position 30.480000  0.000000  size  2.500000  2.500000  orientation 0.00
drill  1.400000
shape_offset  0.000000  0.000000
$EndPAD
$PAD "8"
Shape Circle Layer both
position 35.560000  0.000000  size  2.500000  2.500000  orientation 0.00
drill  1.400000
shape_offset  0.000000  0.000000
$EndPAD
$PAD "9"
Shape Circle Layer both
position 40.640000  0.000000  size  2.500000  2.500000  orientation 0.00
drill  1.400000
shape_offset  0.000000  0.000000
$EndPAD
$PAD "10"
Shape Circle Layer both
position 45.720000  0.000000  size  2.500000  2.500000  orientation 0.00
drill  1.400000
shape_offset  0.000000  0.000000
$EndPAD
$EndMODULE  FLOW_CONN1

$MODULE GPIO_CONN1
footprint Smart_Tank:PHX_TB_HDR_10_POS_STR_(1755817)
attribut none
position 85.090000 207.010000  orientation -90.00
layer front
$PAD "1"
Shape Circle Layer both
position  0.000000  0.000000  size  2.500000  2.500000  orientation 360.00
drill  1.400000
shape_offset  0.000000  0.000000
$EndPAD
$PAD "2"
Shape Circle Layer both
position  5.080000  0.000000  size  2.500000  2.500000  orientation 360.00
drill  1.400000
shape_offset  0.000000  0.000000
$EndPAD
$PAD "3"
Shape Circle Layer both
position 10.160000  0.000000  size  2.500000  2.500000  orientation 360.00
drill  1.400000
shape_offset  0.000000  0.000000
$EndPAD
$PAD "4"
Shape Circle Layer both
position 15.240000  0.000000  size  2.500000  2.500000  orientation 360.00
drill  1.400000
shape_offset  0.000000  0.000000
$EndPAD
$PAD "5"
Shape Circle Layer both
position 20.320000  0.000000  size  2.500000  2.500000  orientation 360.00
drill  1.400000
shape_offset  0.000000  0.000000
$EndPAD
$PAD "6"
Shape Circle Layer both
position 25.400000  0.000000  size  2.500000  2.500000  orientation 360.00
drill  1.400000
shape_offset  0.000000  0.000000
$EndPAD
$PAD "7"
Shape Circle Layer both
position 30.480000  0.000000  size  2.500000  2.500000  orientation 360.00
drill  1.400000
shape_offset  0.000000  0.000000
$EndPAD
$PAD "8"
Shape Circle Layer both
position 35.560000  0.000000  size  2.500000  2.500000  orientation 360.00
drill  1.400000
shape_offset  0.000000  0.000000
$EndPAD
$PAD "9"
Shape Circle Layer both
position 40.640000  0.000000  size  2.500000  2.500000  orientation 360.00
drill  1.400000
shape_offset  0.000000  0.000000
$EndPAD
$PAD "10"
Shape Circle Layer both
position 45.720000  0.000000  size  2.500000  2.500000  orientation 360.00
drill  1.400000
shape_offset  0.000000  0.000000
$EndPAD
$EndMODULE  GPIO_CONN1

$MODULE HMI_CONN1
footprint Connect:IDC_Header_Straight_10pins
attribut none
position 86.098200 310.219000  orientation 90.00
layer front
$PAD "1"
Shape Rect Layer both
position  0.000000  0.000000  size  1.727200  1.727200  orientation 0.00
drill  1.016000
shape_offset  0.000000  0.000000
$EndPAD
$PAD "2"
Shape Oval Layer both
position  0.000000 -2.540000  size  1.727200  1.727200  orientation 0.00
drill  1.016000
shape_offset  0.000000  0.000000
$EndPAD
$PAD "3"
Shape Oval Layer both
position  2.540000  0.000000  size  1.727200  1.727200  orientation 0.00
drill  1.016000
shape_offset  0.000000  0.000000
$EndPAD
$PAD "4"
Shape Oval Layer both
position  2.540000 -2.540000  size  1.727200  1.727200  orientation 0.00
drill  1.016000
shape_offset  0.000000  0.000000
$EndPAD
$PAD "5"
Shape Oval Layer both
position  5.080000  0.000000  size  1.727200  1.727200  orientation 0.00
drill  1.016000
shape_offset  0.000000  0.000000
$EndPAD
$PAD "6"
Shape Oval Layer both
position  5.080000 -2.540000  size  1.727200  1.727200  orientation 0.00
drill  1.016000
shape_offset  0.000000  0.000000
$EndPAD
$PAD "7"
Shape Oval Layer both
position  7.620000  0.000000  size  1.727200  1.727200  orientation 0.00
drill  1.016000
shape_offset  0.000000  0.000000
$EndPAD
$PAD "8"
Shape Oval Layer both
position  7.620000 -2.540000  size  1.727200  1.727200  orientation 0.00
drill  1.016000
shape_offset  0.000000  0.000000
$EndPAD
$PAD "9"
Shape Oval Layer both
position 10.160000  0.000000  size  1.727200  1.727200  orientation 0.00
drill  1.016000
shape_offset  0.000000  0.000000
$EndPAD
$PAD "10"
Shape Oval Layer both
position 10.160000 -2.540000  size  1.727200  1.727200  orientation 0.00
drill  1.016000
shape_offset  0.000000  0.000000
$EndPAD
$EndMODULE  HMI_CONN1

$MODULE PH_VOLT_CONN1
footprint Smart_Tank:PHX_TB_HDR_10_POS_STR_(1755817)
attribut none
position 472.440000 313.690000  orientation 90.00
layer front
$PAD "1"
Shape Circle Layer both
position  0.000000  0.000000  size  2.500000  2.500000  orientation 0.00
drill  1.400000
shape_offset  0.000000  0.000000
$EndPAD
$PAD "2"
Shape Circle Layer both
position  5.080000  0.000000  size  2.500000  2.500000  orientation 0.00
drill  1.400000
shape_offset  0.000000  0.000000
$EndPAD
$PAD "3"
Shape Circle Layer both
position 10.160000  0.000000  size  2.500000  2.500000  orientation 0.00
drill  1.400000
shape_offset  0.000000  0.000000
$EndPAD
$PAD "4"
Shape Circle Layer both
position 15.240000  0.000000  size  2.500000  2.500000  orientation 0.00
drill  1.400000
shape_offset  0.000000  0.000000
$EndPAD
$PAD "5"
Shape Circle Layer both
position 20.320000  0.000000  size  2.500000  2.500000  orientation 0.00
drill  1.400000
shape_offset  0.000000  0.000000
$EndPAD
$PAD "6"
Shape Circle Layer both
position 25.400000  0.000000  size  2.500000  2.500000  orientation 0.00
drill  1.400000
shape_offset  0.000000  0.000000
$EndPAD
$PAD "7"
Shape Circle Layer both
position 30.480000  0.000000  size  2.500000  2.500000  orientation 0.00
drill  1.400000
shape_offset  0.000000  0.000000
$EndPAD
$PAD "8"
Shape Circle Layer both
position 35.560000  0.000000  size  2.500000  2.500000  orientation 0.00
drill  1.400000
shape_offset  0.000000  0.000000
$EndPAD
$PAD "9"
Shape Circle Layer both
position 40.640000  0.000000  size  2.500000  2.500000  orientation 0.00
drill  1.400000
shape_offset  0.000000  0.000000
$EndPAD
$PAD "10"
Shape Circle Layer both
position 45.720000  0.000000  size  2.500000  2.500000  orientation 0.00
drill  1.400000
shape_offset  0.000000  0.000000
$EndPAD
$EndMODULE  PH_VOLT_CONN1

$MODULE PRESSURE_CONN1
footprint Smart_Tank:PHX_TB_HDR_10_POS_STR_(1755817)
attribut none
position 472.440000 201.930000  orientation 90.00
layer front
$PAD "1"
Shape Circle Layer both
position  0.000000  0.000000  size  2.500000  2.500000  orientation 0.00
drill  1.400000
shape_offset  0.000000  0.000000
$EndPAD
$PAD "2"
Shape Circle Layer both
position  5.080000  0.000000  size  2.500000  2.500000  orientation 0.00
drill  1.400000
shape_offset  0.000000  0.000000
$EndPAD
$PAD "3"
Shape Circle Layer both
position 10.160000  0.000000  size  2.500000  2.500000  orientation 0.00
drill  1.400000
shape_offset  0.000000  0.000000
$EndPAD
$PAD "4"
Shape Circle Layer both
position 15.240000  0.000000  size  2.500000  2.500000  orientation 0.00
drill  1.400000
shape_offset  0.000000  0.000000
$EndPAD
$PAD "5"
Shape Circle Layer both
position 20.320000  0.000000  size  2.500000  2.500000  orientation 0.00
drill  1.400000
shape_offset  0.000000  0.000000
$EndPAD
$PAD "6"
Shape Circle Layer both
position 25.400000  0.000000  size  2.500000  2.500000  orientation 0.00
drill  1.400000
shape_offset  0.000000  0.000000
$EndPAD
$PAD "7"
Shape Circle Layer both
position 30.480000  0.000000  size  2.500000  2.500000  orientation 0.00
drill  1.400000
shape_offset  0.000000  0.000000
$EndPAD
$PAD "8"
Shape Circle Layer both
position 35.560000  0.000000  size  2.500000  2.500000  orientation 0.00
drill  1.400000
shape_offset  0.000000  0.000000
$EndPAD
$PAD "9"
Shape Circle Layer both
position 40.640000  0.000000  size  2.500000  2.500000  orientation 0.00
drill  1.400000
shape_offset  0.000000  0.000000
$EndPAD
$PAD "10"
Shape Circle Layer both
position 45.720000  0.000000  size  2.500000  2.500000  orientation 0.00
drill  1.400000
shape_offset  0.000000  0.000000
$EndPAD
$EndMODULE  PRESSURE_CONN1

$MODULE PUMP_AMPS_1
footprint Package_SO:SOIC-8_3.9x4.9mm_P1.27mm
attribut smd
position 114.498200 169.209000  orientation 0.00
layer front
$PAD "1"
Shape Roundrect Layer front
position -2.475000 -1.905000  size  1.950000  0.600000  orientation 0.00
drill  0.000000
shape_offset  0.000000  0.000000
$EndPAD
$PAD "2"
Shape Roundrect Layer front
position -2.475000 -0.635000  size  1.950000  0.600000  orientation 0.00
drill  0.000000
shape_offset  0.000000  0.000000
$EndPAD
$PAD "3"
Shape Roundrect Layer front
position -2.475000  0.635000  size  1.950000  0.600000  orientation 0.00
drill  0.000000
shape_offset  0.000000  0.000000
$EndPAD
$PAD "4"
Shape Roundrect Layer front
position -2.475000  1.905000  size  1.950000  0.600000  orientation 0.00
drill  0.000000
shape_offset  0.000000  0.000000
$EndPAD
$PAD "5"
Shape Roundrect Layer front
position  2.475000  1.905000  size  1.950000  0.600000  orientation 0.00
drill  0.000000
shape_offset  0.000000  0.000000
$EndPAD
$PAD "6"
Shape Roundrect Layer front
position  2.475000  0.635000  size  1.950000  0.600000  orientation 0.00
drill  0.000000
shape_offset  0.000000  0.000000
$EndPAD
$PAD "7"
Shape Roundrect Layer front
position  2.475000 -0.635000  size  1.950000  0.600000  orientation 0.00
drill  0.000000
shape_offset  0.000000  0.000000
$EndPAD
$PAD "8"
Shape Roundrect Layer front
position  2.475000 -1.905000  size  1.950000  0.600000  orientation 0.00
drill  0.000000
shape_offset  0.000000  0.000000
$EndPAD
$EndMODULE  PUMP_AMPS_1

$MODULE PUMP_AMPS_2
footprint Package_SO:SOIC-8_3.9x4.9mm_P1.27mm
attribut smd
position 175.498200 169.209000  orientation 0.00
layer front
$PAD "1"
Shape Roundrect Layer front
position -2.475000 -1.905000  size  1.950000  0.600000  orientation 0.00
drill  0.000000
shape_offset  0.000000  0.000000
$EndPAD
$PAD "2"
Shape Roundrect Layer front
position -2.475000 -0.635000  size  1.950000  0.600000  orientation 0.00
drill  0.000000
shape_offset  0.000000  0.000000
$EndPAD
$PAD "3"
Shape Roundrect Layer front
position -2.475000  0.635000  size  1.950000  0.600000  orientation 0.00
drill  0.000000
shape_offset  0.000000  0.000000
$EndPAD
$PAD "4"
Shape Roundrect Layer front
position -2.475000  1.905000  size  1.950000  0.600000  orientation 0.00
drill  0.000000
shape_offset  0.000000  0.000000
$EndPAD
$PAD "5"
Shape Roundrect Layer front
position  2.475000  1.905000  size  1.950000  0.600000  orientation 0.00
drill  0.000000
shape_offset  0.000000  0.000000
$EndPAD
$PAD "6"
Shape Roundrect Layer front
position  2.475000  0.635000  size  1.950000  0.600000  orientation 0.00
drill  0.000000
shape_offset  0.000000  0.000000
$EndPAD
$PAD "7"
Shape Roundrect Layer front
position  2.475000 -0.635000  size  1.950000  0.600000  orientation 0.00
drill  0.000000
shape_offset  0.000000  0.000000
$EndPAD
$PAD "8"
Shape Roundrect Layer front
position  2.475000 -1.905000  size  1.950000  0.600000  orientation 0.00
drill  0.000000
shape_offset  0.000000  0.000000
$EndPAD
$EndMODULE  PUMP_AMPS_2

$MODULE PUMP_AMPS_3
footprint Package_SO:SOIC-8_3.9x4.9mm_P1.27mm
attribut smd
position 236.498200 169.209000  orientation 0.00
layer front
$PAD "1"
Shape Roundrect Layer front
position -2.475000 -1.905000  size  1.950000  0.600000  orientation 0.00
drill  0.000000
shape_offset  0.000000  0.000000
$EndPAD
$PAD "2"
Shape Roundrect Layer front
position -2.475000 -0.635000  size  1.950000  0.600000  orientation 0.00
drill  0.000000
shape_offset  0.000000  0.000000
$EndPAD
$PAD "3"
Shape Roundrect Layer front
position -2.475000  0.635000  size  1.950000  0.600000  orientation 0.00
drill  0.000000
shape_offset  0.000000  0.000000
$EndPAD
$PAD "4"
Shape Roundrect Layer front
position -2.475000  1.905000  size  1.950000  0.600000  orientation 0.00
drill  0.000000
shape_offset  0.000000  0.000000
$EndPAD
$PAD "5"
Shape Roundrect Layer front
position  2.475000  1.905000  size  1.950000  0.600000  orientation 0.00
drill  0.000000
shape_offset  0.000000  0.000000
$EndPAD
$PAD "6"
Shape Roundrect Layer front
position  2.475000  0.635000  size  1.950000  0.600000  orientation 0.00
drill  0.000000
shape_offset  0.000000  0.000000
$EndPAD
$PAD "7"
Shape Roundrect Layer front
position  2.475000 -0.635000  size  1.950000  0.600000  orientation 0.00
drill  0.000000
shape_offset  0.000000  0.000000
$EndPAD
$PAD "8"
Shape Roundrect Layer front
position  2.475000 -1.905000  size  1.950000  0.600000  orientation 0.00
drill  0.000000
shape_offset  0.000000  0.000000
$EndPAD
$EndMODULE  PUMP_AMPS_3

$MODULE PUMP_AMPS_4
footprint Package_SO:SOIC-8_3.9x4.9mm_P1.27mm
attribut smd
position 297.498200 169.209000  orientation 0.00
layer front
$PAD "1"
Shape Roundrect Layer front
position -2.475000 -1.905000  size  1.950000  0.600000  orientation 0.00
drill  0.000000
shape_offset  0.000000  0.000000
$EndPAD
$PAD "2"
Shape Roundrect Layer front
position -2.475000 -0.635000  size  1.950000  0.600000  orientation 0.00
drill  0.000000
shape_offset  0.000000  0.000000
$EndPAD
$PAD "3"
Shape Roundrect Layer front
position -2.475000  0.635000  size  1.950000  0.600000  orientation 0.00
drill  0.000000
shape_offset  0.000000  0.000000
$EndPAD
$PAD "4"
Shape Roundrect Layer front
position -2.475000  1.905000  size  1.950000  0.600000  orientation 0.00
drill  0.000000
shape_offset  0.000000  0.000000
$EndPAD
$PAD "5"
Shape Roundrect Layer front
position  2.475000  1.905000  size  1.950000  0.600000  orientation 0.00
drill  0.000000
shape_offset  0.000000  0.000000
$EndPAD
$PAD "6"
Shape Roundrect Layer front
position  2.475000  0.635000  size  1.950000  0.600000  orientation 0.00
drill  0.000000
shape_offset  0.000000  0.000000
$EndPAD
$PAD "7"
Shape Roundrect Layer front
position  2.475000 -0.635000  size  1.950000  0.600000  orientation 0.00
drill  0.000000
shape_offset  0.000000  0.000000
$EndPAD
$PAD "8"
Shape Roundrect Layer front
position  2.475000 -1.905000  size  1.950000  0.600000  orientation 0.00
drill  0.000000
shape_offset  0.000000  0.000000
$EndPAD
$EndMODULE  PUMP_AMPS_4

$MODULE PUMP_AMPS_5
footprint Package_SO:SOIC-8_3.9x4.9mm_P1.27mm
attribut smd
position 358.498200 169.209000  orientation 0.00
layer front
$PAD "1"
Shape Roundrect Layer front
position -2.475000 -1.905000  size  1.950000  0.600000  orientation 0.00
drill  0.000000
shape_offset  0.000000  0.000000
$EndPAD
$PAD "2"
Shape Roundrect Layer front
position -2.475000 -0.635000  size  1.950000  0.600000  orientation 0.00
drill  0.000000
shape_offset  0.000000  0.000000
$EndPAD
$PAD "3"
Shape Roundrect Layer front
position -2.475000  0.635000  size  1.950000  0.600000  orientation 0.00
drill  0.000000
shape_offset  0.000000  0.000000
$EndPAD
$PAD "4"
Shape Roundrect Layer front
position -2.475000  1.905000  size  1.950000  0.600000  orientation 0.00
drill  0.000000
shape_offset  0.000000  0.000000
$EndPAD
$PAD "5"
Shape Roundrect Layer front
position  2.475000  1.905000  size  1.950000  0.600000  orientation 0.00
drill  0.000000
shape_offset  0.000000  0.000000
$EndPAD
$PAD "6"
Shape Roundrect Layer front
position  2.475000  0.635000  size  1.950000  0.600000  orientation 0.00
drill  0.000000
shape_offset  0.000000  0.000000
$EndPAD
$PAD "7"
Shape Roundrect Layer front
position  2.475000 -0.635000  size  1.950000  0.600000  orientation 0.00
drill  0.000000
shape_offset  0.000000  0.000000
$EndPAD
$PAD "8"
Shape Roundrect Layer front
position  2.475000 -1.905000  size  1.950000  0.600000  orientation 0.00
drill  0.000000
shape_offset  0.000000  0.000000
$EndPAD
$EndMODULE  PUMP_AMPS_5

$MODULE PUMP_AMPS_6
footprint Package_SO:SOIC-8_3.9x4.9mm_P1.27mm
attribut smd
position 419.498200 169.209000  orientation 0.00
layer front
$PAD "1"
Shape Roundrect Layer front
position -2.475000 -1.905000  size  1.950000  0.600000  orientation 0.00
drill  0.000000
shape_offset  0.000000  0.000000
$EndPAD
$PAD "2"
Shape Roundrect Layer front
position -2.475000 -0.635000  size  1.950000  0.600000  orientation 0.00
drill  0.000000
shape_offset  0.000000  0.000000
$EndPAD
$PAD "3"
Shape Roundrect Layer front
position -2.475000  0.635000  size  1.950000  0.600000  orientation 0.00
drill  0.000000
shape_offset  0.000000  0.000000
$EndPAD
$PAD "4"
Shape Roundrect Layer front
position -2.475000  1.905000  size  1.950000  0.600000  orientation 0.00
drill  0.000000
shape_offset  0.000000  0.000000
$EndPAD
$PAD "5"
Shape Roundrect Layer front
position  2.475000  1.905000  size  1.950000  0.600000  orientation 0.00
drill  0.000000
shape_offset  0.000000  0.000000
$EndPAD
$PAD "6"
Shape Roundrect Layer front
position  2.475000  0.635000  size  1.950000  0.600000  orientation 0.00
drill  0.000000
shape_offset  0.000000  0.000000
$EndPAD
$PAD "7"
Shape Roundrect Layer front
position  2.475000 -0.635000  size  1.950000  0.600000  orientation 0.00
drill  0.000000
shape_offset  0.000000  0.000000
$EndPAD
$PAD "8"
Shape Roundrect Layer front
position  2.475000 -1.905000  size  1.950000  0.600000  orientation 0.00
drill  0.000000
shape_offset  0.000000  0.000000
$EndPAD
$EndMODULE  PUMP_AMPS_6

$MODULE PUMP_CONN_1
footprint Smart_Tank:PHNX_TB_SCREW_4_POS_(1906129)
attribut none
position 106.680000 322.580000  orientation 0.00
layer front
$PAD "1"
Shape Circle Layer both
position  0.000000  0.000000  size  2.500000  2.500000  orientation 0.00
drill  1.300000
shape_offset  0.000000  0.000000
$EndPAD
$PAD "2"
Shape Circle Layer both
position  9.520000  0.000000  size  2.500000  2.500000  orientation 0.00
drill  1.300000
shape_offset  0.000000  0.000000
$EndPAD
$PAD "3"
Shape Circle Layer both
position 19.040000  0.000000  size  2.500000  2.500000  orientation 0.00
drill  1.300000
shape_offset  0.000000  0.000000
$EndPAD
$PAD "4"
Shape Circle Layer both
position 28.560000  0.000000  size  2.500000  2.500000  orientation 0.00
drill  1.300000
shape_offset  0.000000  0.000000
$EndPAD
$EndMODULE  PUMP_CONN_1

$MODULE PUMP_CONN_2
footprint Smart_Tank:PHNX_TB_SCREW_4_POS_(1906129)
attribut none
position 167.640000 322.580000  orientation 0.00
layer front
$PAD "1"
Shape Circle Layer both
position  0.000000  0.000000  size  2.500000  2.500000  orientation 0.00
drill  1.300000
shape_offset  0.000000  0.000000
$EndPAD
$PAD "2"
Shape Circle Layer both
position  9.520000  0.000000  size  2.500000  2.500000  orientation 0.00
drill  1.300000
shape_offset  0.000000  0.000000
$EndPAD
$PAD "3"
Shape Circle Layer both
position 19.040000  0.000000  size  2.500000  2.500000  orientation 0.00
drill  1.300000
shape_offset  0.000000  0.000000
$EndPAD
$PAD "4"
Shape Circle Layer both
position 28.560000  0.000000  size  2.500000  2.500000  orientation 0.00
drill  1.300000
shape_offset  0.000000  0.000000
$EndPAD
$EndMODULE  PUMP_CONN_2

$MODULE PUMP_CONN_3
footprint Smart_Tank:PHNX_TB_SCREW_4_POS_(1906129)
attribut none
position 228.600000 322.580000  orientation 0.00
layer front
$PAD "1"
Shape Circle Layer both
position  0.000000  0.000000  size  2.500000  2.500000  orientation 0.00
drill  1.300000
shape_offset  0.000000  0.000000
$EndPAD
$PAD "2"
Shape Circle Layer both
position  9.520000  0.000000  size  2.500000  2.500000  orientation 0.00
drill  1.300000
shape_offset  0.000000  0.000000
$EndPAD
$PAD "3"
Shape Circle Layer both
position 19.040000  0.000000  size  2.500000  2.500000  orientation 0.00
drill  1.300000
shape_offset  0.000000  0.000000
$EndPAD
$PAD "4"
Shape Circle Layer both
position 28.560000  0.000000  size  2.500000  2.500000  orientation 0.00
drill  1.300000
shape_offset  0.000000  0.000000
$EndPAD
$EndMODULE  PUMP_CONN_3

$MODULE PUMP_CONN_4
footprint Smart_Tank:PHNX_TB_SCREW_4_POS_(1906129)
attribut none
position 289.560000 322.580000  orientation 0.00
layer front
$PAD "1"
Shape Circle Layer both
position  0.000000  0.000000  size  2.500000  2.500000  orientation 0.00
drill  1.300000
shape_offset  0.000000  0.000000
$EndPAD
$PAD "2"
Shape Circle Layer both
position  9.520000  0.000000  size  2.500000  2.500000  orientation 0.00
drill  1.300000
shape_offset  0.000000  0.000000
$EndPAD
$PAD "3"
Shape Circle Layer both
position 19.040000  0.000000  size  2.500000  2.500000  orientation 0.00
drill  1.300000
shape_offset  0.000000  0.000000
$EndPAD
$PAD "4"
Shape Circle Layer both
position 28.560000  0.000000  size  2.500000  2.500000  orientation 0.00
drill  1.300000
shape_offset  0.000000  0.000000
$EndPAD
$EndMODULE  PUMP_CONN_4

$MODULE PUMP_CONN_5
footprint Smart_Tank:PHNX_TB_SCREW_4_POS_(1906129)
attribut none
position 350.520000 322.580000  orientation 0.00
layer front
$PAD "1"
Shape Circle Layer both
position  0.000000  0.000000  size  2.500000  2.500000  orientation 0.00
drill  1.300000
shape_offset  0.000000  0.000000
$EndPAD
$PAD "2"
Shape Circle Layer both
position  9.520000  0.000000  size  2.500000  2.500000  orientation 0.00
drill  1.300000
shape_offset  0.000000  0.000000
$EndPAD
$PAD "3"
Shape Circle Layer both
position 19.040000  0.000000  size  2.500000  2.500000  orientation 0.00
drill  1.300000
shape_offset  0.000000  0.000000
$EndPAD
$PAD "4"
Shape Circle Layer both
position 28.560000  0.000000  size  2.500000  2.500000  orientation 0.00
drill  1.300000
shape_offset  0.000000  0.000000
$EndPAD
$EndMODULE  PUMP_CONN_5

$MODULE PUMP_CONN_6
footprint Smart_Tank:PHNX_TB_SCREW_4_POS_(1906129)
attribut none
position 411.480000 322.580000  orientation 0.00
layer front
$PAD "1"
Shape Circle Layer both
position  0.000000  0.000000  size  2.500000  2.500000  orientation 0.00
drill  1.300000
shape_offset  0.000000  0.000000
$EndPAD
$PAD "2"
Shape Circle Layer both
position  9.520000  0.000000  size  2.500000  2.500000  orientation 0.00
drill  1.300000
shape_offset  0.000000  0.000000
$EndPAD
$PAD "3"
Shape Circle Layer both
position 19.040000  0.000000  size  2.500000  2.500000  orientation 0.00
drill  1.300000
shape_offset  0.000000  0.000000
$EndPAD
$PAD "4"
Shape Circle Layer both
position 28.560000  0.000000  size  2.500000  2.500000  orientation 0.00
drill  1.300000
shape_offset  0.000000  0.000000
$EndPAD
$EndMODULE  PUMP_CONN_6

$MODULE PUMP_FUSE_1
footprint Smart_Tank:FUSE_HOLDER_(01220083Z)
attribut none
position 104.140000 101.600000  orientation 0.00
layer front
$PAD "4"
Shape Circle Layer both
position  0.000000  0.000000  size  3.000000  3.000000  orientation 0.00
drill  1.980000
shape_offset  0.000000  0.000000
$EndPAD
$PAD "4"
Shape Circle Layer both
position  7.620000  0.000000  size  3.000000  3.000000  orientation 0.00
drill  1.980000
shape_offset  0.000000  0.000000
$EndPAD
$PAD "5"
Shape Circle Layer both
position  0.000000  0.000000  size  3.000000  3.000000  orientation 0.00
drill  1.980000
shape_offset  0.000000  0.000000
$EndPAD
$PAD "6"
Shape Circle Layer both
position 26.590000  0.000000  size  3.000000  3.000000  orientation 0.00
drill  1.980000
shape_offset  0.000000  0.000000
$EndPAD
$PAD "7"
Shape Circle Layer both
position 34.210000  0.000000  size  3.000000  3.000000  orientation 0.00
drill  1.980000
shape_offset  0.000000  0.000000
$EndPAD
$EndMODULE  PUMP_FUSE_1

$MODULE PUMP_FUSE_2
footprint Smart_Tank:FUSE_HOLDER_(01220083Z)
attribut none
position 165.100000 101.600000  orientation 0.00
layer front
$PAD "4"
Shape Circle Layer both
position  0.000000  0.000000  size  3.000000  3.000000  orientation 0.00
drill  1.980000
shape_offset  0.000000  0.000000
$EndPAD
$PAD "4"
Shape Circle Layer both
position  7.620000  0.000000  size  3.000000  3.000000  orientation 0.00
drill  1.980000
shape_offset  0.000000  0.000000
$EndPAD
$PAD "5"
Shape Circle Layer both
position  0.000000  0.000000  size  3.000000  3.000000  orientation 0.00
drill  1.980000
shape_offset  0.000000  0.000000
$EndPAD
$PAD "6"
Shape Circle Layer both
position 26.590000  0.000000  size  3.000000  3.000000  orientation 0.00
drill  1.980000
shape_offset  0.000000  0.000000
$EndPAD
$PAD "7"
Shape Circle Layer both
position 34.210000  0.000000  size  3.000000  3.000000  orientation 0.00
drill  1.980000
shape_offset  0.000000  0.000000
$EndPAD
$EndMODULE  PUMP_FUSE_2

$MODULE PUMP_FUSE_3
footprint Smart_Tank:FUSE_HOLDER_(01220083Z)
attribut none
position 226.060000 101.600000  orientation 0.00
layer front
$PAD "4"
Shape Circle Layer both
position  0.000000  0.000000  size  3.000000  3.000000  orientation 0.00
drill  1.980000
shape_offset  0.000000  0.000000
$EndPAD
$PAD "4"
Shape Circle Layer both
position  7.620000  0.000000  size  3.000000  3.000000  orientation 0.00
drill  1.980000
shape_offset  0.000000  0.000000
$EndPAD
$PAD "5"
Shape Circle Layer both
position  0.000000  0.000000  size  3.000000  3.000000  orientation 0.00
drill  1.980000
shape_offset  0.000000  0.000000
$EndPAD
$PAD "6"
Shape Circle Layer both
position 26.590000  0.000000  size  3.000000  3.000000  orientation 0.00
drill  1.980000
shape_offset  0.000000  0.000000
$EndPAD
$PAD "7"
Shape Circle Layer both
position 34.210000  0.000000  size  3.000000  3.000000  orientation 0.00
drill  1.980000
shape_offset  0.000000  0.000000
$EndPAD
$EndMODULE  PUMP_FUSE_3

$MODULE PUMP_FUSE_4
footprint Smart_Tank:FUSE_HOLDER_(01220083Z)
attribut none
position 287.020000 101.600000  orientation 0.00
layer front
$PAD "4"
Shape Circle Layer both
position  0.000000  0.000000  size  3.000000  3.000000  orientation 0.00
drill  1.980000
shape_offset  0.000000  0.000000
$EndPAD
$PAD "4"
Shape Circle Layer both
position  7.620000  0.000000  size  3.000000  3.000000  orientation 0.00
drill  1.980000
shape_offset  0.000000  0.000000
$EndPAD
$PAD "5"
Shape Circle Layer both
position  0.000000  0.000000  size  3.000000  3.000000  orientation 0.00
drill  1.980000
shape_offset  0.000000  0.000000
$EndPAD
$PAD "6"
Shape Circle Layer both
position 26.590000  0.000000  size  3.000000  3.000000  orientation 0.00
drill  1.980000
shape_offset  0.000000  0.000000
$EndPAD
$PAD "7"
Shape Circle Layer both
position 34.210000  0.000000  size  3.000000  3.000000  orientation 0.00
drill  1.980000
shape_offset  0.000000  0.000000
$EndPAD
$EndMODULE  PUMP_FUSE_4

$MODULE PUMP_FUSE_5
footprint Smart_Tank:FUSE_HOLDER_(01220083Z)
attribut none
position 347.980000 101.600000  orientation 0.00
layer front
$PAD "4"
Shape Circle Layer both
position  0.000000  0.000000  size  3.000000  3.000000  orientation 0.00
drill  1.980000
shape_offset  0.000000  0.000000
$EndPAD
$PAD "4"
Shape Circle Layer both
position  7.620000  0.000000  size  3.000000  3.000000  orientation 0.00
drill  1.980000
shape_offset  0.000000  0.000000
$EndPAD
$PAD "5"
Shape Circle Layer both
position  0.000000  0.000000  size  3.000000  3.000000  orientation 0.00
drill  1.980000
shape_offset  0.000000  0.000000
$EndPAD
$PAD "6"
Shape Circle Layer both
position 26.590000  0.000000  size  3.000000  3.000000  orientation 0.00
drill  1.980000
shape_offset  0.000000  0.000000
$EndPAD
$PAD "7"
Shape Circle Layer both
position 34.210000  0.000000  size  3.000000  3.000000  orientation 0.00
drill  1.980000
shape_offset  0.000000  0.000000
$EndPAD
$EndMODULE  PUMP_FUSE_5

$MODULE PUMP_FUSE_6
footprint Smart_Tank:FUSE_HOLDER_(01220083Z)
attribut none
position 408.940000 101.600000  orientation 0.00
layer front
$PAD "4"
Shape Circle Layer both
position  0.000000  0.000000  size  3.000000  3.000000  orientation 0.00
drill  1.980000
shape_offset  0.000000  0.000000
$EndPAD
$PAD "4"
Shape Circle Layer both
position  7.620000  0.000000  size  3.000000  3.000000  orientation 0.00
drill  1.980000
shape_offset  0.000000  0.000000
$EndPAD
$PAD "5"
Shape Circle Layer both
position  0.000000  0.000000  size  3.000000  3.000000  orientation 0.00
drill  1.980000
shape_offset  0.000000  0.000000
$EndPAD
$PAD "6"
Shape Circle Layer both
position 26.590000  0.000000  size  3.000000  3.000000  orientation 0.00
drill  1.980000
shape_offset  0.000000  0.000000
$EndPAD
$PAD "7"
Shape Circle Layer both
position 34.210000  0.000000  size  3.000000  3.000000  orientation 0.00
drill  1.980000
shape_offset  0.000000  0.000000
$EndPAD
$EndMODULE  PUMP_FUSE_6

$MODULE PUMP_PWR_CONN_1
footprint Smart_Tank:PHNX_TB_SCREW_4_POS_(1906129)
attribut none
position 135.255000 81.280000  orientation 180.00
layer front
$PAD "1"
Shape Circle Layer both
position  0.000000  0.000000  size  2.500000  2.500000  orientation 0.00
drill  1.300000
shape_offset  0.000000  0.000000
$EndPAD
$PAD "2"
Shape Circle Layer both
position  9.520000  0.000000  size  2.500000  2.500000  orientation 0.00
drill  1.300000
shape_offset  0.000000  0.000000
$EndPAD
$PAD "3"
Shape Circle Layer both
position 19.040000  0.000000  size  2.500000  2.500000  orientation 0.00
drill  1.300000
shape_offset  0.000000  0.000000
$EndPAD
$PAD "4"
Shape Circle Layer both
position 28.560000  0.000000  size  2.500000  2.500000  orientation 0.00
drill  1.300000
shape_offset  0.000000  0.000000
$EndPAD
$EndMODULE  PUMP_PWR_CONN_1

$MODULE PUMP_PWR_CONN_2
footprint Smart_Tank:PHNX_TB_SCREW_4_POS_(1906129)
attribut none
position 196.215000 81.280000  orientation 180.00
layer front
$PAD "1"
Shape Circle Layer both
position  0.000000  0.000000  size  2.500000  2.500000  orientation 0.00
drill  1.300000
shape_offset  0.000000  0.000000
$EndPAD
$PAD "2"
Shape Circle Layer both
position  9.520000  0.000000  size  2.500000  2.500000  orientation 0.00
drill  1.300000
shape_offset  0.000000  0.000000
$EndPAD
$PAD "3"
Shape Circle Layer both
position 19.040000  0.000000  size  2.500000  2.500000  orientation 0.00
drill  1.300000
shape_offset  0.000000  0.000000
$EndPAD
$PAD "4"
Shape Circle Layer both
position 28.560000  0.000000  size  2.500000  2.500000  orientation 0.00
drill  1.300000
shape_offset  0.000000  0.000000
$EndPAD
$EndMODULE  PUMP_PWR_CONN_2

$MODULE PUMP_PWR_CONN_3
footprint Smart_Tank:PHNX_TB_SCREW_4_POS_(1906129)
attribut none
position 257.175000 81.280000  orientation 180.00
layer front
$PAD "1"
Shape Circle Layer both
position  0.000000  0.000000  size  2.500000  2.500000  orientation 0.00
drill  1.300000
shape_offset  0.000000  0.000000
$EndPAD
$PAD "2"
Shape Circle Layer both
position  9.520000  0.000000  size  2.500000  2.500000  orientation 0.00
drill  1.300000
shape_offset  0.000000  0.000000
$EndPAD
$PAD "3"
Shape Circle Layer both
position 19.040000  0.000000  size  2.500000  2.500000  orientation 0.00
drill  1.300000
shape_offset  0.000000  0.000000
$EndPAD
$PAD "4"
Shape Circle Layer both
position 28.560000  0.000000  size  2.500000  2.500000  orientation 0.00
drill  1.300000
shape_offset  0.000000  0.000000
$EndPAD
$EndMODULE  PUMP_PWR_CONN_3

$MODULE PUMP_PWR_CONN_4
footprint Smart_Tank:PHNX_TB_SCREW_4_POS_(1906129)
attribut none
position 318.135000 81.280000  orientation 180.00
layer front
$PAD "1"
Shape Circle Layer both
position  0.000000  0.000000  size  2.500000  2.500000  orientation 0.00
drill  1.300000
shape_offset  0.000000  0.000000
$EndPAD
$PAD "2"
Shape Circle Layer both
position  9.520000  0.000000  size  2.500000  2.500000  orientation 0.00
drill  1.300000
shape_offset  0.000000  0.000000
$EndPAD
$PAD "3"
Shape Circle Layer both
position 19.040000  0.000000  size  2.500000  2.500000  orientation 0.00
drill  1.300000
shape_offset  0.000000  0.000000
$EndPAD
$PAD "4"
Shape Circle Layer both
position 28.560000  0.000000  size  2.500000  2.500000  orientation 0.00
drill  1.300000
shape_offset  0.000000  0.000000
$EndPAD
$EndMODULE  PUMP_PWR_CONN_4

$MODULE PUMP_PWR_CONN_5
footprint Smart_Tank:PHNX_TB_SCREW_4_POS_(1906129)
attribut none
position 379.095000 81.280000  orientation 180.00
layer front
$PAD "1"
Shape Circle Layer both
position  0.000000  0.000000  size  2.500000  2.500000  orientation 0.00
drill  1.300000
shape_offset  0.000000  0.000000
$EndPAD
$PAD "2"
Shape Circle Layer both
position  9.520000  0.000000  size  2.500000  2.500000  orientation 0.00
drill  1.300000
shape_offset  0.000000  0.000000
$EndPAD
$PAD "3"
Shape Circle Layer both
position 19.040000  0.000000  size  2.500000  2.500000  orientation 0.00
drill  1.300000
shape_offset  0.000000  0.000000
$EndPAD
$PAD "4"
Shape Circle Layer both
position 28.560000  0.000000  size  2.500000  2.500000  orientation 0.00
drill  1.300000
shape_offset  0.000000  0.000000
$EndPAD
$EndMODULE  PUMP_PWR_CONN_5

$MODULE PUMP_PWR_CONN_6
footprint Smart_Tank:PHNX_TB_SCREW_4_POS_(1906129)
attribut none
position 440.055000 81.280000  orientation 180.00
layer front
$PAD "1"
Shape Circle Layer both
position  0.000000  0.000000  size  2.500000  2.500000  orientation 0.00
drill  1.300000
shape_offset  0.000000  0.000000
$EndPAD
$PAD "2"
Shape Circle Layer both
position  9.520000  0.000000  size  2.500000  2.500000  orientation 0.00
drill  1.300000
shape_offset  0.000000  0.000000
$EndPAD
$PAD "3"
Shape Circle Layer both
position 19.040000  0.000000  size  2.500000  2.500000  orientation 0.00
drill  1.300000
shape_offset  0.000000  0.000000
$EndPAD
$PAD "4"
Shape Circle Layer both
position 28.560000  0.000000  size  2.500000  2.500000  orientation 0.00
drill  1.300000
shape_offset  0.000000  0.000000
$EndPAD
$EndMODULE  PUMP_PWR_CONN_6

$MODULE PUMP_SHUNT_1
footprint Smart_Tank:SHUNT_(WSL40261L000FEA)
attribut none
position 112.398200 182.964000  orientation 0.00
layer front
$PAD "1"
Shape Rect Layer front
position -2.000000 -4.700000  size  5.200000  2.440000  orientation 90.00
drill  0.000000
shape_offset  0.000000  0.000000
$EndPAD
$PAD "2"
Shape Rect Layer front
position -2.000000 -8.473500  size  0.890000  2.440000  orientation 90.00
drill  0.000000
shape_offset  0.000000  0.000000
$EndPAD
$PAD "3"
Shape Rect Layer front
position  6.230000 -8.473500  size  0.890000  2.440000  orientation 90.00
drill  0.000000
shape_offset  0.000000  0.000000
$EndPAD
$PAD "4"
Shape Rect Layer front
position  6.230000 -4.700000  size  5.200000  2.440000  orientation 90.00
drill  0.000000
shape_offset  0.000000  0.000000
$EndPAD
$EndMODULE  PUMP_SHUNT_1

$MODULE PUMP_SHUNT_2
footprint Smart_Tank:SHUNT_(WSL40261L000FEA)
attribut none
position 173.398200 182.964000  orientation 0.00
layer front
$PAD "1"
Shape Rect Layer front
position -2.000000 -4.700000  size  5.200000  2.440000  orientation 90.00
drill  0.000000
shape_offset  0.000000  0.000000
$EndPAD
$PAD "2"
Shape Rect Layer front
position -2.000000 -8.473500  size  0.890000  2.440000  orientation 90.00
drill  0.000000
shape_offset  0.000000  0.000000
$EndPAD
$PAD "3"
Shape Rect Layer front
position  6.230000 -8.473500  size  0.890000  2.440000  orientation 90.00
drill  0.000000
shape_offset  0.000000  0.000000
$EndPAD
$PAD "4"
Shape Rect Layer front
position  6.230000 -4.700000  size  5.200000  2.440000  orientation 90.00
drill  0.000000
shape_offset  0.000000  0.000000
$EndPAD
$EndMODULE  PUMP_SHUNT_2

$MODULE PUMP_SHUNT_3
footprint Smart_Tank:SHUNT_(WSL40261L000FEA)
attribut none
position 234.398200 182.964000  orientation 0.00
layer front
$PAD "1"
Shape Rect Layer front
position -2.000000 -4.700000  size  5.200000  2.440000  orientation 90.00
drill  0.000000
shape_offset  0.000000  0.000000
$EndPAD
$PAD "2"
Shape Rect Layer front
position -2.000000 -8.473500  size  0.890000  2.440000  orientation 90.00
drill  0.000000
shape_offset  0.000000  0.000000
$EndPAD
$PAD "3"
Shape Rect Layer front
position  6.230000 -8.473500  size  0.890000  2.440000  orientation 90.00
drill  0.000000
shape_offset  0.000000  0.000000
$EndPAD
$PAD "4"
Shape Rect Layer front
position  6.230000 -4.700000  size  5.200000  2.440000  orientation 90.00
drill  0.000000
shape_offset  0.000000  0.000000
$EndPAD
$EndMODULE  PUMP_SHUNT_3

$MODULE PUMP_SHUNT_4
footprint Smart_Tank:SHUNT_(WSL40261L000FEA)
attribut none
position 295.398200 182.964000  orientation 0.00
layer front
$PAD "1"
Shape Rect Layer front
position -2.000000 -4.700000  size  5.200000  2.440000  orientation 90.00
drill  0.000000
shape_offset  0.000000  0.000000
$EndPAD
$PAD "2"
Shape Rect Layer front
position -2.000000 -8.473500  size  0.890000  2.440000  orientation 90.00
drill  0.000000
shape_offset  0.000000  0.000000
$EndPAD
$PAD "3"
Shape Rect Layer front
position  6.230000 -8.473500  size  0.890000  2.440000  orientation 90.00
drill  0.000000
shape_offset  0.000000  0.000000
$EndPAD
$PAD "4"
Shape Rect Layer front
position  6.230000 -4.700000  size  5.200000  2.440000  orientation 90.00
drill  0.000000
shape_offset  0.000000  0.000000
$EndPAD
$EndMODULE  PUMP_SHUNT_4

$MODULE PUMP_SHUNT_5
footprint Smart_Tank:SHUNT_(WSL40261L000FEA)
attribut none
position 356.398200 182.964000  orientation 0.00
layer front
$PAD "1"
Shape Rect Layer front
position -2.000000 -4.700000  size  5.200000  2.440000  orientation 90.00
drill  0.000000
shape_offset  0.000000  0.000000
$EndPAD
$PAD "2"
Shape Rect Layer front
position -2.000000 -8.473500  size  0.890000  2.440000  orientation 90.00
drill  0.000000
shape_offset  0.000000  0.000000
$EndPAD
$PAD "3"
Shape Rect Layer front
position  6.230000 -8.473500  size  0.890000  2.440000  orientation 90.00
drill  0.000000
shape_offset  0.000000  0.000000
$EndPAD
$PAD "4"
Shape Rect Layer front
position  6.230000 -4.700000  size  5.200000  2.440000  orientation 90.00
drill  0.000000
shape_offset  0.000000  0.000000
$EndPAD
$EndMODULE  PUMP_SHUNT_5

$MODULE PUMP_SHUNT_6
footprint Smart_Tank:SHUNT_(WSL40261L000FEA)
attribut none
position 417.398200 182.964000  orientation 0.00
layer front
$PAD "1"
Shape Rect Layer front
position -2.000000 -4.700000  size  5.200000  2.440000  orientation 90.00
drill  0.000000
shape_offset  0.000000  0.000000
$EndPAD
$PAD "2"
Shape Rect Layer front
position -2.000000 -8.473500  size  0.890000  2.440000  orientation 90.00
drill  0.000000
shape_offset  0.000000  0.000000
$EndPAD
$PAD "3"
Shape Rect Layer front
position  6.230000 -8.473500  size  0.890000  2.440000  orientation 90.00
drill  0.000000
shape_offset  0.000000  0.000000
$EndPAD
$PAD "4"
Shape Rect Layer front
position  6.230000 -4.700000  size  5.200000  2.440000  orientation 90.00
drill  0.000000
shape_offset  0.000000  0.000000
$EndPAD
$EndMODULE  PUMP_SHUNT_6

$MODULE PUMP_V_CONN_1
footprint Smart_Tank:PHX_TB_HDR_4_POS_STR_(1755752)
attribut none
position 143.818200 328.879000  orientation 0.00
layer front
$PAD "1"
Shape Circle Layer both
position  0.000000  0.000000  size  2.500000  2.500000  orientation 0.00
drill  1.400000
shape_offset  0.000000  0.000000
$EndPAD
$PAD "2"
Shape Circle Layer both
position  5.080000  0.000000  size  2.500000  2.500000  orientation 0.00
drill  1.400000
shape_offset  0.000000  0.000000
$EndPAD
$PAD "3"
Shape Circle Layer both
position 10.160000  0.000000  size  2.500000  2.500000  orientation 0.00
drill  1.400000
shape_offset  0.000000  0.000000
$EndPAD
$PAD "4"
Shape Circle Layer both
position 15.240000  0.000000  size  2.500000  2.500000  orientation 0.00
drill  1.400000
shape_offset  0.000000  0.000000
$EndPAD
$EndMODULE  PUMP_V_CONN_1

$MODULE PUMP_V_CONN_2
footprint Smart_Tank:PHX_TB_HDR_4_POS_STR_(1755752)
attribut none
position 204.778200 328.879000  orientation 0.00
layer front
$PAD "1"
Shape Circle Layer both
position  0.000000  0.000000  size  2.500000  2.500000  orientation 0.00
drill  1.400000
shape_offset  0.000000  0.000000
$EndPAD
$PAD "2"
Shape Circle Layer both
position  5.080000  0.000000  size  2.500000  2.500000  orientation 0.00
drill  1.400000
shape_offset  0.000000  0.000000
$EndPAD
$PAD "3"
Shape Circle Layer both
position 10.160000  0.000000  size  2.500000  2.500000  orientation 0.00
drill  1.400000
shape_offset  0.000000  0.000000
$EndPAD
$PAD "4"
Shape Circle Layer both
position 15.240000  0.000000  size  2.500000  2.500000  orientation 0.00
drill  1.400000
shape_offset  0.000000  0.000000
$EndPAD
$EndMODULE  PUMP_V_CONN_2

$MODULE PUMP_V_CONN_3
footprint Smart_Tank:PHX_TB_HDR_4_POS_STR_(1755752)
attribut none
position 265.728200 328.859000  orientation 0.00
layer front
$PAD "1"
Shape Circle Layer both
position  0.000000  0.000000  size  2.500000  2.500000  orientation 0.00
drill  1.400000
shape_offset  0.000000  0.000000
$EndPAD
$PAD "2"
Shape Circle Layer both
position  5.080000  0.000000  size  2.500000  2.500000  orientation 0.00
drill  1.400000
shape_offset  0.000000  0.000000
$EndPAD
$PAD "3"
Shape Circle Layer both
position 10.160000  0.000000  size  2.500000  2.500000  orientation 0.00
drill  1.400000
shape_offset  0.000000  0.000000
$EndPAD
$PAD "4"
Shape Circle Layer both
position 15.240000  0.000000  size  2.500000  2.500000  orientation 0.00
drill  1.400000
shape_offset  0.000000  0.000000
$EndPAD
$EndMODULE  PUMP_V_CONN_3

$MODULE PUMP_V_CONN_4
footprint Smart_Tank:PHX_TB_HDR_4_POS_STR_(1755752)
attribut none
position 326.698200 328.859000  orientation 0.00
layer front
$PAD "1"
Shape Circle Layer both
position  0.000000  0.000000  size  2.500000  2.500000  orientation 0.00
drill  1.400000
shape_offset  0.000000  0.000000
$EndPAD
$PAD "2"
Shape Circle Layer both
position  5.080000  0.000000  size  2.500000  2.500000  orientation 0.00
drill  1.400000
shape_offset  0.000000  0.000000
$EndPAD
$PAD "3"
Shape Circle Layer both
position 10.160000  0.000000  size  2.500000  2.500000  orientation 0.00
drill  1.400000
shape_offset  0.000000  0.000000
$EndPAD
$PAD "4"
Shape Circle Layer both
position 15.240000  0.000000  size  2.500000  2.500000  orientation 0.00
drill  1.400000
shape_offset  0.000000  0.000000
$EndPAD
$EndMODULE  PUMP_V_CONN_4

$MODULE PUMP_V_CONN_5
footprint Smart_Tank:PHX_TB_HDR_4_POS_STR_(1755752)
attribut none
position 387.618200 328.879000  orientation 0.00
layer front
$PAD "1"
Shape Circle Layer both
position  0.000000  0.000000  size  2.500000  2.500000  orientation 0.00
drill  1.400000
shape_offset  0.000000  0.000000
$EndPAD
$PAD "2"
Shape Circle Layer both
position  5.080000  0.000000  size  2.500000  2.500000  orientation 0.00
drill  1.400000
shape_offset  0.000000  0.000000
$EndPAD
$PAD "3"
Shape Circle Layer both
position 10.160000  0.000000  size  2.500000  2.500000  orientation 0.00
drill  1.400000
shape_offset  0.000000  0.000000
$EndPAD
$PAD "4"
Shape Circle Layer both
position 15.240000  0.000000  size  2.500000  2.500000  orientation 0.00
drill  1.400000
shape_offset  0.000000  0.000000
$EndPAD
$EndMODULE  PUMP_V_CONN_5

$MODULE PUMP_V_CONN_6
footprint Smart_Tank:PHX_TB_HDR_4_POS_STR_(1755752)
attribut none
position 448.618200 328.879000  orientation 0.00
layer front
$PAD "1"
Shape Circle Layer both
position  0.000000  0.000000  size  2.500000  2.500000  orientation 0.00
drill  1.400000
shape_offset  0.000000  0.000000
$EndPAD
$PAD "2"
Shape Circle Layer both
position  5.080000  0.000000  size  2.500000  2.500000  orientation 0.00
drill  1.400000
shape_offset  0.000000  0.000000
$EndPAD
$PAD "3"
Shape Circle Layer both
position 10.160000  0.000000  size  2.500000  2.500000  orientation 0.00
drill  1.400000
shape_offset  0.000000  0.000000
$EndPAD
$PAD "4"
Shape Circle Layer both
position 15.240000  0.000000  size  2.500000  2.500000  orientation 0.00
drill  1.400000
shape_offset  0.000000  0.000000
$EndPAD
$EndMODULE  PUMP_V_CONN_6

$MODULE PWR_CONN1
footprint Smart_Tank:PHX_TB_HDR_4_POS_STR_(1755752)
attribut none
position 85.090000 181.610000  orientation -90.00
layer front
$PAD "1"
Shape Circle Layer both
position  0.000000  0.000000  size  2.500000  2.500000  orientation 360.00
drill  1.400000
shape_offset  0.000000  0.000000
$EndPAD
$PAD "2"
Shape Circle Layer both
position  5.080000  0.000000  size  2.500000  2.500000  orientation 360.00
drill  1.400000
shape_offset  0.000000  0.000000
$EndPAD
$PAD "3"
Shape Circle Layer both
position 10.160000  0.000000  size  2.500000  2.500000  orientation 360.00
drill  1.400000
shape_offset  0.000000  0.000000
$EndPAD
$PAD "4"
Shape Circle Layer both
position 15.240000  0.000000  size  2.500000  2.500000  orientation 360.00
drill  1.400000
shape_offset  0.000000  0.000000
$EndPAD
$EndMODULE  PWR_CONN1

$MODULE PWR_RLY_1
footprint Smart_Tank:TE_AUTO_RELAY_SOCKET_(VCF4-1000)
attribut none
position 114.300000 123.190000  orientation 0.00
layer front
$PAD ""
Shape Circle Layer both
position -6.096000 -6.502400  size  2.500000  2.500000  orientation 0.00
drill  2.500000
shape_offset  0.000000  0.000000
$EndPAD
$PAD ""
Shape Circle Layer both
position  7.899400  6.502400  size  2.500000  2.500000  orientation 0.00
drill  2.500000
shape_offset  0.000000  0.000000
$EndPAD
$PAD "30"
Shape Circle Layer both
position  9.906000  0.000000  size  3.900000  3.900000  orientation 0.00
drill  2.700000
shape_offset  0.000000  0.000000
$EndPAD
$PAD "85"
Shape Circle Layer both
position  0.406400  8.458200  size  3.900000  3.900000  orientation 0.00
drill  2.700000
shape_offset  0.000000  0.000000
$EndPAD
$PAD "86"
Shape Circle Layer both
position  0.406400 -8.432800  size  3.900000  3.900000  orientation 0.00
drill  2.700000
shape_offset  0.000000  0.000000
$EndPAD
$PAD "87"
Shape Circle Layer both
position -8.001000  0.000000  size  3.900000  3.900000  orientation 0.00
drill  2.700000
shape_offset  0.000000  0.000000
$EndPAD
$PAD "87a"
Shape Circle Layer both
position  0.000000  0.000000  size  3.900000  3.900000  orientation 0.00
drill  2.700000
shape_offset  0.000000  0.000000
$EndPAD
$EndMODULE  PWR_RLY_1

$MODULE PWR_RLY_2
footprint Smart_Tank:TE_AUTO_RELAY_SOCKET_(VCF4-1000)
attribut none
position 175.260000 123.190000  orientation 0.00
layer front
$PAD ""
Shape Circle Layer both
position -6.096000 -6.502400  size  2.500000  2.500000  orientation 0.00
drill  2.500000
shape_offset  0.000000  0.000000
$EndPAD
$PAD ""
Shape Circle Layer both
position  7.899400  6.502400  size  2.500000  2.500000  orientation 0.00
drill  2.500000
shape_offset  0.000000  0.000000
$EndPAD
$PAD "30"
Shape Circle Layer both
position  9.906000  0.000000  size  3.900000  3.900000  orientation 0.00
drill  2.700000
shape_offset  0.000000  0.000000
$EndPAD
$PAD "85"
Shape Circle Layer both
position  0.406400  8.458200  size  3.900000  3.900000  orientation 0.00
drill  2.700000
shape_offset  0.000000  0.000000
$EndPAD
$PAD "86"
Shape Circle Layer both
position  0.406400 -8.432800  size  3.900000  3.900000  orientation 0.00
drill  2.700000
shape_offset  0.000000  0.000000
$EndPAD
$PAD "87"
Shape Circle Layer both
position -8.001000  0.000000  size  3.900000  3.900000  orientation 0.00
drill  2.700000
shape_offset  0.000000  0.000000
$EndPAD
$PAD "87a"
Shape Circle Layer both
position  0.000000  0.000000  size  3.900000  3.900000  orientation 0.00
drill  2.700000
shape_offset  0.000000  0.000000
$EndPAD
$EndMODULE  PWR_RLY_2

$MODULE PWR_RLY_3
footprint Smart_Tank:TE_AUTO_RELAY_SOCKET_(VCF4-1000)
attribut none
position 236.220000 123.190000  orientation 0.00
layer front
$PAD ""
Shape Circle Layer both
position -6.096000 -6.502400  size  2.500000  2.500000  orientation 0.00
drill  2.500000
shape_offset  0.000000  0.000000
$EndPAD
$PAD ""
Shape Circle Layer both
position  7.899400  6.502400  size  2.500000  2.500000  orientation 0.00
drill  2.500000
shape_offset  0.000000  0.000000
$EndPAD
$PAD "30"
Shape Circle Layer both
position  9.906000  0.000000  size  3.900000  3.900000  orientation 0.00
drill  2.700000
shape_offset  0.000000  0.000000
$EndPAD
$PAD "85"
Shape Circle Layer both
position  0.406400  8.458200  size  3.900000  3.900000  orientation 0.00
drill  2.700000
shape_offset  0.000000  0.000000
$EndPAD
$PAD "86"
Shape Circle Layer both
position  0.406400 -8.432800  size  3.900000  3.900000  orientation 0.00
drill  2.700000
shape_offset  0.000000  0.000000
$EndPAD
$PAD "87"
Shape Circle Layer both
position -8.001000  0.000000  size  3.900000  3.900000  orientation 0.00
drill  2.700000
shape_offset  0.000000  0.000000
$EndPAD
$PAD "87a"
Shape Circle Layer both
position  0.000000  0.000000  size  3.900000  3.900000  orientation 0.00
drill  2.700000
shape_offset  0.000000  0.000000
$EndPAD
$EndMODULE  PWR_RLY_3

$MODULE PWR_RLY_4
footprint Smart_Tank:TE_AUTO_RELAY_SOCKET_(VCF4-1000)
attribut none
position 297.180000 123.190000  orientation 0.00
layer front
$PAD ""
Shape Circle Layer both
position -6.096000 -6.502400  size  2.500000  2.500000  orientation 0.00
drill  2.500000
shape_offset  0.000000  0.000000
$EndPAD
$PAD ""
Shape Circle Layer both
position  7.899400  6.502400  size  2.500000  2.500000  orientation 0.00
drill  2.500000
shape_offset  0.000000  0.000000
$EndPAD
$PAD "30"
Shape Circle Layer both
position  9.906000  0.000000  size  3.900000  3.900000  orientation 0.00
drill  2.700000
shape_offset  0.000000  0.000000
$EndPAD
$PAD "85"
Shape Circle Layer both
position  0.406400  8.458200  size  3.900000  3.900000  orientation 0.00
drill  2.700000
shape_offset  0.000000  0.000000
$EndPAD
$PAD "86"
Shape Circle Layer both
position  0.406400 -8.432800  size  3.900000  3.900000  orientation 0.00
drill  2.700000
shape_offset  0.000000  0.000000
$EndPAD
$PAD "87"
Shape Circle Layer both
position -8.001000  0.000000  size  3.900000  3.900000  orientation 0.00
drill  2.700000
shape_offset  0.000000  0.000000
$EndPAD
$PAD "87a"
Shape Circle Layer both
position  0.000000  0.000000  size  3.900000  3.900000  orientation 0.00
drill  2.700000
shape_offset  0.000000  0.000000
$EndPAD
$EndMODULE  PWR_RLY_4

$MODULE PWR_RLY_5
footprint Smart_Tank:TE_AUTO_RELAY_SOCKET_(VCF4-1000)
attribut none
position 358.140000 123.190000  orientation 0.00
layer front
$PAD ""
Shape Circle Layer both
position -6.096000 -6.502400  size  2.500000  2.500000  orientation 0.00
drill  2.500000
shape_offset  0.000000  0.000000
$EndPAD
$PAD ""
Shape Circle Layer both
position  7.899400  6.502400  size  2.500000  2.500000  orientation 0.00
drill  2.500000
shape_offset  0.000000  0.000000
$EndPAD
$PAD "30"
Shape Circle Layer both
position  9.906000  0.000000  size  3.900000  3.900000  orientation 0.00
drill  2.700000
shape_offset  0.000000  0.000000
$EndPAD
$PAD "85"
Shape Circle Layer both
position  0.406400  8.458200  size  3.900000  3.900000  orientation 0.00
drill  2.700000
shape_offset  0.000000  0.000000
$EndPAD
$PAD "86"
Shape Circle Layer both
position  0.406400 -8.432800  size  3.900000  3.900000  orientation 0.00
drill  2.700000
shape_offset  0.000000  0.000000
$EndPAD
$PAD "87"
Shape Circle Layer both
position -8.001000  0.000000  size  3.900000  3.900000  orientation 0.00
drill  2.700000
shape_offset  0.000000  0.000000
$EndPAD
$PAD "87a"
Shape Circle Layer both
position  0.000000  0.000000  size  3.900000  3.900000  orientation 0.00
drill  2.700000
shape_offset  0.000000  0.000000
$EndPAD
$EndMODULE  PWR_RLY_5

$MODULE PWR_RLY_6
footprint Smart_Tank:TE_AUTO_RELAY_SOCKET_(VCF4-1000)
attribut none
position 419.100000 123.190000  orientation 0.00
layer front
$PAD ""
Shape Circle Layer both
position -6.096000 -6.502400  size  2.500000  2.500000  orientation 0.00
drill  2.500000
shape_offset  0.000000  0.000000
$EndPAD
$PAD ""
Shape Circle Layer both
position  7.899400  6.502400  size  2.500000  2.500000  orientation 0.00
drill  2.500000
shape_offset  0.000000  0.000000
$EndPAD
$PAD "30"
Shape Circle Layer both
position  9.906000  0.000000  size  3.900000  3.900000  orientation 0.00
drill  2.700000
shape_offset  0.000000  0.000000
$EndPAD
$PAD "85"
Shape Circle Layer both
position  0.406400  8.458200  size  3.900000  3.900000  orientation 0.00
drill  2.700000
shape_offset  0.000000  0.000000
$EndPAD
$PAD "86"
Shape Circle Layer both
position  0.406400 -8.432800  size  3.900000  3.900000  orientation 0.00
drill  2.700000
shape_offset  0.000000  0.000000
$EndPAD
$PAD "87"
Shape Circle Layer both
position -8.001000  0.000000  size  3.900000  3.900000  orientation 0.00
drill  2.700000
shape_offset  0.000000  0.000000
$EndPAD
$PAD "87a"
Shape Circle Layer both
position  0.000000  0.000000  size  3.900000  3.900000  orientation 0.00
drill  2.700000
shape_offset  0.000000  0.000000
$EndPAD
$EndMODULE  PWR_RLY_6

$MODULE PWR_SEL1
footprint Connector_PinHeader_2.54mm:PinHeader_1x03_P2.54mm_Vertical
attribut none
position 456.308200 129.339000  orientation 0.00
layer front
$PAD "1"
Shape Rect Layer both
position  0.000000  0.000000  size  1.700000  1.700000  orientation 0.00
drill  1.000000
shape_offset  0.000000  0.000000
$EndPAD
$PAD "2"
Shape Circle Layer both
position  0.000000  2.540000  size  1.700000  1.700000  orientation 0.00
drill  1.000000
shape_offset  0.000000  0.000000
$EndPAD
$PAD "3"
Shape Circle Layer both
position  0.000000  5.080000  size  1.700000  1.700000  orientation 0.00
drill  1.000000
shape_offset  0.000000  0.000000
$EndPAD
$EndMODULE  PWR_SEL1

$MODULE Q1
footprint Package_TO_SOT_SMD:SOT-23
attribut smd
position 124.518200 114.589000  orientation 0.00
layer front
$PAD "1"
Shape Roundrect Layer front
position -0.937500 -0.950000  size  1.475000  0.600000  orientation 0.00
drill  0.000000
shape_offset  0.000000  0.000000
$EndPAD
$PAD "2"
Shape Roundrect Layer front
position -0.937500  0.950000  size  1.475000  0.600000  orientation 0.00
drill  0.000000
shape_offset  0.000000  0.000000
$EndPAD
$PAD "3"
Shape Roundrect Layer front
position  0.937500  0.000000  size  1.475000  0.600000  orientation 0.00
drill  0.000000
shape_offset  0.000000  0.000000
$EndPAD
$EndMODULE  Q1

$MODULE Q2
footprint Package_TO_SOT_SMD:SOT-23
attribut smd
position 121.038200 220.979000  orientation 180.00
layer front
$PAD "1"
Shape Roundrect Layer front
position -0.937500 -0.950000  size  1.475000  0.600000  orientation 0.00
drill  0.000000
shape_offset  0.000000  0.000000
$EndPAD
$PAD "2"
Shape Roundrect Layer front
position -0.937500  0.950000  size  1.475000  0.600000  orientation 0.00
drill  0.000000
shape_offset  0.000000  0.000000
$EndPAD
$PAD "3"
Shape Roundrect Layer front
position  0.937500  0.000000  size  1.475000  0.600000  orientation 0.00
drill  0.000000
shape_offset  0.000000  0.000000
$EndPAD
$EndMODULE  Q2

$MODULE Q3
footprint Package_TO_SOT_SMD:SOT-23
attribut smd
position 153.848200 183.639000  orientation 90.00
layer front
$PAD "1"
Shape Roundrect Layer front
position -0.937500 -0.950000  size  1.475000  0.600000  orientation 0.00
drill  0.000000
shape_offset  0.000000  0.000000
$EndPAD
$PAD "2"
Shape Roundrect Layer front
position -0.937500  0.950000  size  1.475000  0.600000  orientation 0.00
drill  0.000000
shape_offset  0.000000  0.000000
$EndPAD
$PAD "3"
Shape Roundrect Layer front
position  0.937500  0.000000  size  1.475000  0.600000  orientation 0.00
drill  0.000000
shape_offset  0.000000  0.000000
$EndPAD
$EndMODULE  Q3

$MODULE Q8
footprint Package_TO_SOT_SMD:SOT-23
attribut smd
position 214.998200 183.709000  orientation 90.00
layer front
$PAD "1"
Shape Roundrect Layer front
position -0.937500 -0.950000  size  1.475000  0.600000  orientation 0.00
drill  0.000000
shape_offset  0.000000  0.000000
$EndPAD
$PAD "2"
Shape Roundrect Layer front
position -0.937500  0.950000  size  1.475000  0.600000  orientation 0.00
drill  0.000000
shape_offset  0.000000  0.000000
$EndPAD
$PAD "3"
Shape Roundrect Layer front
position  0.937500  0.000000  size  1.475000  0.600000  orientation 0.00
drill  0.000000
shape_offset  0.000000  0.000000
$EndPAD
$EndMODULE  Q8

$MODULE Q10
footprint Package_TO_SOT_SMD:SOT-23
attribut smd
position 185.068200 114.699000  orientation 0.00
layer front
$PAD "1"
Shape Roundrect Layer front
position -0.937500 -0.950000  size  1.475000  0.600000  orientation 0.00
drill  0.000000
shape_offset  0.000000  0.000000
$EndPAD
$PAD "2"
Shape Roundrect Layer front
position -0.937500  0.950000  size  1.475000  0.600000  orientation 0.00
drill  0.000000
shape_offset  0.000000  0.000000
$EndPAD
$PAD "3"
Shape Roundrect Layer front
position  0.937500  0.000000  size  1.475000  0.600000  orientation 0.00
drill  0.000000
shape_offset  0.000000  0.000000
$EndPAD
$EndMODULE  Q10

$MODULE Q12
footprint Package_TO_SOT_SMD:SOT-23
attribut smd
position 275.998200 183.701500  orientation 90.00
layer front
$PAD "1"
Shape Roundrect Layer front
position -0.937500 -0.950000  size  1.475000  0.600000  orientation 0.00
drill  0.000000
shape_offset  0.000000  0.000000
$EndPAD
$PAD "2"
Shape Roundrect Layer front
position -0.937500  0.950000  size  1.475000  0.600000  orientation 0.00
drill  0.000000
shape_offset  0.000000  0.000000
$EndPAD
$PAD "3"
Shape Roundrect Layer front
position  0.937500  0.000000  size  1.475000  0.600000  orientation 0.00
drill  0.000000
shape_offset  0.000000  0.000000
$EndPAD
$EndMODULE  Q12

$MODULE Q14
footprint Package_TO_SOT_SMD:SOT-23
attribut smd
position 246.138200 114.789000  orientation 0.00
layer front
$PAD "1"
Shape Roundrect Layer front
position -0.937500 -0.950000  size  1.475000  0.600000  orientation 0.00
drill  0.000000
shape_offset  0.000000  0.000000
$EndPAD
$PAD "2"
Shape Roundrect Layer front
position -0.937500  0.950000  size  1.475000  0.600000  orientation 0.00
drill  0.000000
shape_offset  0.000000  0.000000
$EndPAD
$PAD "3"
Shape Roundrect Layer front
position  0.937500  0.000000  size  1.475000  0.600000  orientation 0.00
drill  0.000000
shape_offset  0.000000  0.000000
$EndPAD
$EndMODULE  Q14

$MODULE Q16
footprint Package_TO_SOT_SMD:SOT-23
attribut smd
position 336.998200 183.709000  orientation 90.00
layer front
$PAD "1"
Shape Roundrect Layer front
position -0.937500 -0.950000  size  1.475000  0.600000  orientation 0.00
drill  0.000000
shape_offset  0.000000  0.000000
$EndPAD
$PAD "2"
Shape Roundrect Layer front
position -0.937500  0.950000  size  1.475000  0.600000  orientation 0.00
drill  0.000000
shape_offset  0.000000  0.000000
$EndPAD
$PAD "3"
Shape Roundrect Layer front
position  0.937500  0.000000  size  1.475000  0.600000  orientation 0.00
drill  0.000000
shape_offset  0.000000  0.000000
$EndPAD
$EndMODULE  Q16

$MODULE Q18
footprint Package_TO_SOT_SMD:SOT-23
attribut smd
position 307.048200 114.679000  orientation 0.00
layer front
$PAD "1"
Shape Roundrect Layer front
position -0.937500 -0.950000  size  1.475000  0.600000  orientation 0.00
drill  0.000000
shape_offset  0.000000  0.000000
$EndPAD
$PAD "2"
Shape Roundrect Layer front
position -0.937500  0.950000  size  1.475000  0.600000  orientation 0.00
drill  0.000000
shape_offset  0.000000  0.000000
$EndPAD
$PAD "3"
Shape Roundrect Layer front
position  0.937500  0.000000  size  1.475000  0.600000  orientation 0.00
drill  0.000000
shape_offset  0.000000  0.000000
$EndPAD
$EndMODULE  Q18

$MODULE Q20
footprint Package_TO_SOT_SMD:SOT-23
attribut smd
position 397.998200 183.709000  orientation 90.00
layer front
$PAD "1"
Shape Roundrect Layer front
position -0.937500 -0.950000  size  1.475000  0.600000  orientation 0.00
drill  0.000000
shape_offset  0.000000  0.000000
$EndPAD
$PAD "2"
Shape Roundrect Layer front
position -0.937500  0.950000  size  1.475000  0.600000  orientation 0.00
drill  0.000000
shape_offset  0.000000  0.000000
$EndPAD
$PAD "3"
Shape Roundrect Layer front
position  0.937500  0.000000  size  1.475000  0.600000  orientation 0.00
drill  0.000000
shape_offset  0.000000  0.000000
$EndPAD
$EndMODULE  Q20

$MODULE Q22
footprint Package_TO_SOT_SMD:SOT-23
attribut smd
position 368.128200 114.649000  orientation 0.00
layer front
$PAD "1"
Shape Roundrect Layer front
position -0.937500 -0.950000  size  1.475000  0.600000  orientation 0.00
drill  0.000000
shape_offset  0.000000  0.000000
$EndPAD
$PAD "2"
Shape Roundrect Layer front
position -0.937500  0.950000  size  1.475000  0.600000  orientation 0.00
drill  0.000000
shape_offset  0.000000  0.000000
$EndPAD
$PAD "3"
Shape Roundrect Layer front
position  0.937500  0.000000  size  1.475000  0.600000  orientation 0.00
drill  0.000000
shape_offset  0.000000  0.000000
$EndPAD
$EndMODULE  Q22

$MODULE Q24
footprint Package_TO_SOT_SMD:SOT-23
attribut smd
position 456.998200 183.709000  orientation 90.00
layer front
$PAD "1"
Shape Roundrect Layer front
position -0.937500 -0.950000  size  1.475000  0.600000  orientation 0.00
drill  0.000000
shape_offset  0.000000  0.000000
$EndPAD
$PAD "2"
Shape Roundrect Layer front
position -0.937500  0.950000  size  1.475000  0.600000  orientation 0.00
drill  0.000000
shape_offset  0.000000  0.000000
$EndPAD
$PAD "3"
Shape Roundrect Layer front
position  0.937500  0.000000  size  1.475000  0.600000  orientation 0.00
drill  0.000000
shape_offset  0.000000  0.000000
$EndPAD
$EndMODULE  Q24

$MODULE Q26
footprint Package_TO_SOT_SMD:SOT-23
attribut smd
position 429.068200 114.749000  orientation 0.00
layer front
$PAD "1"
Shape Roundrect Layer front
position -0.937500 -0.950000  size  1.475000  0.600000  orientation 0.00
drill  0.000000
shape_offset  0.000000  0.000000
$EndPAD
$PAD "2"
Shape Roundrect Layer front
position -0.937500  0.950000  size  1.475000  0.600000  orientation 0.00
drill  0.000000
shape_offset  0.000000  0.000000
$EndPAD
$PAD "3"
Shape Roundrect Layer front
position  0.937500  0.000000  size  1.475000  0.600000  orientation 0.00
drill  0.000000
shape_offset  0.000000  0.000000
$EndPAD
$EndMODULE  Q26

$MODULE R1
footprint Resistor_SMD:R_1206_3216Metric
attribut smd
position 153.748200 313.959000  orientation 90.00
layer front
$PAD "1"
Shape Roundrect Layer front
position -1.462500  0.000000  size  1.125000  1.750000  orientation 0.00
drill  0.000000
shape_offset  0.000000  0.000000
$EndPAD
$PAD "2"
Shape Roundrect Layer front
position  1.462500  0.000000  size  1.125000  1.750000  orientation 0.00
drill  0.000000
shape_offset  0.000000  0.000000
$EndPAD
$EndMODULE  R1

$MODULE R2
footprint Resistor_SMD:R_1206_3216Metric
attribut smd
position 444.798200 269.271500  orientation 90.00
layer front
$PAD "1"
Shape Roundrect Layer front
position -1.462500  0.000000  size  1.125000  1.750000  orientation 0.00
drill  0.000000
shape_offset  0.000000  0.000000
$EndPAD
$PAD "2"
Shape Roundrect Layer front
position  1.462500  0.000000  size  1.125000  1.750000  orientation 0.00
drill  0.000000
shape_offset  0.000000  0.000000
$EndPAD
$EndMODULE  R2

$MODULE R3
footprint Resistor_SMD:R_1206_3216Metric
attribut smd
position 449.160700 268.009000  orientation 180.00
layer front
$PAD "1"
Shape Roundrect Layer front
position -1.462500  0.000000  size  1.125000  1.750000  orientation 0.00
drill  0.000000
shape_offset  0.000000  0.000000
$EndPAD
$PAD "2"
Shape Roundrect Layer front
position  1.462500  0.000000  size  1.125000  1.750000  orientation 0.00
drill  0.000000
shape_offset  0.000000  0.000000
$EndPAD
$EndMODULE  R3

$MODULE R4
footprint Resistor_SMD:R_1206_3216Metric
attribut smd
position 449.160700 273.209000  orientation 180.00
layer front
$PAD "1"
Shape Roundrect Layer front
position -1.462500  0.000000  size  1.125000  1.750000  orientation 0.00
drill  0.000000
shape_offset  0.000000  0.000000
$EndPAD
$PAD "2"
Shape Roundrect Layer front
position  1.462500  0.000000  size  1.125000  1.750000  orientation 0.00
drill  0.000000
shape_offset  0.000000  0.000000
$EndPAD
$EndMODULE  R4

$MODULE R5
footprint Resistor_SMD:R_1206_3216Metric
attribut smd
position 152.908200 188.709000  orientation -90.00
layer front
$PAD "1"
Shape Roundrect Layer front
position -1.462500  0.000000  size  1.125000  1.750000  orientation 360.00
drill  0.000000
shape_offset  0.000000  0.000000
$EndPAD
$PAD "2"
Shape Roundrect Layer front
position  1.462500  0.000000  size  1.125000  1.750000  orientation 360.00
drill  0.000000
shape_offset  0.000000  0.000000
$EndPAD
$EndMODULE  R5

$MODULE R6
footprint Resistor_SMD:R_1206_3216Metric
attribut smd
position 155.498200 188.709000  orientation -90.00
layer front
$PAD "1"
Shape Roundrect Layer front
position -1.462500  0.000000  size  1.125000  1.750000  orientation 360.00
drill  0.000000
shape_offset  0.000000  0.000000
$EndPAD
$PAD "2"
Shape Roundrect Layer front
position  1.462500  0.000000  size  1.125000  1.750000  orientation 360.00
drill  0.000000
shape_offset  0.000000  0.000000
$EndPAD
$EndMODULE  R6

$MODULE R7
footprint Resistor_SMD:R_1206_3216Metric
attribut smd
position 153.848200 178.719000  orientation 90.00
layer front
$PAD "1"
Shape Roundrect Layer front
position -1.462500  0.000000  size  1.125000  1.750000  orientation 0.00
drill  0.000000
shape_offset  0.000000  0.000000
$EndPAD
$PAD "2"
Shape Roundrect Layer front
position  1.462500  0.000000  size  1.125000  1.750000  orientation 0.00
drill  0.000000
shape_offset  0.000000  0.000000
$EndPAD
$EndMODULE  R7

$MODULE R8
footprint Resistor_SMD:R_1206_3216Metric
attribut smd
position 212.918200 312.561500  orientation 90.00
layer front
$PAD "1"
Shape Roundrect Layer front
position -1.462500  0.000000  size  1.125000  1.750000  orientation 0.00
drill  0.000000
shape_offset  0.000000  0.000000
$EndPAD
$PAD "2"
Shape Roundrect Layer front
position  1.462500  0.000000  size  1.125000  1.750000  orientation 0.00
drill  0.000000
shape_offset  0.000000  0.000000
$EndPAD
$EndMODULE  R8

$MODULE R9
footprint Resistor_SMD:R_1206_3216Metric
attribut smd
position 275.748200 313.209000  orientation 90.00
layer front
$PAD "1"
Shape Roundrect Layer front
position -1.462500  0.000000  size  1.125000  1.750000  orientation 0.00
drill  0.000000
shape_offset  0.000000  0.000000
$EndPAD
$PAD "2"
Shape Roundrect Layer front
position  1.462500  0.000000  size  1.125000  1.750000  orientation 0.00
drill  0.000000
shape_offset  0.000000  0.000000
$EndPAD
$EndMODULE  R9

$MODULE R10
footprint Resistor_SMD:R_1206_3216Metric
attribut smd
position 335.298200 312.319000  orientation 90.00
layer front
$PAD "1"
Shape Roundrect Layer front
position -1.462500  0.000000  size  1.125000  1.750000  orientation 0.00
drill  0.000000
shape_offset  0.000000  0.000000
$EndPAD
$PAD "2"
Shape Roundrect Layer front
position  1.462500  0.000000  size  1.125000  1.750000  orientation 0.00
drill  0.000000
shape_offset  0.000000  0.000000
$EndPAD
$EndMODULE  R10

$MODULE R11
footprint Resistor_SMD:R_1206_3216Metric
attribut smd
position 397.748200 312.209000  orientation 90.00
layer front
$PAD "1"
Shape Roundrect Layer front
position -1.462500  0.000000  size  1.125000  1.750000  orientation 0.00
drill  0.000000
shape_offset  0.000000  0.000000
$EndPAD
$PAD "2"
Shape Roundrect Layer front
position  1.462500  0.000000  size  1.125000  1.750000  orientation 0.00
drill  0.000000
shape_offset  0.000000  0.000000
$EndPAD
$EndMODULE  R11

$MODULE R12
footprint Resistor_SMD:R_1206_3216Metric
attribut smd
position 458.748200 312.209000  orientation 90.00
layer front
$PAD "1"
Shape Roundrect Layer front
position -1.462500  0.000000  size  1.125000  1.750000  orientation 0.00
drill  0.000000
shape_offset  0.000000  0.000000
$EndPAD
$PAD "2"
Shape Roundrect Layer front
position  1.462500  0.000000  size  1.125000  1.750000  orientation 0.00
drill  0.000000
shape_offset  0.000000  0.000000
$EndPAD
$EndMODULE  R12

$MODULE R14
footprint Resistor_SMD:R_1206_3216Metric
attribut smd
position 444.798200 274.471500  orientation 90.00
layer front
$PAD "1"
Shape Roundrect Layer front
position -1.462500  0.000000  size  1.125000  1.750000  orientation 0.00
drill  0.000000
shape_offset  0.000000  0.000000
$EndPAD
$PAD "2"
Shape Roundrect Layer front
position  1.462500  0.000000  size  1.125000  1.750000  orientation 0.00
drill  0.000000
shape_offset  0.000000  0.000000
$EndPAD
$EndMODULE  R14

$MODULE R15
footprint Resistor_SMD:R_1206_3216Metric
attribut smd
position 449.160700 278.209000  orientation 180.00
layer front
$PAD "1"
Shape Roundrect Layer front
position -1.462500  0.000000  size  1.125000  1.750000  orientation 0.00
drill  0.000000
shape_offset  0.000000  0.000000
$EndPAD
$PAD "2"
Shape Roundrect Layer front
position  1.462500  0.000000  size  1.125000  1.750000  orientation 0.00
drill  0.000000
shape_offset  0.000000  0.000000
$EndPAD
$EndMODULE  R15

$MODULE R16
footprint Resistor_SMD:R_1206_3216Metric
attribut smd
position 444.798200 279.534000  orientation 90.00
layer front
$PAD "1"
Shape Roundrect Layer front
position -1.462500  0.000000  size  1.125000  1.750000  orientation 0.00
drill  0.000000
shape_offset  0.000000  0.000000
$EndPAD
$PAD "2"
Shape Roundrect Layer front
position  1.462500  0.000000  size  1.125000  1.750000  orientation 0.00
drill  0.000000
shape_offset  0.000000  0.000000
$EndPAD
$EndMODULE  R16

$MODULE R17
footprint Resistor_SMD:R_1206_3216Metric
attribut smd
position 93.980000 101.600000  orientation 180.00
layer front
$PAD "1"
Shape Roundrect Layer front
position -1.462500  0.000000  size  1.125000  1.750000  orientation 0.00
drill  0.000000
shape_offset  0.000000  0.000000
$EndPAD
$PAD "2"
Shape Roundrect Layer front
position  1.462500  0.000000  size  1.125000  1.750000  orientation 0.00
drill  0.000000
shape_offset  0.000000  0.000000
$EndPAD
$EndMODULE  R17

$MODULE R18
footprint Resistor_SMD:R_1206_3216Metric
attribut smd
position 93.980000 106.680000  orientation 0.00
layer front
$PAD "1"
Shape Roundrect Layer front
position -1.462500  0.000000  size  1.125000  1.750000  orientation 0.00
drill  0.000000
shape_offset  0.000000  0.000000
$EndPAD
$PAD "2"
Shape Roundrect Layer front
position  1.462500  0.000000  size  1.125000  1.750000  orientation 0.00
drill  0.000000
shape_offset  0.000000  0.000000
$EndPAD
$EndMODULE  R18

$MODULE R19
footprint Resistor_SMD:R_1206_3216Metric
attribut smd
position 247.488200 207.010000  orientation 90.00
layer front
$PAD "1"
Shape Roundrect Layer front
position -1.462500  0.000000  size  1.125000  1.750000  orientation 0.00
drill  0.000000
shape_offset  0.000000  0.000000
$EndPAD
$PAD "2"
Shape Roundrect Layer front
position  1.462500  0.000000  size  1.125000  1.750000  orientation 0.00
drill  0.000000
shape_offset  0.000000  0.000000
$EndPAD
$EndMODULE  R19

$MODULE R20
footprint Resistor_SMD:R_1206_3216Metric
attribut smd
position 445.948200 250.271500  orientation 180.00
layer front
$PAD "1"
Shape Roundrect Layer front
position -1.462500  0.000000  size  1.125000  1.750000  orientation 0.00
drill  0.000000
shape_offset  0.000000  0.000000
$EndPAD
$PAD "2"
Shape Roundrect Layer front
position  1.462500  0.000000  size  1.125000  1.750000  orientation 0.00
drill  0.000000
shape_offset  0.000000  0.000000
$EndPAD
$EndMODULE  R20

$MODULE R21
footprint Resistor_SMD:R_1206_3216Metric
attribut smd
position 445.948200 252.811500  orientation 180.00
layer front
$PAD "1"
Shape Roundrect Layer front
position -1.462500  0.000000  size  1.125000  1.750000  orientation 0.00
drill  0.000000
shape_offset  0.000000  0.000000
$EndPAD
$PAD "2"
Shape Roundrect Layer front
position  1.462500  0.000000  size  1.125000  1.750000  orientation 0.00
drill  0.000000
shape_offset  0.000000  0.000000
$EndPAD
$EndMODULE  R21

$MODULE R22
footprint Resistor_SMD:R_1206_3216Metric
attribut smd
position 445.948200 255.351500  orientation 180.00
layer front
$PAD "1"
Shape Roundrect Layer front
position -1.462500  0.000000  size  1.125000  1.750000  orientation 0.00
drill  0.000000
shape_offset  0.000000  0.000000
$EndPAD
$PAD "2"
Shape Roundrect Layer front
position  1.462500  0.000000  size  1.125000  1.750000  orientation 0.00
drill  0.000000
shape_offset  0.000000  0.000000
$EndPAD
$EndMODULE  R22

$MODULE R23
footprint Resistor_SMD:R_1206_3216Metric
attribut smd
position 445.948200 257.891500  orientation 180.00
layer front
$PAD "1"
Shape Roundrect Layer front
position -1.462500  0.000000  size  1.125000  1.750000  orientation 0.00
drill  0.000000
shape_offset  0.000000  0.000000
$EndPAD
$PAD "2"
Shape Roundrect Layer front
position  1.462500  0.000000  size  1.125000  1.750000  orientation 0.00
drill  0.000000
shape_offset  0.000000  0.000000
$EndPAD
$EndMODULE  R23

$MODULE R24
footprint Resistor_SMD:R_1206_3216Metric
attribut smd
position 445.948200 260.431500  orientation 180.00
layer front
$PAD "1"
Shape Roundrect Layer front
position -1.462500  0.000000  size  1.125000  1.750000  orientation 0.00
drill  0.000000
shape_offset  0.000000  0.000000
$EndPAD
$PAD "2"
Shape Roundrect Layer front
position  1.462500  0.000000  size  1.125000  1.750000  orientation 0.00
drill  0.000000
shape_offset  0.000000  0.000000
$EndPAD
$EndMODULE  R24

$MODULE R25
footprint Resistor_SMD:R_1206_3216Metric
attribut smd
position 445.948200 262.971500  orientation 180.00
layer front
$PAD "1"
Shape Roundrect Layer front
position -1.462500  0.000000  size  1.125000  1.750000  orientation 0.00
drill  0.000000
shape_offset  0.000000  0.000000
$EndPAD
$PAD "2"
Shape Roundrect Layer front
position  1.462500  0.000000  size  1.125000  1.750000  orientation 0.00
drill  0.000000
shape_offset  0.000000  0.000000
$EndPAD
$EndMODULE  R25

$MODULE R26
footprint Resistor_SMD:R_1206_3216Metric
attribut smd
position 445.948200 231.837500  orientation 180.00
layer front
$PAD "1"
Shape Roundrect Layer front
position -1.462500  0.000000  size  1.125000  1.750000  orientation 0.00
drill  0.000000
shape_offset  0.000000  0.000000
$EndPAD
$PAD "2"
Shape Roundrect Layer front
position  1.462500  0.000000  size  1.125000  1.750000  orientation 0.00
drill  0.000000
shape_offset  0.000000  0.000000
$EndPAD
$EndMODULE  R26

$MODULE R27
footprint Resistor_SMD:R_1206_3216Metric
attribut smd
position 445.948200 234.377500  orientation 180.00
layer front
$PAD "1"
Shape Roundrect Layer front
position -1.462500  0.000000  size  1.125000  1.750000  orientation 0.00
drill  0.000000
shape_offset  0.000000  0.000000
$EndPAD
$PAD "2"
Shape Roundrect Layer front
position  1.462500  0.000000  size  1.125000  1.750000  orientation 0.00
drill  0.000000
shape_offset  0.000000  0.000000
$EndPAD
$EndMODULE  R27

$MODULE R28
footprint Resistor_SMD:R_1206_3216Metric
attribut smd
position 445.948200 236.917500  orientation 180.00
layer front
$PAD "1"
Shape Roundrect Layer front
position -1.462500  0.000000  size  1.125000  1.750000  orientation 0.00
drill  0.000000
shape_offset  0.000000  0.000000
$EndPAD
$PAD "2"
Shape Roundrect Layer front
position  1.462500  0.000000  size  1.125000  1.750000  orientation 0.00
drill  0.000000
shape_offset  0.000000  0.000000
$EndPAD
$EndMODULE  R28

$MODULE R29
footprint Resistor_SMD:R_1206_3216Metric
attribut smd
position 445.948200 239.457500  orientation 180.00
layer front
$PAD "1"
Shape Roundrect Layer front
position -1.462500  0.000000  size  1.125000  1.750000  orientation 0.00
drill  0.000000
shape_offset  0.000000  0.000000
$EndPAD
$PAD "2"
Shape Roundrect Layer front
position  1.462500  0.000000  size  1.125000  1.750000  orientation 0.00
drill  0.000000
shape_offset  0.000000  0.000000
$EndPAD
$EndMODULE  R29

$MODULE R30
footprint Resistor_SMD:R_1206_3216Metric
attribut smd
position 445.948200 241.997500  orientation 180.00
layer front
$PAD "1"
Shape Roundrect Layer front
position -1.462500  0.000000  size  1.125000  1.750000  orientation 0.00
drill  0.000000
shape_offset  0.000000  0.000000
$EndPAD
$PAD "2"
Shape Roundrect Layer front
position  1.462500  0.000000  size  1.125000  1.750000  orientation 0.00
drill  0.000000
shape_offset  0.000000  0.000000
$EndPAD
$EndMODULE  R30

$MODULE R31
footprint Resistor_SMD:R_1206_3216Metric
attribut smd
position 445.948200 244.537500  orientation 180.00
layer front
$PAD "1"
Shape Roundrect Layer front
position -1.462500  0.000000  size  1.125000  1.750000  orientation 0.00
drill  0.000000
shape_offset  0.000000  0.000000
$EndPAD
$PAD "2"
Shape Roundrect Layer front
position  1.462500  0.000000  size  1.125000  1.750000  orientation 0.00
drill  0.000000
shape_offset  0.000000  0.000000
$EndPAD
$EndMODULE  R31

$MODULE R32
footprint Resistor_SMD:R_1206_3216Metric
attribut smd
position 449.160700 293.409000  orientation 180.00
layer front
$PAD "1"
Shape Roundrect Layer front
position -1.462500  0.000000  size  1.125000  1.750000  orientation 0.00
drill  0.000000
shape_offset  0.000000  0.000000
$EndPAD
$PAD "2"
Shape Roundrect Layer front
position  1.462500  0.000000  size  1.125000  1.750000  orientation 0.00
drill  0.000000
shape_offset  0.000000  0.000000
$EndPAD
$EndMODULE  R32

$MODULE R33
footprint Resistor_SMD:R_1206_3216Metric
attribut smd
position 444.798200 294.771500  orientation 90.00
layer front
$PAD "1"
Shape Roundrect Layer front
position -1.462500  0.000000  size  1.125000  1.750000  orientation 0.00
drill  0.000000
shape_offset  0.000000  0.000000
$EndPAD
$PAD "2"
Shape Roundrect Layer front
position  1.462500  0.000000  size  1.125000  1.750000  orientation 0.00
drill  0.000000
shape_offset  0.000000  0.000000
$EndPAD
$EndMODULE  R33

$MODULE R34
footprint Resistor_SMD:R_1206_3216Metric
attribut smd
position 449.160700 288.309000  orientation 180.00
layer front
$PAD "1"
Shape Roundrect Layer front
position -1.462500  0.000000  size  1.125000  1.750000  orientation 0.00
drill  0.000000
shape_offset  0.000000  0.000000
$EndPAD
$PAD "2"
Shape Roundrect Layer front
position  1.462500  0.000000  size  1.125000  1.750000  orientation 0.00
drill  0.000000
shape_offset  0.000000  0.000000
$EndPAD
$EndMODULE  R34

$MODULE R35
footprint Resistor_SMD:R_1206_3216Metric
attribut smd
position 444.798200 289.671500  orientation 90.00
layer front
$PAD "1"
Shape Roundrect Layer front
position -1.462500  0.000000  size  1.125000  1.750000  orientation 0.00
drill  0.000000
shape_offset  0.000000  0.000000
$EndPAD
$PAD "2"
Shape Roundrect Layer front
position  1.462500  0.000000  size  1.125000  1.750000  orientation 0.00
drill  0.000000
shape_offset  0.000000  0.000000
$EndPAD
$EndMODULE  R35

$MODULE R36
footprint Resistor_SMD:R_1206_3216Metric
attribut smd
position 449.160700 283.309000  orientation 180.00
layer front
$PAD "1"
Shape Roundrect Layer front
position -1.462500  0.000000  size  1.125000  1.750000  orientation 0.00
drill  0.000000
shape_offset  0.000000  0.000000
$EndPAD
$PAD "2"
Shape Roundrect Layer front
position  1.462500  0.000000  size  1.125000  1.750000  orientation 0.00
drill  0.000000
shape_offset  0.000000  0.000000
$EndPAD
$EndMODULE  R36

$MODULE R37
footprint Resistor_SMD:R_1206_3216Metric
attribut smd
position 444.798200 284.571500  orientation 90.00
layer front
$PAD "1"
Shape Roundrect Layer front
position -1.462500  0.000000  size  1.125000  1.750000  orientation 0.00
drill  0.000000
shape_offset  0.000000  0.000000
$EndPAD
$PAD "2"
Shape Roundrect Layer front
position  1.462500  0.000000  size  1.125000  1.750000  orientation 0.00
drill  0.000000
shape_offset  0.000000  0.000000
$EndPAD
$EndMODULE  R37

$MODULE R47
footprint Resistor_SMD:R_1206_3216Metric
attribut smd
position 130.810000 179.070000  orientation 90.00
layer front
$PAD "1"
Shape Roundrect Layer front
position -1.462500  0.000000  size  1.125000  1.750000  orientation 0.00
drill  0.000000
shape_offset  0.000000  0.000000
$EndPAD
$PAD "2"
Shape Roundrect Layer front
position  1.462500  0.000000  size  1.125000  1.750000  orientation 0.00
drill  0.000000
shape_offset  0.000000  0.000000
$EndPAD
$EndMODULE  R47

$MODULE R48
footprint Resistor_SMD:R_1206_3216Metric
attribut smd
position 130.810000 173.990000  orientation -90.00
layer front
$PAD "1"
Shape Roundrect Layer front
position -1.462500  0.000000  size  1.125000  1.750000  orientation 360.00
drill  0.000000
shape_offset  0.000000  0.000000
$EndPAD
$PAD "2"
Shape Roundrect Layer front
position  1.462500  0.000000  size  1.125000  1.750000  orientation 360.00
drill  0.000000
shape_offset  0.000000  0.000000
$EndPAD
$EndMODULE  R48

$MODULE R49
footprint Resistor_SMD:R_1206_3216Metric
attribut smd
position 216.498200 188.646500  orientation -90.00
layer front
$PAD "1"
Shape Roundrect Layer front
position -1.462500  0.000000  size  1.125000  1.750000  orientation 360.00
drill  0.000000
shape_offset  0.000000  0.000000
$EndPAD
$PAD "2"
Shape Roundrect Layer front
position  1.462500  0.000000  size  1.125000  1.750000  orientation 360.00
drill  0.000000
shape_offset  0.000000  0.000000
$EndPAD
$EndMODULE  R49

$MODULE R52
footprint Resistor_SMD:R_1206_3216Metric
attribut smd
position 213.998200 188.646500  orientation -90.00
layer front
$PAD "1"
Shape Roundrect Layer front
position -1.462500  0.000000  size  1.125000  1.750000  orientation 360.00
drill  0.000000
shape_offset  0.000000  0.000000
$EndPAD
$PAD "2"
Shape Roundrect Layer front
position  1.462500  0.000000  size  1.125000  1.750000  orientation 360.00
drill  0.000000
shape_offset  0.000000  0.000000
$EndPAD
$EndMODULE  R52

$MODULE R55
footprint Resistor_SMD:R_1206_3216Metric
attribut smd
position 214.998200 178.709000  orientation 90.00
layer front
$PAD "1"
Shape Roundrect Layer front
position -1.462500  0.000000  size  1.125000  1.750000  orientation 0.00
drill  0.000000
shape_offset  0.000000  0.000000
$EndPAD
$PAD "2"
Shape Roundrect Layer front
position  1.462500  0.000000  size  1.125000  1.750000  orientation 0.00
drill  0.000000
shape_offset  0.000000  0.000000
$EndPAD
$EndMODULE  R55

$MODULE R56
footprint Resistor_SMD:R_1206_3216Metric
attribut smd
position 191.770000 179.070000  orientation 90.00
layer front
$PAD "1"
Shape Roundrect Layer front
position -1.462500  0.000000  size  1.125000  1.750000  orientation 0.00
drill  0.000000
shape_offset  0.000000  0.000000
$EndPAD
$PAD "2"
Shape Roundrect Layer front
position  1.462500  0.000000  size  1.125000  1.750000  orientation 0.00
drill  0.000000
shape_offset  0.000000  0.000000
$EndPAD
$EndMODULE  R56

$MODULE R57
footprint Resistor_SMD:R_1206_3216Metric
attribut smd
position 191.770000 173.990000  orientation -90.00
layer front
$PAD "1"
Shape Roundrect Layer front
position -1.462500  0.000000  size  1.125000  1.750000  orientation 360.00
drill  0.000000
shape_offset  0.000000  0.000000
$EndPAD
$PAD "2"
Shape Roundrect Layer front
position  1.462500  0.000000  size  1.125000  1.750000  orientation 360.00
drill  0.000000
shape_offset  0.000000  0.000000
$EndPAD
$EndMODULE  R57

$MODULE R58
footprint Resistor_SMD:R_1206_3216Metric
attribut smd
position 277.498200 188.709000  orientation -90.00
layer front
$PAD "1"
Shape Roundrect Layer front
position -1.462500  0.000000  size  1.125000  1.750000  orientation 360.00
drill  0.000000
shape_offset  0.000000  0.000000
$EndPAD
$PAD "2"
Shape Roundrect Layer front
position  1.462500  0.000000  size  1.125000  1.750000  orientation 360.00
drill  0.000000
shape_offset  0.000000  0.000000
$EndPAD
$EndMODULE  R58

$MODULE R61
footprint Resistor_SMD:R_1206_3216Metric
attribut smd
position 274.998200 188.709000  orientation -90.00
layer front
$PAD "1"
Shape Roundrect Layer front
position -1.462500  0.000000  size  1.125000  1.750000  orientation 360.00
drill  0.000000
shape_offset  0.000000  0.000000
$EndPAD
$PAD "2"
Shape Roundrect Layer front
position  1.462500  0.000000  size  1.125000  1.750000  orientation 360.00
drill  0.000000
shape_offset  0.000000  0.000000
$EndPAD
$EndMODULE  R61

$MODULE R64
footprint Resistor_SMD:R_1206_3216Metric
attribut smd
position 275.998200 178.709000  orientation 90.00
layer front
$PAD "1"
Shape Roundrect Layer front
position -1.462500  0.000000  size  1.125000  1.750000  orientation 0.00
drill  0.000000
shape_offset  0.000000  0.000000
$EndPAD
$PAD "2"
Shape Roundrect Layer front
position  1.462500  0.000000  size  1.125000  1.750000  orientation 0.00
drill  0.000000
shape_offset  0.000000  0.000000
$EndPAD
$EndMODULE  R64

$MODULE R65
footprint Resistor_SMD:R_1206_3216Metric
attribut smd
position 252.730000 179.070000  orientation 90.00
layer front
$PAD "1"
Shape Roundrect Layer front
position -1.462500  0.000000  size  1.125000  1.750000  orientation 0.00
drill  0.000000
shape_offset  0.000000  0.000000
$EndPAD
$PAD "2"
Shape Roundrect Layer front
position  1.462500  0.000000  size  1.125000  1.750000  orientation 0.00
drill  0.000000
shape_offset  0.000000  0.000000
$EndPAD
$EndMODULE  R65

$MODULE R66
footprint Resistor_SMD:R_1206_3216Metric
attribut smd
position 252.730000 173.990000  orientation -90.00
layer front
$PAD "1"
Shape Roundrect Layer front
position -1.462500  0.000000  size  1.125000  1.750000  orientation 360.00
drill  0.000000
shape_offset  0.000000  0.000000
$EndPAD
$PAD "2"
Shape Roundrect Layer front
position  1.462500  0.000000  size  1.125000  1.750000  orientation 360.00
drill  0.000000
shape_offset  0.000000  0.000000
$EndPAD
$EndMODULE  R66

$MODULE R67
footprint Resistor_SMD:R_1206_3216Metric
attribut smd
position 338.498200 188.709000  orientation -90.00
layer front
$PAD "1"
Shape Roundrect Layer front
position -1.462500  0.000000  size  1.125000  1.750000  orientation 360.00
drill  0.000000
shape_offset  0.000000  0.000000
$EndPAD
$PAD "2"
Shape Roundrect Layer front
position  1.462500  0.000000  size  1.125000  1.750000  orientation 360.00
drill  0.000000
shape_offset  0.000000  0.000000
$EndPAD
$EndMODULE  R67

$MODULE R70
footprint Resistor_SMD:R_1206_3216Metric
attribut smd
position 335.998200 188.709000  orientation -90.00
layer front
$PAD "1"
Shape Roundrect Layer front
position -1.462500  0.000000  size  1.125000  1.750000  orientation 360.00
drill  0.000000
shape_offset  0.000000  0.000000
$EndPAD
$PAD "2"
Shape Roundrect Layer front
position  1.462500  0.000000  size  1.125000  1.750000  orientation 360.00
drill  0.000000
shape_offset  0.000000  0.000000
$EndPAD
$EndMODULE  R70

$MODULE R73
footprint Resistor_SMD:R_1206_3216Metric
attribut smd
position 336.998200 178.709000  orientation 90.00
layer front
$PAD "1"
Shape Roundrect Layer front
position -1.462500  0.000000  size  1.125000  1.750000  orientation 0.00
drill  0.000000
shape_offset  0.000000  0.000000
$EndPAD
$PAD "2"
Shape Roundrect Layer front
position  1.462500  0.000000  size  1.125000  1.750000  orientation 0.00
drill  0.000000
shape_offset  0.000000  0.000000
$EndPAD
$EndMODULE  R73

$MODULE R74
footprint Resistor_SMD:R_1206_3216Metric
attribut smd
position 313.690000 179.070000  orientation 90.00
layer front
$PAD "1"
Shape Roundrect Layer front
position -1.462500  0.000000  size  1.125000  1.750000  orientation 0.00
drill  0.000000
shape_offset  0.000000  0.000000
$EndPAD
$PAD "2"
Shape Roundrect Layer front
position  1.462500  0.000000  size  1.125000  1.750000  orientation 0.00
drill  0.000000
shape_offset  0.000000  0.000000
$EndPAD
$EndMODULE  R74

$MODULE R75
footprint Resistor_SMD:R_1206_3216Metric
attribut smd
position 313.690000 173.990000  orientation -90.00
layer front
$PAD "1"
Shape Roundrect Layer front
position -1.462500  0.000000  size  1.125000  1.750000  orientation 360.00
drill  0.000000
shape_offset  0.000000  0.000000
$EndPAD
$PAD "2"
Shape Roundrect Layer front
position  1.462500  0.000000  size  1.125000  1.750000  orientation 360.00
drill  0.000000
shape_offset  0.000000  0.000000
$EndPAD
$EndMODULE  R75

$MODULE R76
footprint Resistor_SMD:R_1206_3216Metric
attribut smd
position 399.498200 188.709000  orientation -90.00
layer front
$PAD "1"
Shape Roundrect Layer front
position -1.462500  0.000000  size  1.125000  1.750000  orientation 360.00
drill  0.000000
shape_offset  0.000000  0.000000
$EndPAD
$PAD "2"
Shape Roundrect Layer front
position  1.462500  0.000000  size  1.125000  1.750000  orientation 360.00
drill  0.000000
shape_offset  0.000000  0.000000
$EndPAD
$EndMODULE  R76

$MODULE R79
footprint Resistor_SMD:R_1206_3216Metric
attribut smd
position 396.998200 188.709000  orientation -90.00
layer front
$PAD "1"
Shape Roundrect Layer front
position -1.462500  0.000000  size  1.125000  1.750000  orientation 360.00
drill  0.000000
shape_offset  0.000000  0.000000
$EndPAD
$PAD "2"
Shape Roundrect Layer front
position  1.462500  0.000000  size  1.125000  1.750000  orientation 360.00
drill  0.000000
shape_offset  0.000000  0.000000
$EndPAD
$EndMODULE  R79

$MODULE R82
footprint Resistor_SMD:R_1206_3216Metric
attribut smd
position 397.998200 178.709000  orientation 90.00
layer front
$PAD "1"
Shape Roundrect Layer front
position -1.462500  0.000000  size  1.125000  1.750000  orientation 0.00
drill  0.000000
shape_offset  0.000000  0.000000
$EndPAD
$PAD "2"
Shape Roundrect Layer front
position  1.462500  0.000000  size  1.125000  1.750000  orientation 0.00
drill  0.000000
shape_offset  0.000000  0.000000
$EndPAD
$EndMODULE  R82

$MODULE R83
footprint Resistor_SMD:R_1206_3216Metric
attribut smd
position 374.650000 179.070000  orientation 90.00
layer front
$PAD "1"
Shape Roundrect Layer front
position -1.462500  0.000000  size  1.125000  1.750000  orientation 0.00
drill  0.000000
shape_offset  0.000000  0.000000
$EndPAD
$PAD "2"
Shape Roundrect Layer front
position  1.462500  0.000000  size  1.125000  1.750000  orientation 0.00
drill  0.000000
shape_offset  0.000000  0.000000
$EndPAD
$EndMODULE  R83

$MODULE R84
footprint Resistor_SMD:R_1206_3216Metric
attribut smd
position 374.650000 173.990000  orientation -90.00
layer front
$PAD "1"
Shape Roundrect Layer front
position -1.462500  0.000000  size  1.125000  1.750000  orientation 360.00
drill  0.000000
shape_offset  0.000000  0.000000
$EndPAD
$PAD "2"
Shape Roundrect Layer front
position  1.462500  0.000000  size  1.125000  1.750000  orientation 360.00
drill  0.000000
shape_offset  0.000000  0.000000
$EndPAD
$EndMODULE  R84

$MODULE R85
footprint Resistor_SMD:R_1206_3216Metric
attribut smd
position 458.498200 188.709000  orientation -90.00
layer front
$PAD "1"
Shape Roundrect Layer front
position -1.462500  0.000000  size  1.125000  1.750000  orientation 360.00
drill  0.000000
shape_offset  0.000000  0.000000
$EndPAD
$PAD "2"
Shape Roundrect Layer front
position  1.462500  0.000000  size  1.125000  1.750000  orientation 360.00
drill  0.000000
shape_offset  0.000000  0.000000
$EndPAD
$EndMODULE  R85

$MODULE R88
footprint Resistor_SMD:R_1206_3216Metric
attribut smd
position 455.998200 188.709000  orientation -90.00
layer front
$PAD "1"
Shape Roundrect Layer front
position -1.462500  0.000000  size  1.125000  1.750000  orientation 360.00
drill  0.000000
shape_offset  0.000000  0.000000
$EndPAD
$PAD "2"
Shape Roundrect Layer front
position  1.462500  0.000000  size  1.125000  1.750000  orientation 360.00
drill  0.000000
shape_offset  0.000000  0.000000
$EndPAD
$EndMODULE  R88

$MODULE R91
footprint Resistor_SMD:R_1206_3216Metric
attribut smd
position 456.998200 178.709000  orientation 90.00
layer front
$PAD "1"
Shape Roundrect Layer front
position -1.462500  0.000000  size  1.125000  1.750000  orientation 0.00
drill  0.000000
shape_offset  0.000000  0.000000
$EndPAD
$PAD "2"
Shape Roundrect Layer front
position  1.462500  0.000000  size  1.125000  1.750000  orientation 0.00
drill  0.000000
shape_offset  0.000000  0.000000
$EndPAD
$EndMODULE  R91

$MODULE R92
footprint Resistor_SMD:R_1206_3216Metric
attribut smd
position 435.610000 179.070000  orientation 90.00
layer front
$PAD "1"
Shape Roundrect Layer front
position -1.462500  0.000000  size  1.125000  1.750000  orientation 0.00
drill  0.000000
shape_offset  0.000000  0.000000
$EndPAD
$PAD "2"
Shape Roundrect Layer front
position  1.462500  0.000000  size  1.125000  1.750000  orientation 0.00
drill  0.000000
shape_offset  0.000000  0.000000
$EndPAD
$EndMODULE  R92

$MODULE R93
footprint Resistor_SMD:R_1206_3216Metric
attribut smd
position 435.610000 173.990000  orientation -90.00
layer front
$PAD "1"
Shape Roundrect Layer front
position -1.462500  0.000000  size  1.125000  1.750000  orientation 360.00
drill  0.000000
shape_offset  0.000000  0.000000
$EndPAD
$PAD "2"
Shape Roundrect Layer front
position  1.462500  0.000000  size  1.125000  1.750000  orientation 360.00
drill  0.000000
shape_offset  0.000000  0.000000
$EndPAD
$EndMODULE  R93

$MODULE REF**
footprint _GARRETTS_PARTS:VIA_0.3mm
attribut none
position 240.598200 145.304000  orientation 0.00
layer front
$PAD "1"
Shape Circle Layer both
position  0.000000  0.000000  size  0.500000  0.500000  orientation 0.00
drill  0.300000
shape_offset  0.000000  0.000000
$EndPAD
$EndMODULE  REF**

$MODULE REF**
footprint _GARRETTS_PARTS:VIA_0.3mm
attribut none
position 422.718950 179.599750  orientation 0.00
layer front
$PAD "1"
Shape Circle Layer both
position  0.000000  0.000000  size  0.500000  0.500000  orientation 0.00
drill  0.300000
shape_offset  0.000000  0.000000
$EndPAD
$EndMODULE  REF**

$MODULE REF**
footprint _GARRETTS_PARTS:VIA_0.3mm
attribut none
position 415.388950 176.909750  orientation 0.00
layer front
$PAD "1"
Shape Circle Layer both
position  0.000000  0.000000  size  0.500000  0.500000  orientation 0.00
drill  0.300000
shape_offset  0.000000  0.000000
$EndPAD
$EndMODULE  REF**

$MODULE REF**
footprint _GARRETTS_PARTS:VIA_0.3mm
attribut none
position 363.516700 179.610500  orientation 0.00
layer front
$PAD "1"
Shape Circle Layer both
position  0.000000  0.000000  size  0.500000  0.500000  orientation 0.00
drill  0.300000
shape_offset  0.000000  0.000000
$EndPAD
$EndMODULE  REF**

$MODULE REF**
footprint _GARRETTS_PARTS:VIA_0.3mm
attribut none
position 415.388950 176.009750  orientation 0.00
layer front
$PAD "1"
Shape Circle Layer both
position  0.000000  0.000000  size  0.500000  0.500000  orientation 0.00
drill  0.300000
shape_offset  0.000000  0.000000
$EndPAD
$EndMODULE  REF**

$MODULE REF**
footprint _GARRETTS_PARTS:VIA_0.3mm
attribut none
position 109.498200 176.919000  orientation 0.00
layer front
$PAD "1"
Shape Circle Layer both
position  0.000000  0.000000  size  0.500000  0.500000  orientation 0.00
drill  0.300000
shape_offset  0.000000  0.000000
$EndPAD
$EndMODULE  REF**

$MODULE REF**
footprint _GARRETTS_PARTS:VIA_0.3mm
attribut none
position 300.698200 145.304000  orientation 0.00
layer front
$PAD "1"
Shape Circle Layer both
position  0.000000  0.000000  size  0.500000  0.500000  orientation 0.00
drill  0.300000
shape_offset  0.000000  0.000000
$EndPAD
$EndMODULE  REF**

$MODULE REF**
footprint _GARRETTS_PARTS:VIA_0.3mm
attribut none
position 414.458950 148.009750  orientation 0.00
layer front
$PAD "1"
Shape Circle Layer both
position  0.000000  0.000000  size  0.500000  0.500000  orientation 0.00
drill  0.300000
shape_offset  0.000000  0.000000
$EndPAD
$EndMODULE  REF**

$MODULE REF**
footprint _GARRETTS_PARTS:VIA_0.3mm
attribut none
position 109.498200 178.719000  orientation 0.00
layer front
$PAD "1"
Shape Circle Layer both
position  0.000000  0.000000  size  0.500000  0.500000  orientation 0.00
drill  0.300000
shape_offset  0.000000  0.000000
$EndPAD
$EndMODULE  REF**

$MODULE REF**
footprint _GARRETTS_PARTS:VIA_0.3mm
attribut none
position 178.689700 146.200500  orientation 0.00
layer front
$PAD "1"
Shape Circle Layer both
position  0.000000  0.000000  size  0.500000  0.500000  orientation 0.00
drill  0.300000
shape_offset  0.000000  0.000000
$EndPAD
$EndMODULE  REF**

$MODULE REF**
footprint _GARRETTS_PARTS:VIA_0.3mm
attribut none
position 109.468200 148.919000  orientation 0.00
layer front
$PAD "1"
Shape Circle Layer both
position  0.000000  0.000000  size  0.500000  0.500000  orientation 0.00
drill  0.300000
shape_offset  0.000000  0.000000
$EndPAD
$EndMODULE  REF**

$MODULE REF**
footprint _GARRETTS_PARTS:VIA_0.3mm
attribut none
position 354.356700 146.220500  orientation 0.00
layer front
$PAD "1"
Shape Circle Layer both
position  0.000000  0.000000  size  0.500000  0.500000  orientation 0.00
drill  0.300000
shape_offset  0.000000  0.000000
$EndPAD
$EndMODULE  REF**

$MODULE REF**
footprint _GARRETTS_PARTS:VIA_0.3mm
attribut none
position 117.728200 180.509000  orientation 0.00
layer front
$PAD "1"
Shape Circle Layer both
position  0.000000  0.000000  size  0.500000  0.500000  orientation 0.00
drill  0.300000
shape_offset  0.000000  0.000000
$EndPAD
$EndMODULE  REF**

$MODULE REF**
footprint _GARRETTS_PARTS:VIA_0.3mm
attribut none
position 232.368200 144.414000  orientation 0.00
layer front
$PAD "1"
Shape Circle Layer both
position  0.000000  0.000000  size  0.500000  0.500000  orientation 0.00
drill  0.300000
shape_offset  0.000000  0.000000
$EndPAD
$EndMODULE  REF**

$MODULE REF**
footprint _GARRETTS_PARTS:VIA_0.3mm
attribut none
position 292.498200 177.814000  orientation 0.00
layer front
$PAD "1"
Shape Circle Layer both
position  0.000000  0.000000  size  0.500000  0.500000  orientation 0.00
drill  0.300000
shape_offset  0.000000  0.000000
$EndPAD
$EndMODULE  REF**

$MODULE REF**
footprint _GARRETTS_PARTS:VIA_0.3mm
attribut none
position 119.498200 148.009000  orientation 0.00
layer front
$PAD "1"
Shape Circle Layer both
position  0.000000  0.000000  size  0.500000  0.500000  orientation 0.00
drill  0.300000
shape_offset  0.000000  0.000000
$EndPAD
$EndMODULE  REF**

$MODULE REF**
footprint _GARRETTS_PARTS:VIA_0.3mm
attribut none
position 241.528200 176.004000  orientation 0.00
layer front
$PAD "1"
Shape Circle Layer both
position  0.000000  0.000000  size  0.500000  0.500000  orientation 0.00
drill  0.300000
shape_offset  0.000000  0.000000
$EndPAD
$EndMODULE  REF**

$MODULE REF**
footprint _GARRETTS_PARTS:VIA_0.3mm
attribut none
position 414.458950 147.109750  orientation 0.00
layer front
$PAD "1"
Shape Circle Layer both
position  0.000000  0.000000  size  0.500000  0.500000  orientation 0.00
drill  0.300000
shape_offset  0.000000  0.000000
$EndPAD
$EndMODULE  REF**

$MODULE REF**
footprint _GARRETTS_PARTS:VIA_0.3mm
attribut none
position 240.628200 176.004000  orientation 0.00
layer front
$PAD "1"
Shape Circle Layer both
position  0.000000  0.000000  size  0.500000  0.500000  orientation 0.00
drill  0.300000
shape_offset  0.000000  0.000000
$EndPAD
$EndMODULE  REF**

$MODULE REF**
footprint _GARRETTS_PARTS:VIA_0.3mm
attribut none
position 109.498200 180.519000  orientation 0.00
layer front
$PAD "1"
Shape Circle Layer both
position  0.000000  0.000000  size  0.500000  0.500000  orientation 0.00
drill  0.300000
shape_offset  0.000000  0.000000
$EndPAD
$EndMODULE  REF**

$MODULE REF**
footprint _GARRETTS_PARTS:VIA_0.3mm
attribut none
position 424.488950 145.299750  orientation 0.00
layer front
$PAD "1"
Shape Circle Layer both
position  0.000000  0.000000  size  0.500000  0.500000  orientation 0.00
drill  0.300000
shape_offset  0.000000  0.000000
$EndPAD
$EndMODULE  REF**

$MODULE REF**
footprint _GARRETTS_PARTS:VIA_0.3mm
attribut none
position 110.398200 177.819000  orientation 0.00
layer front
$PAD "1"
Shape Circle Layer both
position  0.000000  0.000000  size  0.500000  0.500000  orientation 0.00
drill  0.300000
shape_offset  0.000000  0.000000
$EndPAD
$EndMODULE  REF**

$MODULE REF**
footprint _GARRETTS_PARTS:VIA_0.3mm
attribut none
position 424.518950 180.499750  orientation 0.00
layer front
$PAD "1"
Shape Circle Layer both
position  0.000000  0.000000  size  0.500000  0.500000  orientation 0.00
drill  0.300000
shape_offset  0.000000  0.000000
$EndPAD
$EndMODULE  REF**

$MODULE REF**
footprint _GARRETTS_PARTS:VIA_0.3mm
attribut none
position 118.628200 177.809000  orientation 0.00
layer front
$PAD "1"
Shape Circle Layer both
position  0.000000  0.000000  size  0.500000  0.500000  orientation 0.00
drill  0.300000
shape_offset  0.000000  0.000000
$EndPAD
$EndMODULE  REF**

$MODULE REF**
footprint _GARRETTS_PARTS:VIA_0.3mm
attribut none
position 111.298200 177.819000  orientation 0.00
layer front
$PAD "1"
Shape Circle Layer both
position  0.000000  0.000000  size  0.500000  0.500000  orientation 0.00
drill  0.300000
shape_offset  0.000000  0.000000
$EndPAD
$EndMODULE  REF**

$MODULE REF**
footprint _GARRETTS_PARTS:VIA_0.3mm
attribut none
position 241.528200 178.704000  orientation 0.00
layer front
$PAD "1"
Shape Circle Layer both
position  0.000000  0.000000  size  0.500000  0.500000  orientation 0.00
drill  0.300000
shape_offset  0.000000  0.000000
$EndPAD
$EndMODULE  REF**

$MODULE REF**
footprint _GARRETTS_PARTS:VIA_0.3mm
attribut none
position 170.459700 145.310500  orientation 0.00
layer front
$PAD "1"
Shape Circle Layer both
position  0.000000  0.000000  size  0.500000  0.500000  orientation 0.00
drill  0.300000
shape_offset  0.000000  0.000000
$EndPAD
$EndMODULE  REF**

$MODULE REF**
footprint _GARRETTS_PARTS:VIA_0.3mm
attribut none
position 414.488950 177.809750  orientation 0.00
layer front
$PAD "1"
Shape Circle Layer both
position  0.000000  0.000000  size  0.500000  0.500000  orientation 0.00
drill  0.300000
shape_offset  0.000000  0.000000
$EndPAD
$EndMODULE  REF**

$MODULE REF**
footprint _GARRETTS_PARTS:VIA_0.3mm
attribut none
position 363.486700 147.110500  orientation 0.00
layer front
$PAD "1"
Shape Circle Layer both
position  0.000000  0.000000  size  0.500000  0.500000  orientation 0.00
drill  0.300000
shape_offset  0.000000  0.000000
$EndPAD
$EndMODULE  REF**

$MODULE REF**
footprint _GARRETTS_PARTS:VIA_0.3mm
attribut none
position 423.618950 178.699750  orientation 0.00
layer front
$PAD "1"
Shape Circle Layer both
position  0.000000  0.000000  size  0.500000  0.500000  orientation 0.00
drill  0.300000
shape_offset  0.000000  0.000000
$EndPAD
$EndMODULE  REF**

$MODULE REF**
footprint _GARRETTS_PARTS:VIA_0.3mm
attribut none
position 119.528200 177.809000  orientation 0.00
layer front
$PAD "1"
Shape Circle Layer both
position  0.000000  0.000000  size  0.500000  0.500000  orientation 0.00
drill  0.300000
shape_offset  0.000000  0.000000
$EndPAD
$EndMODULE  REF**

$MODULE REF**
footprint _GARRETTS_PARTS:VIA_0.3mm
attribut none
position 292.498200 178.714000  orientation 0.00
layer front
$PAD "1"
Shape Circle Layer both
position  0.000000  0.000000  size  0.500000  0.500000  orientation 0.00
drill  0.300000
shape_offset  0.000000  0.000000
$EndPAD
$EndMODULE  REF**

$MODULE REF**
footprint _GARRETTS_PARTS:VIA_0.3mm
attribut none
position 424.518950 177.799750  orientation 0.00
layer front
$PAD "1"
Shape Circle Layer both
position  0.000000  0.000000  size  0.500000  0.500000  orientation 0.00
drill  0.300000
shape_offset  0.000000  0.000000
$EndPAD
$EndMODULE  REF**

$MODULE REF**
footprint _GARRETTS_PARTS:VIA_0.3mm
attribut none
position 239.728200 180.504000  orientation 0.00
layer front
$PAD "1"
Shape Circle Layer both
position  0.000000  0.000000  size  0.500000  0.500000  orientation 0.00
drill  0.300000
shape_offset  0.000000  0.000000
$EndPAD
$EndMODULE  REF**

$MODULE REF**
footprint _GARRETTS_PARTS:VIA_0.3mm
attribut none
position 240.628200 180.504000  orientation 0.00
layer front
$PAD "1"
Shape Circle Layer both
position  0.000000  0.000000  size  0.500000  0.500000  orientation 0.00
drill  0.300000
shape_offset  0.000000  0.000000
$EndPAD
$EndMODULE  REF**

$MODULE REF**
footprint _GARRETTS_PARTS:VIA_0.3mm
attribut none
position 293.368200 144.414000  orientation 0.00
layer front
$PAD "1"
Shape Circle Layer both
position  0.000000  0.000000  size  0.500000  0.500000  orientation 0.00
drill  0.300000
shape_offset  0.000000  0.000000
$EndPAD
$EndMODULE  REF**

$MODULE REF**
footprint _GARRETTS_PARTS:VIA_0.3mm
attribut none
position 294.268200 147.114000  orientation 0.00
layer front
$PAD "1"
Shape Circle Layer both
position  0.000000  0.000000  size  0.500000  0.500000  orientation 0.00
drill  0.300000
shape_offset  0.000000  0.000000
$EndPAD
$EndMODULE  REF**

$MODULE REF**
footprint _GARRETTS_PARTS:VIA_0.3mm
attribut none
position 354.356700 145.320500  orientation 0.00
layer front
$PAD "1"
Shape Circle Layer both
position  0.000000  0.000000  size  0.500000  0.500000  orientation 0.00
drill  0.300000
shape_offset  0.000000  0.000000
$EndPAD
$EndMODULE  REF**

$MODULE REF**
footprint _GARRETTS_PARTS:VIA_0.3mm
attribut none
position 416.288950 178.709750  orientation 0.00
layer front
$PAD "1"
Shape Circle Layer both
position  0.000000  0.000000  size  0.500000  0.500000  orientation 0.00
drill  0.300000
shape_offset  0.000000  0.000000
$EndPAD
$EndMODULE  REF**

$MODULE REF**
footprint _GARRETTS_PARTS:VIA_0.3mm
attribut none
position 179.589700 148.000500  orientation 0.00
layer front
$PAD "1"
Shape Circle Layer both
position  0.000000  0.000000  size  0.500000  0.500000  orientation 0.00
drill  0.300000
shape_offset  0.000000  0.000000
$EndPAD
$EndMODULE  REF**

$MODULE REF**
footprint _GARRETTS_PARTS:VIA_0.3mm
attribut none
position 233.268200 146.214000  orientation 0.00
layer front
$PAD "1"
Shape Circle Layer both
position  0.000000  0.000000  size  0.500000  0.500000  orientation 0.00
drill  0.300000
shape_offset  0.000000  0.000000
$EndPAD
$EndMODULE  REF**

$MODULE REF**
footprint _GARRETTS_PARTS:VIA_0.3mm
attribut none
position 362.586700 148.910500  orientation 0.00
layer front
$PAD "1"
Shape Circle Layer both
position  0.000000  0.000000  size  0.500000  0.500000  orientation 0.00
drill  0.300000
shape_offset  0.000000  0.000000
$EndPAD
$EndMODULE  REF**

$MODULE REF**
footprint _GARRETTS_PARTS:VIA_0.3mm
attribut none
position 353.486700 178.720500  orientation 0.00
layer front
$PAD "1"
Shape Circle Layer both
position  0.000000  0.000000  size  0.500000  0.500000  orientation 0.00
drill  0.300000
shape_offset  0.000000  0.000000
$EndPAD
$EndMODULE  REF**

$MODULE REF**
footprint _GARRETTS_PARTS:VIA_0.3mm
attribut none
position 240.598200 148.904000  orientation 0.00
layer front
$PAD "1"
Shape Circle Layer both
position  0.000000  0.000000  size  0.500000  0.500000  orientation 0.00
drill  0.300000
shape_offset  0.000000  0.000000
$EndPAD
$EndMODULE  REF**

$MODULE REF**
footprint _GARRETTS_PARTS:VIA_0.3mm
attribut none
position 292.468200 144.414000  orientation 0.00
layer front
$PAD "1"
Shape Circle Layer both
position  0.000000  0.000000  size  0.500000  0.500000  orientation 0.00
drill  0.300000
shape_offset  0.000000  0.000000
$EndPAD
$EndMODULE  REF**

$MODULE REF**
footprint _GARRETTS_PARTS:VIA_0.3mm
attribut none
position 231.498200 178.714000  orientation 0.00
layer front
$PAD "1"
Shape Circle Layer both
position  0.000000  0.000000  size  0.500000  0.500000  orientation 0.00
drill  0.300000
shape_offset  0.000000  0.000000
$EndPAD
$EndMODULE  REF**

$MODULE REF**
footprint _GARRETTS_PARTS:VIA_0.3mm
attribut none
position 355.256700 145.320500  orientation 0.00
layer front
$PAD "1"
Shape Circle Layer both
position  0.000000  0.000000  size  0.500000  0.500000  orientation 0.00
drill  0.300000
shape_offset  0.000000  0.000000
$EndPAD
$EndMODULE  REF**

$MODULE REF**
footprint _GARRETTS_PARTS:VIA_0.3mm
attribut none
position 241.528200 180.504000  orientation 0.00
layer front
$PAD "1"
Shape Circle Layer both
position  0.000000  0.000000  size  0.500000  0.500000  orientation 0.00
drill  0.300000
shape_offset  0.000000  0.000000
$EndPAD
$EndMODULE  REF**

$MODULE REF**
footprint _GARRETTS_PARTS:VIA_0.3mm
attribut none
position 355.286700 180.520500  orientation 0.00
layer front
$PAD "1"
Shape Circle Layer both
position  0.000000  0.000000  size  0.500000  0.500000  orientation 0.00
drill  0.300000
shape_offset  0.000000  0.000000
$EndPAD
$EndMODULE  REF**

$MODULE REF**
footprint _GARRETTS_PARTS:VIA_0.3mm
attribut none
position 117.698200 146.209000  orientation 0.00
layer front
$PAD "1"
Shape Circle Layer both
position  0.000000  0.000000  size  0.500000  0.500000  orientation 0.00
drill  0.300000
shape_offset  0.000000  0.000000
$EndPAD
$EndMODULE  REF**

$MODULE REF**
footprint _GARRETTS_PARTS:VIA_0.3mm
attribut none
position 423.588950 147.999750  orientation 0.00
layer front
$PAD "1"
Shape Circle Layer both
position  0.000000  0.000000  size  0.500000  0.500000  orientation 0.00
drill  0.300000
shape_offset  0.000000  0.000000
$EndPAD
$EndMODULE  REF**

$MODULE REF**
footprint _GARRETTS_PARTS:VIA_0.3mm
attribut none
position 232.368200 148.914000  orientation 0.00
layer front
$PAD "1"
Shape Circle Layer both
position  0.000000  0.000000  size  0.500000  0.500000  orientation 0.00
drill  0.300000
shape_offset  0.000000  0.000000
$EndPAD
$EndMODULE  REF**

$MODULE REF**
footprint _GARRETTS_PARTS:VIA_0.3mm
attribut none
position 416.288950 176.009750  orientation 0.00
layer front
$PAD "1"
Shape Circle Layer both
position  0.000000  0.000000  size  0.500000  0.500000  orientation 0.00
drill  0.300000
shape_offset  0.000000  0.000000
$EndPAD
$EndMODULE  REF**

$MODULE REF**
footprint _GARRETTS_PARTS:VIA_0.3mm
attribut none
position 118.628200 180.509000  orientation 0.00
layer front
$PAD "1"
Shape Circle Layer both
position  0.000000  0.000000  size  0.500000  0.500000  orientation 0.00
drill  0.300000
shape_offset  0.000000  0.000000
$EndPAD
$EndMODULE  REF**

$MODULE REF**
footprint _GARRETTS_PARTS:VIA_0.3mm
attribut none
position 171.359700 147.110500  orientation 0.00
layer front
$PAD "1"
Shape Circle Layer both
position  0.000000  0.000000  size  0.500000  0.500000  orientation 0.00
drill  0.300000
shape_offset  0.000000  0.000000
$EndPAD
$EndMODULE  REF**

$MODULE REF**
footprint _GARRETTS_PARTS:VIA_0.3mm
attribut none
position 414.458950 146.209750  orientation 0.00
layer front
$PAD "1"
Shape Circle Layer both
position  0.000000  0.000000  size  0.500000  0.500000  orientation 0.00
drill  0.300000
shape_offset  0.000000  0.000000
$EndPAD
$EndMODULE  REF**

$MODULE REF**
footprint _GARRETTS_PARTS:VIA_0.3mm
attribut none
position 170.489700 178.710500  orientation 0.00
layer front
$PAD "1"
Shape Circle Layer both
position  0.000000  0.000000  size  0.500000  0.500000  orientation 0.00
drill  0.300000
shape_offset  0.000000  0.000000
$EndPAD
$EndMODULE  REF**

$MODULE REF**
footprint _GARRETTS_PARTS:VIA_0.3mm
attribut none
position 363.486700 148.910500  orientation 0.00
layer front
$PAD "1"
Shape Circle Layer both
position  0.000000  0.000000  size  0.500000  0.500000  orientation 0.00
drill  0.300000
shape_offset  0.000000  0.000000
$EndPAD
$EndMODULE  REF**

$MODULE REF**
footprint _GARRETTS_PARTS:VIA_0.3mm
attribut none
position 293.398200 177.814000  orientation 0.00
layer front
$PAD "1"
Shape Circle Layer both
position  0.000000  0.000000  size  0.500000  0.500000  orientation 0.00
drill  0.300000
shape_offset  0.000000  0.000000
$EndPAD
$EndMODULE  REF**

$MODULE REF**
footprint _GARRETTS_PARTS:VIA_0.3mm
attribut none
position 355.256700 148.020500  orientation 0.00
layer front
$PAD "1"
Shape Circle Layer both
position  0.000000  0.000000  size  0.500000  0.500000  orientation 0.00
drill  0.300000
shape_offset  0.000000  0.000000
$EndPAD
$EndMODULE  REF**

$MODULE REF**
footprint _GARRETTS_PARTS:VIA_0.3mm
attribut none
position 414.458950 148.909750  orientation 0.00
layer front
$PAD "1"
Shape Circle Layer both
position  0.000000  0.000000  size  0.500000  0.500000  orientation 0.00
drill  0.300000
shape_offset  0.000000  0.000000
$EndPAD
$EndMODULE  REF**

$MODULE REF**
footprint _GARRETTS_PARTS:VIA_0.3mm
attribut none
position 363.516700 177.810500  orientation 0.00
layer front
$PAD "1"
Shape Circle Layer both
position  0.000000  0.000000  size  0.500000  0.500000  orientation 0.00
drill  0.300000
shape_offset  0.000000  0.000000
$EndPAD
$EndMODULE  REF**

$MODULE REF**
footprint _GARRETTS_PARTS:VIA_0.3mm
attribut none
position 354.386700 178.720500  orientation 0.00
layer front
$PAD "1"
Shape Circle Layer both
position  0.000000  0.000000  size  0.500000  0.500000  orientation 0.00
drill  0.300000
shape_offset  0.000000  0.000000
$EndPAD
$EndMODULE  REF**

$MODULE REF**
footprint _GARRETTS_PARTS:VIA_0.3mm
attribut none
position 232.368200 147.114000  orientation 0.00
layer front
$PAD "1"
Shape Circle Layer both
position  0.000000  0.000000  size  0.500000  0.500000  orientation 0.00
drill  0.300000
shape_offset  0.000000  0.000000
$EndPAD
$EndMODULE  REF**

$MODULE REF**
footprint _GARRETTS_PARTS:VIA_0.3mm
attribut none
position 178.719700 177.800500  orientation 0.00
layer front
$PAD "1"
Shape Circle Layer both
position  0.000000  0.000000  size  0.500000  0.500000  orientation 0.00
drill  0.300000
shape_offset  0.000000  0.000000
$EndPAD
$EndMODULE  REF**

$MODULE REF**
footprint _GARRETTS_PARTS:VIA_0.3mm
attribut none
position 170.459700 148.910500  orientation 0.00
layer front
$PAD "1"
Shape Circle Layer both
position  0.000000  0.000000  size  0.500000  0.500000  orientation 0.00
drill  0.300000
shape_offset  0.000000  0.000000
$EndPAD
$EndMODULE  REF**

$MODULE REF**
footprint _GARRETTS_PARTS:VIA_0.3mm
attribut none
position 109.468200 147.119000  orientation 0.00
layer front
$PAD "1"
Shape Circle Layer both
position  0.000000  0.000000  size  0.500000  0.500000  orientation 0.00
drill  0.300000
shape_offset  0.000000  0.000000
$EndPAD
$EndMODULE  REF**

$MODULE REF**
footprint _GARRETTS_PARTS:VIA_0.3mm
attribut none
position 110.398200 178.719000  orientation 0.00
layer front
$PAD "1"
Shape Circle Layer both
position  0.000000  0.000000  size  0.500000  0.500000  orientation 0.00
drill  0.300000
shape_offset  0.000000  0.000000
$EndPAD
$EndMODULE  REF**

$MODULE REF**
footprint _GARRETTS_PARTS:VIA_0.3mm
attribut none
position 292.468200 145.314000  orientation 0.00
layer front
$PAD "1"
Shape Circle Layer both
position  0.000000  0.000000  size  0.500000  0.500000  orientation 0.00
drill  0.300000
shape_offset  0.000000  0.000000
$EndPAD
$EndMODULE  REF**

$MODULE REF**
footprint _GARRETTS_PARTS:VIA_0.3mm
attribut none
position 424.488950 146.199750  orientation 0.00
layer front
$PAD "1"
Shape Circle Layer both
position  0.000000  0.000000  size  0.500000  0.500000  orientation 0.00
drill  0.300000
shape_offset  0.000000  0.000000
$EndPAD
$EndMODULE  REF**

$MODULE REF**
footprint _GARRETTS_PARTS:VIA_0.3mm
attribut none
position 302.528200 177.804000  orientation 0.00
layer front
$PAD "1"
Shape Circle Layer both
position  0.000000  0.000000  size  0.500000  0.500000  orientation 0.00
drill  0.300000
shape_offset  0.000000  0.000000
$EndPAD
$EndMODULE  REF**

$MODULE REF**
footprint _GARRETTS_PARTS:VIA_0.3mm
attribut none
position 293.368200 148.914000  orientation 0.00
layer front
$PAD "1"
Shape Circle Layer both
position  0.000000  0.000000  size  0.500000  0.500000  orientation 0.00
drill  0.300000
shape_offset  0.000000  0.000000
$EndPAD
$EndMODULE  REF**

$MODULE REF**
footprint _GARRETTS_PARTS:VIA_0.3mm
attribut none
position 110.368200 146.219000  orientation 0.00
layer front
$PAD "1"
Shape Circle Layer both
position  0.000000  0.000000  size  0.500000  0.500000  orientation 0.00
drill  0.300000
shape_offset  0.000000  0.000000
$EndPAD
$EndMODULE  REF**

$MODULE REF**
footprint _GARRETTS_PARTS:VIA_0.3mm
attribut none
position 294.298200 176.014000  orientation 0.00
layer front
$PAD "1"
Shape Circle Layer both
position  0.000000  0.000000  size  0.500000  0.500000  orientation 0.00
drill  0.300000
shape_offset  0.000000  0.000000
$EndPAD
$EndMODULE  REF**

$MODULE REF**
footprint _GARRETTS_PARTS:VIA_0.3mm
attribut none
position 233.298200 179.614000  orientation 0.00
layer front
$PAD "1"
Shape Circle Layer both
position  0.000000  0.000000  size  0.500000  0.500000  orientation 0.00
drill  0.300000
shape_offset  0.000000  0.000000
$EndPAD
$EndMODULE  REF**

$MODULE REF**
footprint _GARRETTS_PARTS:VIA_0.3mm
attribut none
position 354.386700 177.820500  orientation 0.00
layer front
$PAD "1"
Shape Circle Layer both
position  0.000000  0.000000  size  0.500000  0.500000  orientation 0.00
drill  0.300000
shape_offset  0.000000  0.000000
$EndPAD
$EndMODULE  REF**

$MODULE REF**
footprint _GARRETTS_PARTS:VIA_0.3mm
attribut none
position 294.268200 144.414000  orientation 0.00
layer front
$PAD "1"
Shape Circle Layer both
position  0.000000  0.000000  size  0.500000  0.500000  orientation 0.00
drill  0.300000
shape_offset  0.000000  0.000000
$EndPAD
$EndMODULE  REF**

$MODULE REF**
footprint _GARRETTS_PARTS:VIA_0.3mm
attribut none
position 422.718950 177.799750  orientation 0.00
layer front
$PAD "1"
Shape Circle Layer both
position  0.000000  0.000000  size  0.500000  0.500000  orientation 0.00
drill  0.300000
shape_offset  0.000000  0.000000
$EndPAD
$EndMODULE  REF**

$MODULE REF**
footprint _GARRETTS_PARTS:VIA_0.3mm
attribut none
position 354.356700 144.420500  orientation 0.00
layer front
$PAD "1"
Shape Circle Layer both
position  0.000000  0.000000  size  0.500000  0.500000  orientation 0.00
drill  0.300000
shape_offset  0.000000  0.000000
$EndPAD
$EndMODULE  REF**

$MODULE REF**
footprint _GARRETTS_PARTS:VIA_0.3mm
attribut none
position 241.498200 148.004000  orientation 0.00
layer front
$PAD "1"
Shape Circle Layer both
position  0.000000  0.000000  size  0.500000  0.500000  orientation 0.00
drill  0.300000
shape_offset  0.000000  0.000000
$EndPAD
$EndMODULE  REF**

$MODULE REF**
footprint _GARRETTS_PARTS:VIA_0.3mm
attribut none
position 179.589700 148.900500  orientation 0.00
layer front
$PAD "1"
Shape Circle Layer both
position  0.000000  0.000000  size  0.500000  0.500000  orientation 0.00
drill  0.300000
shape_offset  0.000000  0.000000
$EndPAD
$EndMODULE  REF**

$MODULE REF**
footprint _GARRETTS_PARTS:VIA_0.3mm
attribut none
position 178.689700 148.900500  orientation 0.00
layer front
$PAD "1"
Shape Circle Layer both
position  0.000000  0.000000  size  0.500000  0.500000  orientation 0.00
drill  0.300000
shape_offset  0.000000  0.000000
$EndPAD
$EndMODULE  REF**

$MODULE REF**
footprint _GARRETTS_PARTS:VIA_0.3mm
attribut none
position 415.388950 179.609750  orientation 0.00
layer front
$PAD "1"
Shape Circle Layer both
position  0.000000  0.000000  size  0.500000  0.500000  orientation 0.00
drill  0.300000
shape_offset  0.000000  0.000000
$EndPAD
$EndMODULE  REF**

$MODULE REF**
footprint _GARRETTS_PARTS:VIA_0.3mm
attribut none
position 232.368200 145.314000  orientation 0.00
layer front
$PAD "1"
Shape Circle Layer both
position  0.000000  0.000000  size  0.500000  0.500000  orientation 0.00
drill  0.300000
shape_offset  0.000000  0.000000
$EndPAD
$EndMODULE  REF**

$MODULE REF**
footprint _GARRETTS_PARTS:VIA_0.3mm
attribut none
position 354.386700 176.920500  orientation 0.00
layer front
$PAD "1"
Shape Circle Layer both
position  0.000000  0.000000  size  0.500000  0.500000  orientation 0.00
drill  0.300000
shape_offset  0.000000  0.000000
$EndPAD
$EndMODULE  REF**

$MODULE REF**
footprint _GARRETTS_PARTS:VIA_0.3mm
attribut none
position 302.498200 148.004000  orientation 0.00
layer front
$PAD "1"
Shape Circle Layer both
position  0.000000  0.000000  size  0.500000  0.500000  orientation 0.00
drill  0.300000
shape_offset  0.000000  0.000000
$EndPAD
$EndMODULE  REF**

$MODULE REF**
footprint _GARRETTS_PARTS:VIA_0.3mm
attribut none
position 293.368200 147.114000  orientation 0.00
layer front
$PAD "1"
Shape Circle Layer both
position  0.000000  0.000000  size  0.500000  0.500000  orientation 0.00
drill  0.300000
shape_offset  0.000000  0.000000
$EndPAD
$EndMODULE  REF**

$MODULE REF**
footprint _GARRETTS_PARTS:VIA_0.3mm
attribut none
position 178.719700 178.700500  orientation 0.00
layer front
$PAD "1"
Shape Circle Layer both
position  0.000000  0.000000  size  0.500000  0.500000  orientation 0.00
drill  0.300000
shape_offset  0.000000  0.000000
$EndPAD
$EndMODULE  REF**

$MODULE REF**
footprint _GARRETTS_PARTS:VIA_0.3mm
attribut none
position 422.688950 147.999750  orientation 0.00
layer front
$PAD "1"
Shape Circle Layer both
position  0.000000  0.000000  size  0.500000  0.500000  orientation 0.00
drill  0.300000
shape_offset  0.000000  0.000000
$EndPAD
$EndMODULE  REF**

$MODULE REF**
footprint _GARRETTS_PARTS:VIA_0.3mm
attribut none
position 294.268200 148.014000  orientation 0.00
layer front
$PAD "1"
Shape Circle Layer both
position  0.000000  0.000000  size  0.500000  0.500000  orientation 0.00
drill  0.300000
shape_offset  0.000000  0.000000
$EndPAD
$EndMODULE  REF**

$MODULE REF**
footprint _GARRETTS_PARTS:VIA_0.3mm
attribut none
position 363.486700 145.310500  orientation 0.00
layer front
$PAD "1"
Shape Circle Layer both
position  0.000000  0.000000  size  0.500000  0.500000  orientation 0.00
drill  0.300000
shape_offset  0.000000  0.000000
$EndPAD
$EndMODULE  REF**

$MODULE REF**
footprint _GARRETTS_PARTS:VIA_0.3mm
attribut none
position 170.489700 176.010500  orientation 0.00
layer front
$PAD "1"
Shape Circle Layer both
position  0.000000  0.000000  size  0.500000  0.500000  orientation 0.00
drill  0.300000
shape_offset  0.000000  0.000000
$EndPAD
$EndMODULE  REF**

$MODULE REF**
footprint _GARRETTS_PARTS:VIA_0.3mm
attribut none
position 354.356700 147.120500  orientation 0.00
layer front
$PAD "1"
Shape Circle Layer both
position  0.000000  0.000000  size  0.500000  0.500000  orientation 0.00
drill  0.300000
shape_offset  0.000000  0.000000
$EndPAD
$EndMODULE  REF**

$MODULE REF**
footprint _GARRETTS_PARTS:VIA_0.3mm
attribut none
position 302.498200 148.904000  orientation 0.00
layer front
$PAD "1"
Shape Circle Layer both
position  0.000000  0.000000  size  0.500000  0.500000  orientation 0.00
drill  0.300000
shape_offset  0.000000  0.000000
$EndPAD
$EndMODULE  REF**

$MODULE REF**
footprint _GARRETTS_PARTS:VIA_0.3mm
attribut none
position 362.616700 180.510500  orientation 0.00
layer front
$PAD "1"
Shape Circle Layer both
position  0.000000  0.000000  size  0.500000  0.500000  orientation 0.00
drill  0.300000
shape_offset  0.000000  0.000000
$EndPAD
$EndMODULE  REF**

$MODULE REF**
footprint _GARRETTS_PARTS:VIA_0.3mm
attribut none
position 178.719700 180.500500  orientation 0.00
layer front
$PAD "1"
Shape Circle Layer both
position  0.000000  0.000000  size  0.500000  0.500000  orientation 0.00
drill  0.300000
shape_offset  0.000000  0.000000
$EndPAD
$EndMODULE  REF**

$MODULE REF**
footprint _GARRETTS_PARTS:VIA_0.3mm
attribut none
position 231.498200 177.814000  orientation 0.00
layer front
$PAD "1"
Shape Circle Layer both
position  0.000000  0.000000  size  0.500000  0.500000  orientation 0.00
drill  0.300000
shape_offset  0.000000  0.000000
$EndPAD
$EndMODULE  REF**

$MODULE REF**
footprint _GARRETTS_PARTS:VIA_0.3mm
attribut none
position 355.286700 178.720500  orientation 0.00
layer front
$PAD "1"
Shape Circle Layer both
position  0.000000  0.000000  size  0.500000  0.500000  orientation 0.00
drill  0.300000
shape_offset  0.000000  0.000000
$EndPAD
$EndMODULE  REF**

$MODULE REF**
footprint _GARRETTS_PARTS:VIA_0.3mm
attribut none
position 179.619700 176.900500  orientation 0.00
layer front
$PAD "1"
Shape Circle Layer both
position  0.000000  0.000000  size  0.500000  0.500000  orientation 0.00
drill  0.300000
shape_offset  0.000000  0.000000
$EndPAD
$EndMODULE  REF**

$MODULE REF**
footprint _GARRETTS_PARTS:VIA_0.3mm
attribut none
position 292.468200 148.014000  orientation 0.00
layer front
$PAD "1"
Shape Circle Layer both
position  0.000000  0.000000  size  0.500000  0.500000  orientation 0.00
drill  0.300000
shape_offset  0.000000  0.000000
$EndPAD
$EndMODULE  REF**

$MODULE REF**
footprint _GARRETTS_PARTS:VIA_0.3mm
attribut none
position 300.728200 177.804000  orientation 0.00
layer front
$PAD "1"
Shape Circle Layer both
position  0.000000  0.000000  size  0.500000  0.500000  orientation 0.00
drill  0.300000
shape_offset  0.000000  0.000000
$EndPAD
$EndMODULE  REF**

$MODULE REF**
footprint _GARRETTS_PARTS:VIA_0.3mm
attribut none
position 301.628200 176.004000  orientation 0.00
layer front
$PAD "1"
Shape Circle Layer both
position  0.000000  0.000000  size  0.500000  0.500000  orientation 0.00
drill  0.300000
shape_offset  0.000000  0.000000
$EndPAD
$EndMODULE  REF**

$MODULE REF**
footprint _GARRETTS_PARTS:VIA_0.3mm
attribut none
position 241.498200 148.904000  orientation 0.00
layer front
$PAD "1"
Shape Circle Layer both
position  0.000000  0.000000  size  0.500000  0.500000  orientation 0.00
drill  0.300000
shape_offset  0.000000  0.000000
$EndPAD
$EndMODULE  REF**

$MODULE REF**
footprint _GARRETTS_PARTS:VIA_0.3mm
attribut none
position 171.389700 178.710500  orientation 0.00
layer front
$PAD "1"
Shape Circle Layer both
position  0.000000  0.000000  size  0.500000  0.500000  orientation 0.00
drill  0.300000
shape_offset  0.000000  0.000000
$EndPAD
$EndMODULE  REF**

$MODULE REF**
footprint _GARRETTS_PARTS:VIA_0.3mm
attribut none
position 231.498200 179.614000  orientation 0.00
layer front
$PAD "1"
Shape Circle Layer both
position  0.000000  0.000000  size  0.500000  0.500000  orientation 0.00
drill  0.300000
shape_offset  0.000000  0.000000
$EndPAD
$EndMODULE  REF**

$MODULE REF**
footprint _GARRETTS_PARTS:VIA_0.3mm
attribut none
position 231.468200 148.914000  orientation 0.00
layer front
$PAD "1"
Shape Circle Layer both
position  0.000000  0.000000  size  0.500000  0.500000  orientation 0.00
drill  0.300000
shape_offset  0.000000  0.000000
$EndPAD
$EndMODULE  REF**

$MODULE REF**
footprint _GARRETTS_PARTS:VIA_0.3mm
attribut none
position 355.256700 147.120500  orientation 0.00
layer front
$PAD "1"
Shape Circle Layer both
position  0.000000  0.000000  size  0.500000  0.500000  orientation 0.00
drill  0.300000
shape_offset  0.000000  0.000000
$EndPAD
$EndMODULE  REF**

$MODULE REF**
footprint _GARRETTS_PARTS:VIA_0.3mm
attribut none
position 232.368200 146.214000  orientation 0.00
layer front
$PAD "1"
Shape Circle Layer both
position  0.000000  0.000000  size  0.500000  0.500000  orientation 0.00
drill  0.300000
shape_offset  0.000000  0.000000
$EndPAD
$EndMODULE  REF**

$MODULE REF**
footprint _GARRETTS_PARTS:VIA_0.3mm
attribut none
position 171.389700 179.610500  orientation 0.00
layer front
$PAD "1"
Shape Circle Layer both
position  0.000000  0.000000  size  0.500000  0.500000  orientation 0.00
drill  0.300000
shape_offset  0.000000  0.000000
$EndPAD
$EndMODULE  REF**

$MODULE REF**
footprint _GARRETTS_PARTS:VIA_0.3mm
attribut none
position 422.718950 178.699750  orientation 0.00
layer front
$PAD "1"
Shape Circle Layer both
position  0.000000  0.000000  size  0.500000  0.500000  orientation 0.00
drill  0.300000
shape_offset  0.000000  0.000000
$EndPAD
$EndMODULE  REF**

$MODULE REF**
footprint _GARRETTS_PARTS:VIA_0.3mm
attribut none
position 415.388950 180.509750  orientation 0.00
layer front
$PAD "1"
Shape Circle Layer both
position  0.000000  0.000000  size  0.500000  0.500000  orientation 0.00
drill  0.300000
shape_offset  0.000000  0.000000
$EndPAD
$EndMODULE  REF**

$MODULE REF**
footprint _GARRETTS_PARTS:VIA_0.3mm
attribut none
position 232.398200 180.514000  orientation 0.00
layer front
$PAD "1"
Shape Circle Layer both
position  0.000000  0.000000  size  0.500000  0.500000  orientation 0.00
drill  0.300000
shape_offset  0.000000  0.000000
$EndPAD
$EndMODULE  REF**

$MODULE REF**
footprint _GARRETTS_PARTS:VIA_0.3mm
attribut none
position 294.298200 180.514000  orientation 0.00
layer front
$PAD "1"
Shape Circle Layer both
position  0.000000  0.000000  size  0.500000  0.500000  orientation 0.00
drill  0.300000
shape_offset  0.000000  0.000000
$EndPAD
$EndMODULE  REF**

$MODULE REF**
footprint _GARRETTS_PARTS:VIA_0.3mm
attribut none
position 118.598200 146.209000  orientation 0.00
layer front
$PAD "1"
Shape Circle Layer both
position  0.000000  0.000000  size  0.500000  0.500000  orientation 0.00
drill  0.300000
shape_offset  0.000000  0.000000
$EndPAD
$EndMODULE  REF**

$MODULE REF**
footprint _GARRETTS_PARTS:VIA_0.3mm
attribut none
position 302.528200 176.004000  orientation 0.00
layer front
$PAD "1"
Shape Circle Layer both
position  0.000000  0.000000  size  0.500000  0.500000  orientation 0.00
drill  0.300000
shape_offset  0.000000  0.000000
$EndPAD
$EndMODULE  REF**

$MODULE REF**
footprint _GARRETTS_PARTS:VIA_0.3mm
attribut none
position 110.398200 176.019000  orientation 0.00
layer front
$PAD "1"
Shape Circle Layer both
position  0.000000  0.000000  size  0.500000  0.500000  orientation 0.00
drill  0.300000
shape_offset  0.000000  0.000000
$EndPAD
$EndMODULE  REF**

$MODULE REF**
footprint _GARRETTS_PARTS:VIA_0.3mm
attribut none
position 110.368200 145.319000  orientation 0.00
layer front
$PAD "1"
Shape Circle Layer both
position  0.000000  0.000000  size  0.500000  0.500000  orientation 0.00
drill  0.300000
shape_offset  0.000000  0.000000
$EndPAD
$EndMODULE  REF**

$MODULE REF**
footprint _GARRETTS_PARTS:VIA_0.3mm
attribut none
position 423.618950 179.599750  orientation 0.00
layer front
$PAD "1"
Shape Circle Layer both
position  0.000000  0.000000  size  0.500000  0.500000  orientation 0.00
drill  0.300000
shape_offset  0.000000  0.000000
$EndPAD
$EndMODULE  REF**

$MODULE REF**
footprint _GARRETTS_PARTS:VIA_0.3mm
attribut none
position 414.488950 176.909750  orientation 0.00
layer front
$PAD "1"
Shape Circle Layer both
position  0.000000  0.000000  size  0.500000  0.500000  orientation 0.00
drill  0.300000
shape_offset  0.000000  0.000000
$EndPAD
$EndMODULE  REF**

$MODULE REF**
footprint _GARRETTS_PARTS:VIA_0.3mm
attribut none
position 240.628200 178.704000  orientation 0.00
layer front
$PAD "1"
Shape Circle Layer both
position  0.000000  0.000000  size  0.500000  0.500000  orientation 0.00
drill  0.300000
shape_offset  0.000000  0.000000
$EndPAD
$EndMODULE  REF**

$MODULE REF**
footprint _GARRETTS_PARTS:VIA_0.3mm
attribut none
position 423.618950 180.499750  orientation 0.00
layer front
$PAD "1"
Shape Circle Layer both
position  0.000000  0.000000  size  0.500000  0.500000  orientation 0.00
drill  0.300000
shape_offset  0.000000  0.000000
$EndPAD
$EndMODULE  REF**

$MODULE REF**
footprint _GARRETTS_PARTS:VIA_0.3mm
attribut none
position 171.359700 148.910500  orientation 0.00
layer front
$PAD "1"
Shape Circle Layer both
position  0.000000  0.000000  size  0.500000  0.500000  orientation 0.00
drill  0.300000
shape_offset  0.000000  0.000000
$EndPAD
$EndMODULE  REF**

$MODULE REF**
footprint _GARRETTS_PARTS:VIA_0.3mm
attribut none
position 300.728200 176.004000  orientation 0.00
layer front
$PAD "1"
Shape Circle Layer both
position  0.000000  0.000000  size  0.500000  0.500000  orientation 0.00
drill  0.300000
shape_offset  0.000000  0.000000
$EndPAD
$EndMODULE  REF**

$MODULE REF**
footprint _GARRETTS_PARTS:VIA_0.3mm
attribut none
position 414.488950 176.009750  orientation 0.00
layer front
$PAD "1"
Shape Circle Layer both
position  0.000000  0.000000  size  0.500000  0.500000  orientation 0.00
drill  0.300000
shape_offset  0.000000  0.000000
$EndPAD
$EndMODULE  REF**

$MODULE REF**
footprint _GARRETTS_PARTS:VIA_0.3mm
attribut none
position 422.718950 175.999750  orientation 0.00
layer front
$PAD "1"
Shape Circle Layer both
position  0.000000  0.000000  size  0.500000  0.500000  orientation 0.00
drill  0.300000
shape_offset  0.000000  0.000000
$EndPAD
$EndMODULE  REF**

$MODULE REF**
footprint _GARRETTS_PARTS:VIA_0.3mm
attribut none
position 240.628200 176.904000  orientation 0.00
layer front
$PAD "1"
Shape Circle Layer both
position  0.000000  0.000000  size  0.500000  0.500000  orientation 0.00
drill  0.300000
shape_offset  0.000000  0.000000
$EndPAD
$EndMODULE  REF**

$MODULE REF**
footprint _GARRETTS_PARTS:VIA_0.3mm
attribut none
position 119.498200 145.309000  orientation 0.00
layer front
$PAD "1"
Shape Circle Layer both
position  0.000000  0.000000  size  0.500000  0.500000  orientation 0.00
drill  0.300000
shape_offset  0.000000  0.000000
$EndPAD
$EndMODULE  REF**

$MODULE REF**
footprint _GARRETTS_PARTS:VIA_0.3mm
attribut none
position 178.689700 144.400500  orientation 0.00
layer front
$PAD "1"
Shape Circle Layer both
position  0.000000  0.000000  size  0.500000  0.500000  orientation 0.00
drill  0.300000
shape_offset  0.000000  0.000000
$EndPAD
$EndMODULE  REF**

$MODULE REF**
footprint _GARRETTS_PARTS:VIA_0.3mm
attribut none
position 111.298200 178.719000  orientation 0.00
layer front
$PAD "1"
Shape Circle Layer both
position  0.000000  0.000000  size  0.500000  0.500000  orientation 0.00
drill  0.300000
shape_offset  0.000000  0.000000
$EndPAD
$EndMODULE  REF**

$MODULE REF**
footprint _GARRETTS_PARTS:VIA_0.3mm
attribut none
position 293.398200 176.914000  orientation 0.00
layer front
$PAD "1"
Shape Circle Layer both
position  0.000000  0.000000  size  0.500000  0.500000  orientation 0.00
drill  0.300000
shape_offset  0.000000  0.000000
$EndPAD
$EndMODULE  REF**

$MODULE REF**
footprint _GARRETTS_PARTS:VIA_0.3mm
attribut none
position 239.698200 148.904000  orientation 0.00
layer front
$PAD "1"
Shape Circle Layer both
position  0.000000  0.000000  size  0.500000  0.500000  orientation 0.00
drill  0.300000
shape_offset  0.000000  0.000000
$EndPAD
$EndMODULE  REF**

$MODULE REF**
footprint _GARRETTS_PARTS:VIA_0.3mm
attribut none
position 294.298200 177.814000  orientation 0.00
layer front
$PAD "1"
Shape Circle Layer both
position  0.000000  0.000000  size  0.500000  0.500000  orientation 0.00
drill  0.300000
shape_offset  0.000000  0.000000
$EndPAD
$EndMODULE  REF**

$MODULE REF**
footprint _GARRETTS_PARTS:VIA_0.3mm
attribut none
position 180.519700 179.600500  orientation 0.00
layer front
$PAD "1"
Shape Circle Layer both
position  0.000000  0.000000  size  0.500000  0.500000  orientation 0.00
drill  0.300000
shape_offset  0.000000  0.000000
$EndPAD
$EndMODULE  REF**

$MODULE REF**
footprint _GARRETTS_PARTS:VIA_0.3mm
attribut none
position 355.286700 176.920500  orientation 0.00
layer front
$PAD "1"
Shape Circle Layer both
position  0.000000  0.000000  size  0.500000  0.500000  orientation 0.00
drill  0.300000
shape_offset  0.000000  0.000000
$EndPAD
$EndMODULE  REF**

$MODULE REF**
footprint _GARRETTS_PARTS:VIA_0.3mm
attribut none
position 180.519700 176.900500  orientation 0.00
layer front
$PAD "1"
Shape Circle Layer both
position  0.000000  0.000000  size  0.500000  0.500000  orientation 0.00
drill  0.300000
shape_offset  0.000000  0.000000
$EndPAD
$EndMODULE  REF**

$MODULE REF**
footprint _GARRETTS_PARTS:VIA_0.3mm
attribut none
position 117.728200 176.009000  orientation 0.00
layer front
$PAD "1"
Shape Circle Layer both
position  0.000000  0.000000  size  0.500000  0.500000  orientation 0.00
drill  0.300000
shape_offset  0.000000  0.000000
$EndPAD
$EndMODULE  REF**

$MODULE REF**
footprint _GARRETTS_PARTS:VIA_0.3mm
attribut none
position 241.498200 147.104000  orientation 0.00
layer front
$PAD "1"
Shape Circle Layer both
position  0.000000  0.000000  size  0.500000  0.500000  orientation 0.00
drill  0.300000
shape_offset  0.000000  0.000000
$EndPAD
$EndMODULE  REF**

$MODULE REF**
footprint _GARRETTS_PARTS:VIA_0.3mm
attribut none
position 294.298200 176.914000  orientation 0.00
layer front
$PAD "1"
Shape Circle Layer both
position  0.000000  0.000000  size  0.500000  0.500000  orientation 0.00
drill  0.300000
shape_offset  0.000000  0.000000
$EndPAD
$EndMODULE  REF**

$MODULE REF**
footprint _GARRETTS_PARTS:VIA_0.3mm
attribut none
position 170.489700 177.810500  orientation 0.00
layer front
$PAD "1"
Shape Circle Layer both
position  0.000000  0.000000  size  0.500000  0.500000  orientation 0.00
drill  0.300000
shape_offset  0.000000  0.000000
$EndPAD
$EndMODULE  REF**

$MODULE REF**
footprint _GARRETTS_PARTS:VIA_0.3mm
attribut none
position 300.728200 179.604000  orientation 0.00
layer front
$PAD "1"
Shape Circle Layer both
position  0.000000  0.000000  size  0.500000  0.500000  orientation 0.00
drill  0.300000
shape_offset  0.000000  0.000000
$EndPAD
$EndMODULE  REF**

$MODULE REF**
footprint _GARRETTS_PARTS:VIA_0.3mm
attribut none
position 414.488950 178.709750  orientation 0.00
layer front
$PAD "1"
Shape Circle Layer both
position  0.000000  0.000000  size  0.500000  0.500000  orientation 0.00
drill  0.300000
shape_offset  0.000000  0.000000
$EndPAD
$EndMODULE  REF**

$MODULE REF**
footprint _GARRETTS_PARTS:VIA_0.3mm
attribut none
position 422.688950 148.899750  orientation 0.00
layer front
$PAD "1"
Shape Circle Layer both
position  0.000000  0.000000  size  0.500000  0.500000  orientation 0.00
drill  0.300000
shape_offset  0.000000  0.000000
$EndPAD
$EndMODULE  REF**

$MODULE REF**
footprint _GARRETTS_PARTS:VIA_0.3mm
attribut none
position 239.728200 176.004000  orientation 0.00
layer front
$PAD "1"
Shape Circle Layer both
position  0.000000  0.000000  size  0.500000  0.500000  orientation 0.00
drill  0.300000
shape_offset  0.000000  0.000000
$EndPAD
$EndMODULE  REF**

$MODULE REF**
footprint _GARRETTS_PARTS:VIA_0.3mm
attribut none
position 172.289700 180.510500  orientation 0.00
layer front
$PAD "1"
Shape Circle Layer both
position  0.000000  0.000000  size  0.500000  0.500000  orientation 0.00
drill  0.300000
shape_offset  0.000000  0.000000
$EndPAD
$EndMODULE  REF**

$MODULE REF**
footprint _GARRETTS_PARTS:VIA_0.3mm
attribut none
position 302.498200 146.204000  orientation 0.00
layer front
$PAD "1"
Shape Circle Layer both
position  0.000000  0.000000  size  0.500000  0.500000  orientation 0.00
drill  0.300000
shape_offset  0.000000  0.000000
$EndPAD
$EndMODULE  REF**

$MODULE REF**
footprint _GARRETTS_PARTS:VIA_0.3mm
attribut none
position 239.698200 147.104000  orientation 0.00
layer front
$PAD "1"
Shape Circle Layer both
position  0.000000  0.000000  size  0.500000  0.500000  orientation 0.00
drill  0.300000
shape_offset  0.000000  0.000000
$EndPAD
$EndMODULE  REF**

$MODULE REF**
footprint _GARRETTS_PARTS:VIA_0.3mm
attribut none
position 302.498200 147.104000  orientation 0.00
layer front
$PAD "1"
Shape Circle Layer both
position  0.000000  0.000000  size  0.500000  0.500000  orientation 0.00
drill  0.300000
shape_offset  0.000000  0.000000
$EndPAD
$EndMODULE  REF**

$MODULE REF**
footprint _GARRETTS_PARTS:VIA_0.3mm
attribut none
position 423.588950 147.099750  orientation 0.00
layer front
$PAD "1"
Shape Circle Layer both
position  0.000000  0.000000  size  0.500000  0.500000  orientation 0.00
drill  0.300000
shape_offset  0.000000  0.000000
$EndPAD
$EndMODULE  REF**

$MODULE REF**
footprint _GARRETTS_PARTS:VIA_0.3mm
attribut none
position 354.356700 148.920500  orientation 0.00
layer front
$PAD "1"
Shape Circle Layer both
position  0.000000  0.000000  size  0.500000  0.500000  orientation 0.00
drill  0.300000
shape_offset  0.000000  0.000000
$EndPAD
$EndMODULE  REF**

$MODULE REF**
footprint _GARRETTS_PARTS:VIA_0.3mm
attribut none
position 294.268200 146.214000  orientation 0.00
layer front
$PAD "1"
Shape Circle Layer both
position  0.000000  0.000000  size  0.500000  0.500000  orientation 0.00
drill  0.300000
shape_offset  0.000000  0.000000
$EndPAD
$EndMODULE  REF**

$MODULE REF**
footprint _GARRETTS_PARTS:VIA_0.3mm
attribut none
position 293.368200 146.214000  orientation 0.00
layer front
$PAD "1"
Shape Circle Layer both
position  0.000000  0.000000  size  0.500000  0.500000  orientation 0.00
drill  0.300000
shape_offset  0.000000  0.000000
$EndPAD
$EndMODULE  REF**

$MODULE REF**
footprint _GARRETTS_PARTS:VIA_0.3mm
attribut none
position 363.516700 180.510500  orientation 0.00
layer front
$PAD "1"
Shape Circle Layer both
position  0.000000  0.000000  size  0.500000  0.500000  orientation 0.00
drill  0.300000
shape_offset  0.000000  0.000000
$EndPAD
$EndMODULE  REF**

$MODULE REF**
footprint _GARRETTS_PARTS:VIA_0.3mm
attribut none
position 422.688950 144.399750  orientation 0.00
layer front
$PAD "1"
Shape Circle Layer both
position  0.000000  0.000000  size  0.500000  0.500000  orientation 0.00
drill  0.300000
shape_offset  0.000000  0.000000
$EndPAD
$EndMODULE  REF**

$MODULE REF**
footprint _GARRETTS_PARTS:VIA_0.3mm
attribut none
position 301.628200 177.804000  orientation 0.00
layer front
$PAD "1"
Shape Circle Layer both
position  0.000000  0.000000  size  0.500000  0.500000  orientation 0.00
drill  0.300000
shape_offset  0.000000  0.000000
$EndPAD
$EndMODULE  REF**

$MODULE REF**
footprint _GARRETTS_PARTS:VIA_0.3mm
attribut none
position 361.716700 179.610500  orientation 0.00
layer front
$PAD "1"
Shape Circle Layer both
position  0.000000  0.000000  size  0.500000  0.500000  orientation 0.00
drill  0.300000
shape_offset  0.000000  0.000000
$EndPAD
$EndMODULE  REF**

$MODULE REF**
footprint _GARRETTS_PARTS:VIA_0.3mm
attribut none
position 239.698200 145.304000  orientation 0.00
layer front
$PAD "1"
Shape Circle Layer both
position  0.000000  0.000000  size  0.500000  0.500000  orientation 0.00
drill  0.300000
shape_offset  0.000000  0.000000
$EndPAD
$EndMODULE  REF**

$MODULE REF**
footprint _GARRETTS_PARTS:VIA_0.3mm
attribut none
position 292.468200 146.214000  orientation 0.00
layer front
$PAD "1"
Shape Circle Layer both
position  0.000000  0.000000  size  0.500000  0.500000  orientation 0.00
drill  0.300000
shape_offset  0.000000  0.000000
$EndPAD
$EndMODULE  REF**

$MODULE REF**
footprint _GARRETTS_PARTS:VIA_0.3mm
attribut none
position 239.698200 148.004000  orientation 0.00
layer front
$PAD "1"
Shape Circle Layer both
position  0.000000  0.000000  size  0.500000  0.500000  orientation 0.00
drill  0.300000
shape_offset  0.000000  0.000000
$EndPAD
$EndMODULE  REF**

$MODULE REF**
footprint _GARRETTS_PARTS:VIA_0.3mm
attribut none
position 361.716700 178.710500  orientation 0.00
layer front
$PAD "1"
Shape Circle Layer both
position  0.000000  0.000000  size  0.500000  0.500000  orientation 0.00
drill  0.300000
shape_offset  0.000000  0.000000
$EndPAD
$EndMODULE  REF**

$MODULE REF**
footprint _GARRETTS_PARTS:VIA_0.3mm
attribut none
position 233.268200 147.114000  orientation 0.00
layer front
$PAD "1"
Shape Circle Layer both
position  0.000000  0.000000  size  0.500000  0.500000  orientation 0.00
drill  0.300000
shape_offset  0.000000  0.000000
$EndPAD
$EndMODULE  REF**

$MODULE REF**
footprint _GARRETTS_PARTS:VIA_0.3mm
attribut none
position 172.289700 177.810500  orientation 0.00
layer front
$PAD "1"
Shape Circle Layer both
position  0.000000  0.000000  size  0.500000  0.500000  orientation 0.00
drill  0.300000
shape_offset  0.000000  0.000000
$EndPAD
$EndMODULE  REF**

$MODULE REF**
footprint _GARRETTS_PARTS:VIA_0.3mm
attribut none
position 233.298200 176.014000  orientation 0.00
layer front
$PAD "1"
Shape Circle Layer both
position  0.000000  0.000000  size  0.500000  0.500000  orientation 0.00
drill  0.300000
shape_offset  0.000000  0.000000
$EndPAD
$EndMODULE  REF**

$MODULE REF**
footprint _GARRETTS_PARTS:VIA_0.3mm
attribut none
position 424.488950 147.999750  orientation 0.00
layer front
$PAD "1"
Shape Circle Layer both
position  0.000000  0.000000  size  0.500000  0.500000  orientation 0.00
drill  0.300000
shape_offset  0.000000  0.000000
$EndPAD
$EndMODULE  REF**

$MODULE REF**
footprint _GARRETTS_PARTS:VIA_0.3mm
attribut none
position 171.389700 176.010500  orientation 0.00
layer front
$PAD "1"
Shape Circle Layer both
position  0.000000  0.000000  size  0.500000  0.500000  orientation 0.00
drill  0.300000
shape_offset  0.000000  0.000000
$EndPAD
$EndMODULE  REF**

$MODULE REF**
footprint _GARRETTS_PARTS:VIA_0.3mm
attribut none
position 422.718950 176.899750  orientation 0.00
layer front
$PAD "1"
Shape Circle Layer both
position  0.000000  0.000000  size  0.500000  0.500000  orientation 0.00
drill  0.300000
shape_offset  0.000000  0.000000
$EndPAD
$EndMODULE  REF**

$MODULE REF**
footprint _GARRETTS_PARTS:VIA_0.3mm
attribut none
position 110.398200 176.919000  orientation 0.00
layer front
$PAD "1"
Shape Circle Layer both
position  0.000000  0.000000  size  0.500000  0.500000  orientation 0.00
drill  0.300000
shape_offset  0.000000  0.000000
$EndPAD
$EndMODULE  REF**

$MODULE REF**
footprint _GARRETTS_PARTS:VIA_0.3mm
attribut none
position 118.628200 178.709000  orientation 0.00
layer front
$PAD "1"
Shape Circle Layer both
position  0.000000  0.000000  size  0.500000  0.500000  orientation 0.00
drill  0.300000
shape_offset  0.000000  0.000000
$EndPAD
$EndMODULE  REF**

$MODULE REF**
footprint _GARRETTS_PARTS:VIA_0.3mm
attribut none
position 172.289700 178.710500  orientation 0.00
layer front
$PAD "1"
Shape Circle Layer both
position  0.000000  0.000000  size  0.500000  0.500000  orientation 0.00
drill  0.300000
shape_offset  0.000000  0.000000
$EndPAD
$EndMODULE  REF**

$MODULE REF**
footprint _GARRETTS_PARTS:VIA_0.3mm
attribut none
position 361.716700 180.510500  orientation 0.00
layer front
$PAD "1"
Shape Circle Layer both
position  0.000000  0.000000  size  0.500000  0.500000  orientation 0.00
drill  0.300000
shape_offset  0.000000  0.000000
$EndPAD
$EndMODULE  REF**

$MODULE REF**
footprint _GARRETTS_PARTS:VIA_0.3mm
attribut none
position 302.498200 144.404000  orientation 0.00
layer front
$PAD "1"
Shape Circle Layer both
position  0.000000  0.000000  size  0.500000  0.500000  orientation 0.00
drill  0.300000
shape_offset  0.000000  0.000000
$EndPAD
$EndMODULE  REF**

$MODULE REF**
footprint _GARRETTS_PARTS:VIA_0.3mm
attribut none
position 233.298200 177.814000  orientation 0.00
layer front
$PAD "1"
Shape Circle Layer both
position  0.000000  0.000000  size  0.500000  0.500000  orientation 0.00
drill  0.300000
shape_offset  0.000000  0.000000
$EndPAD
$EndMODULE  REF**

$MODULE REF**
footprint _GARRETTS_PARTS:VIA_0.3mm
attribut none
position 300.728200 180.504000  orientation 0.00
layer front
$PAD "1"
Shape Circle Layer both
position  0.000000  0.000000  size  0.500000  0.500000  orientation 0.00
drill  0.300000
shape_offset  0.000000  0.000000
$EndPAD
$EndMODULE  REF**

$MODULE REF**
footprint _GARRETTS_PARTS:VIA_0.3mm
attribut none
position 424.488950 147.099750  orientation 0.00
layer front
$PAD "1"
Shape Circle Layer both
position  0.000000  0.000000  size  0.500000  0.500000  orientation 0.00
drill  0.300000
shape_offset  0.000000  0.000000
$EndPAD
$EndMODULE  REF**

$MODULE REF**
footprint _GARRETTS_PARTS:VIA_0.3mm
attribut none
position 302.528200 176.904000  orientation 0.00
layer front
$PAD "1"
Shape Circle Layer both
position  0.000000  0.000000  size  0.500000  0.500000  orientation 0.00
drill  0.300000
shape_offset  0.000000  0.000000
$EndPAD
$EndMODULE  REF**

$MODULE REF**
footprint _GARRETTS_PARTS:VIA_0.3mm
attribut none
position 423.588950 148.899750  orientation 0.00
layer front
$PAD "1"
Shape Circle Layer both
position  0.000000  0.000000  size  0.500000  0.500000  orientation 0.00
drill  0.300000
shape_offset  0.000000  0.000000
$EndPAD
$EndMODULE  REF**

$MODULE REF**
footprint _GARRETTS_PARTS:VIA_0.3mm
attribut none
position 180.489700 146.200500  orientation 0.00
layer front
$PAD "1"
Shape Circle Layer both
position  0.000000  0.000000  size  0.500000  0.500000  orientation 0.00
drill  0.300000
shape_offset  0.000000  0.000000
$EndPAD
$EndMODULE  REF**

$MODULE REF**
footprint _GARRETTS_PARTS:VIA_0.3mm
attribut none
position 293.398200 178.714000  orientation 0.00
layer front
$PAD "1"
Shape Circle Layer both
position  0.000000  0.000000  size  0.500000  0.500000  orientation 0.00
drill  0.300000
shape_offset  0.000000  0.000000
$EndPAD
$EndMODULE  REF**

$MODULE REF**
footprint _GARRETTS_PARTS:VIA_0.3mm
attribut none
position 180.519700 180.500500  orientation 0.00
layer front
$PAD "1"
Shape Circle Layer both
position  0.000000  0.000000  size  0.500000  0.500000  orientation 0.00
drill  0.300000
shape_offset  0.000000  0.000000
$EndPAD
$EndMODULE  REF**

$MODULE REF**
footprint _GARRETTS_PARTS:VIA_0.3mm
attribut none
position 300.698200 144.404000  orientation 0.00
layer front
$PAD "1"
Shape Circle Layer both
position  0.000000  0.000000  size  0.500000  0.500000  orientation 0.00
drill  0.300000
shape_offset  0.000000  0.000000
$EndPAD
$EndMODULE  REF**

$MODULE REF**
footprint _GARRETTS_PARTS:VIA_0.3mm
attribut none
position 292.468200 147.114000  orientation 0.00
layer front
$PAD "1"
Shape Circle Layer both
position  0.000000  0.000000  size  0.500000  0.500000  orientation 0.00
drill  0.300000
shape_offset  0.000000  0.000000
$EndPAD
$EndMODULE  REF**

$MODULE REF**
footprint _GARRETTS_PARTS:VIA_0.3mm
attribut none
position 172.259700 148.910500  orientation 0.00
layer front
$PAD "1"
Shape Circle Layer both
position  0.000000  0.000000  size  0.500000  0.500000  orientation 0.00
drill  0.300000
shape_offset  0.000000  0.000000
$EndPAD
$EndMODULE  REF**

$MODULE REF**
footprint _GARRETTS_PARTS:VIA_0.3mm
attribut none
position 293.398200 180.514000  orientation 0.00
layer front
$PAD "1"
Shape Circle Layer both
position  0.000000  0.000000  size  0.500000  0.500000  orientation 0.00
drill  0.300000
shape_offset  0.000000  0.000000
$EndPAD
$EndMODULE  REF**

$MODULE REF**
footprint _GARRETTS_PARTS:VIA_0.3mm
attribut none
position 239.728200 176.904000  orientation 0.00
layer front
$PAD "1"
Shape Circle Layer both
position  0.000000  0.000000  size  0.500000  0.500000  orientation 0.00
drill  0.300000
shape_offset  0.000000  0.000000
$EndPAD
$EndMODULE  REF**

$MODULE REF**
footprint _GARRETTS_PARTS:VIA_0.3mm
attribut none
position 355.286700 179.620500  orientation 0.00
layer front
$PAD "1"
Shape Circle Layer both
position  0.000000  0.000000  size  0.500000  0.500000  orientation 0.00
drill  0.300000
shape_offset  0.000000  0.000000
$EndPAD
$EndMODULE  REF**

$MODULE REF**
footprint _GARRETTS_PARTS:VIA_0.3mm
attribut none
position 300.698200 148.904000  orientation 0.00
layer front
$PAD "1"
Shape Circle Layer both
position  0.000000  0.000000  size  0.500000  0.500000  orientation 0.00
drill  0.300000
shape_offset  0.000000  0.000000
$EndPAD
$EndMODULE  REF**

$MODULE REF**
footprint _GARRETTS_PARTS:VIA_0.3mm
attribut none
position 171.389700 177.810500  orientation 0.00
layer front
$PAD "1"
Shape Circle Layer both
position  0.000000  0.000000  size  0.500000  0.500000  orientation 0.00
drill  0.300000
shape_offset  0.000000  0.000000
$EndPAD
$EndMODULE  REF**

$MODULE REF**
footprint _GARRETTS_PARTS:VIA_0.3mm
attribut none
position 416.288950 177.809750  orientation 0.00
layer front
$PAD "1"
Shape Circle Layer both
position  0.000000  0.000000  size  0.500000  0.500000  orientation 0.00
drill  0.300000
shape_offset  0.000000  0.000000
$EndPAD
$EndMODULE  REF**

$MODULE REF**
footprint _GARRETTS_PARTS:VIA_0.3mm
attribut none
position 111.298200 180.519000  orientation 0.00
layer front
$PAD "1"
Shape Circle Layer both
position  0.000000  0.000000  size  0.500000  0.500000  orientation 0.00
drill  0.300000
shape_offset  0.000000  0.000000
$EndPAD
$EndMODULE  REF**

$MODULE REF**
footprint _GARRETTS_PARTS:VIA_0.3mm
attribut none
position 119.528200 178.709000  orientation 0.00
layer front
$PAD "1"
Shape Circle Layer both
position  0.000000  0.000000  size  0.500000  0.500000  orientation 0.00
drill  0.300000
shape_offset  0.000000  0.000000
$EndPAD
$EndMODULE  REF**

$MODULE REF**
footprint _GARRETTS_PARTS:VIA_0.3mm
attribut none
position 424.518950 175.999750  orientation 0.00
layer front
$PAD "1"
Shape Circle Layer both
position  0.000000  0.000000  size  0.500000  0.500000  orientation 0.00
drill  0.300000
shape_offset  0.000000  0.000000
$EndPAD
$EndMODULE  REF**

$MODULE REF**
footprint _GARRETTS_PARTS:VIA_0.3mm
attribut none
position 170.489700 176.910500  orientation 0.00
layer front
$PAD "1"
Shape Circle Layer both
position  0.000000  0.000000  size  0.500000  0.500000  orientation 0.00
drill  0.300000
shape_offset  0.000000  0.000000
$EndPAD
$EndMODULE  REF**

$MODULE REF**
footprint _GARRETTS_PARTS:VIA_0.3mm
attribut none
position 180.489700 144.400500  orientation 0.00
layer front
$PAD "1"
Shape Circle Layer both
position  0.000000  0.000000  size  0.500000  0.500000  orientation 0.00
drill  0.300000
shape_offset  0.000000  0.000000
$EndPAD
$EndMODULE  REF**

$MODULE REF**
footprint _GARRETTS_PARTS:VIA_0.3mm
attribut none
position 424.518950 179.599750  orientation 0.00
layer front
$PAD "1"
Shape Circle Layer both
position  0.000000  0.000000  size  0.500000  0.500000  orientation 0.00
drill  0.300000
shape_offset  0.000000  0.000000
$EndPAD
$EndMODULE  REF**

$MODULE REF**
footprint _GARRETTS_PARTS:VIA_0.3mm
attribut none
position 118.598200 144.409000  orientation 0.00
layer front
$PAD "1"
Shape Circle Layer both
position  0.000000  0.000000  size  0.500000  0.500000  orientation 0.00
drill  0.300000
shape_offset  0.000000  0.000000
$EndPAD
$EndMODULE  REF**

$MODULE REF**
footprint _GARRETTS_PARTS:VIA_0.3mm
attribut none
position 111.268200 144.419000  orientation 0.00
layer front
$PAD "1"
Shape Circle Layer both
position  0.000000  0.000000  size  0.500000  0.500000  orientation 0.00
drill  0.300000
shape_offset  0.000000  0.000000
$EndPAD
$EndMODULE  REF**

$MODULE REF**
footprint _GARRETTS_PARTS:VIA_0.3mm
attribut none
position 232.398200 176.914000  orientation 0.00
layer front
$PAD "1"
Shape Circle Layer both
position  0.000000  0.000000  size  0.500000  0.500000  orientation 0.00
drill  0.300000
shape_offset  0.000000  0.000000
$EndPAD
$EndMODULE  REF**

$MODULE REF**
footprint _GARRETTS_PARTS:VIA_0.3mm
attribut none
position 110.368200 148.019000  orientation 0.00
layer front
$PAD "1"
Shape Circle Layer both
position  0.000000  0.000000  size  0.500000  0.500000  orientation 0.00
drill  0.300000
shape_offset  0.000000  0.000000
$EndPAD
$EndMODULE  REF**

$MODULE REF**
footprint _GARRETTS_PARTS:VIA_0.3mm
attribut none
position 233.268200 144.414000  orientation 0.00
layer front
$PAD "1"
Shape Circle Layer both
position  0.000000  0.000000  size  0.500000  0.500000  orientation 0.00
drill  0.300000
shape_offset  0.000000  0.000000
$EndPAD
$EndMODULE  REF**

$MODULE REF**
footprint _GARRETTS_PARTS:VIA_0.3mm
attribut none
position 354.356700 148.020500  orientation 0.00
layer front
$PAD "1"
Shape Circle Layer both
position  0.000000  0.000000  size  0.500000  0.500000  orientation 0.00
drill  0.300000
shape_offset  0.000000  0.000000
$EndPAD
$EndMODULE  REF**

$MODULE REF**
footprint _GARRETTS_PARTS:VIA_0.3mm
attribut none
position 301.598200 147.104000  orientation 0.00
layer front
$PAD "1"
Shape Circle Layer both
position  0.000000  0.000000  size  0.500000  0.500000  orientation 0.00
drill  0.300000
shape_offset  0.000000  0.000000
$EndPAD
$EndMODULE  REF**

$MODULE REF**
footprint _GARRETTS_PARTS:VIA_0.3mm
attribut none
position 353.456700 145.320500  orientation 0.00
layer front
$PAD "1"
Shape Circle Layer both
position  0.000000  0.000000  size  0.500000  0.500000  orientation 0.00
drill  0.300000
shape_offset  0.000000  0.000000
$EndPAD
$EndMODULE  REF**

$MODULE REF**
footprint _GARRETTS_PARTS:VIA_0.3mm
attribut none
position 170.459700 148.010500  orientation 0.00
layer front
$PAD "1"
Shape Circle Layer both
position  0.000000  0.000000  size  0.500000  0.500000  orientation 0.00
drill  0.300000
shape_offset  0.000000  0.000000
$EndPAD
$EndMODULE  REF**

$MODULE REF**
footprint _GARRETTS_PARTS:VIA_0.3mm
attribut none
position 110.368200 147.119000  orientation 0.00
layer front
$PAD "1"
Shape Circle Layer both
position  0.000000  0.000000  size  0.500000  0.500000  orientation 0.00
drill  0.300000
shape_offset  0.000000  0.000000
$EndPAD
$EndMODULE  REF**

$MODULE REF**
footprint _GARRETTS_PARTS:VIA_0.3mm
attribut none
position 118.598200 147.109000  orientation 0.00
layer front
$PAD "1"
Shape Circle Layer both
position  0.000000  0.000000  size  0.500000  0.500000  orientation 0.00
drill  0.300000
shape_offset  0.000000  0.000000
$EndPAD
$EndMODULE  REF**

$MODULE REF**
footprint _GARRETTS_PARTS:VIA_0.3mm
attribut none
position 293.398200 179.614000  orientation 0.00
layer front
$PAD "1"
Shape Circle Layer both
position  0.000000  0.000000  size  0.500000  0.500000  orientation 0.00
drill  0.300000
shape_offset  0.000000  0.000000
$EndPAD
$EndMODULE  REF**

$MODULE REF**
footprint _GARRETTS_PARTS:VIA_0.3mm
attribut none
position 172.259700 144.410500  orientation 0.00
layer front
$PAD "1"
Shape Circle Layer both
position  0.000000  0.000000  size  0.500000  0.500000  orientation 0.00
drill  0.300000
shape_offset  0.000000  0.000000
$EndPAD
$EndMODULE  REF**

$MODULE REF**
footprint _GARRETTS_PARTS:VIA_0.3mm
attribut none
position 172.289700 176.910500  orientation 0.00
layer front
$PAD "1"
Shape Circle Layer both
position  0.000000  0.000000  size  0.500000  0.500000  orientation 0.00
drill  0.300000
shape_offset  0.000000  0.000000
$EndPAD
$EndMODULE  REF**

$MODULE REF**
footprint _GARRETTS_PARTS:VIA_0.3mm
attribut none
position 302.528200 180.504000  orientation 0.00
layer front
$PAD "1"
Shape Circle Layer both
position  0.000000  0.000000  size  0.500000  0.500000  orientation 0.00
drill  0.300000
shape_offset  0.000000  0.000000
$EndPAD
$EndMODULE  REF**

$MODULE REF**
footprint _GARRETTS_PARTS:VIA_0.3mm
attribut none
position 119.498200 144.409000  orientation 0.00
layer front
$PAD "1"
Shape Circle Layer both
position  0.000000  0.000000  size  0.500000  0.500000  orientation 0.00
drill  0.300000
shape_offset  0.000000  0.000000
$EndPAD
$EndMODULE  REF**

$MODULE REF**
footprint _GARRETTS_PARTS:VIA_0.3mm
attribut none
position 361.686700 147.110500  orientation 0.00
layer front
$PAD "1"
Shape Circle Layer both
position  0.000000  0.000000  size  0.500000  0.500000  orientation 0.00
drill  0.300000
shape_offset  0.000000  0.000000
$EndPAD
$EndMODULE  REF**

$MODULE REF**
footprint _GARRETTS_PARTS:VIA_0.3mm
attribut none
position 231.498200 176.014000  orientation 0.00
layer front
$PAD "1"
Shape Circle Layer both
position  0.000000  0.000000  size  0.500000  0.500000  orientation 0.00
drill  0.300000
shape_offset  0.000000  0.000000
$EndPAD
$EndMODULE  REF**

$MODULE REF**
footprint _GARRETTS_PARTS:VIA_0.3mm
attribut none
position 111.268200 147.119000  orientation 0.00
layer front
$PAD "1"
Shape Circle Layer both
position  0.000000  0.000000  size  0.500000  0.500000  orientation 0.00
drill  0.300000
shape_offset  0.000000  0.000000
$EndPAD
$EndMODULE  REF**

$MODULE REF**
footprint _GARRETTS_PARTS:VIA_0.3mm
attribut none
position 354.386700 176.020500  orientation 0.00
layer front
$PAD "1"
Shape Circle Layer both
position  0.000000  0.000000  size  0.500000  0.500000  orientation 0.00
drill  0.300000
shape_offset  0.000000  0.000000
$EndPAD
$EndMODULE  REF**

$MODULE REF**
footprint _GARRETTS_PARTS:VIA_0.3mm
attribut none
position 353.456700 148.020500  orientation 0.00
layer front
$PAD "1"
Shape Circle Layer both
position  0.000000  0.000000  size  0.500000  0.500000  orientation 0.00
drill  0.300000
shape_offset  0.000000  0.000000
$EndPAD
$EndMODULE  REF**

$MODULE REF**
footprint _GARRETTS_PARTS:VIA_0.3mm
attribut none
position 240.598200 147.104000  orientation 0.00
layer front
$PAD "1"
Shape Circle Layer both
position  0.000000  0.000000  size  0.500000  0.500000  orientation 0.00
drill  0.300000
shape_offset  0.000000  0.000000
$EndPAD
$EndMODULE  REF**

$MODULE REF**
footprint _GARRETTS_PARTS:VIA_0.3mm
attribut none
position 178.719700 179.600500  orientation 0.00
layer front
$PAD "1"
Shape Circle Layer both
position  0.000000  0.000000  size  0.500000  0.500000  orientation 0.00
drill  0.300000
shape_offset  0.000000  0.000000
$EndPAD
$EndMODULE  REF**

$MODULE REF**
footprint _GARRETTS_PARTS:VIA_0.3mm
attribut none
position 119.528200 176.909000  orientation 0.00
layer front
$PAD "1"
Shape Circle Layer both
position  0.000000  0.000000  size  0.500000  0.500000  orientation 0.00
drill  0.300000
shape_offset  0.000000  0.000000
$EndPAD
$EndMODULE  REF**

$MODULE REF**
footprint _GARRETTS_PARTS:VIA_0.3mm
attribut none
position 111.268200 145.319000  orientation 0.00
layer front
$PAD "1"
Shape Circle Layer both
position  0.000000  0.000000  size  0.500000  0.500000  orientation 0.00
drill  0.300000
shape_offset  0.000000  0.000000
$EndPAD
$EndMODULE  REF**

$MODULE REF**
footprint _GARRETTS_PARTS:VIA_0.3mm
attribut none
position 300.698200 146.204000  orientation 0.00
layer front
$PAD "1"
Shape Circle Layer both
position  0.000000  0.000000  size  0.500000  0.500000  orientation 0.00
drill  0.300000
shape_offset  0.000000  0.000000
$EndPAD
$EndMODULE  REF**

$MODULE REF**
footprint _GARRETTS_PARTS:VIA_0.3mm
attribut none
position 362.616700 179.610500  orientation 0.00
layer front
$PAD "1"
Shape Circle Layer both
position  0.000000  0.000000  size  0.500000  0.500000  orientation 0.00
drill  0.300000
shape_offset  0.000000  0.000000
$EndPAD
$EndMODULE  REF**

$MODULE REF**
footprint _GARRETTS_PARTS:VIA_0.3mm
attribut none
position 241.498200 146.204000  orientation 0.00
layer front
$PAD "1"
Shape Circle Layer both
position  0.000000  0.000000  size  0.500000  0.500000  orientation 0.00
drill  0.300000
shape_offset  0.000000  0.000000
$EndPAD
$EndMODULE  REF**

$MODULE REF**
footprint _GARRETTS_PARTS:VIA_0.3mm
attribut none
position 416.288950 176.909750  orientation 0.00
layer front
$PAD "1"
Shape Circle Layer both
position  0.000000  0.000000  size  0.500000  0.500000  orientation 0.00
drill  0.300000
shape_offset  0.000000  0.000000
$EndPAD
$EndMODULE  REF**

$MODULE REF**
footprint _GARRETTS_PARTS:VIA_0.3mm
attribut none
position 292.498200 180.514000  orientation 0.00
layer front
$PAD "1"
Shape Circle Layer both
position  0.000000  0.000000  size  0.500000  0.500000  orientation 0.00
drill  0.300000
shape_offset  0.000000  0.000000
$EndPAD
$EndMODULE  REF**

$MODULE REF**
footprint _GARRETTS_PARTS:VIA_0.3mm
attribut none
position 361.716700 176.910500  orientation 0.00
layer front
$PAD "1"
Shape Circle Layer both
position  0.000000  0.000000  size  0.500000  0.500000  orientation 0.00
drill  0.300000
shape_offset  0.000000  0.000000
$EndPAD
$EndMODULE  REF**

$MODULE REF**
footprint _GARRETTS_PARTS:VIA_0.3mm
attribut none
position 300.728200 176.904000  orientation 0.00
layer front
$PAD "1"
Shape Circle Layer both
position  0.000000  0.000000  size  0.500000  0.500000  orientation 0.00
drill  0.300000
shape_offset  0.000000  0.000000
$EndPAD
$EndMODULE  REF**

$MODULE REF**
footprint _GARRETTS_PARTS:VIA_0.3mm
attribut none
position 354.386700 179.620500  orientation 0.00
layer front
$PAD "1"
Shape Circle Layer both
position  0.000000  0.000000  size  0.500000  0.500000  orientation 0.00
drill  0.300000
shape_offset  0.000000  0.000000
$EndPAD
$EndMODULE  REF**

$MODULE REF**
footprint _GARRETTS_PARTS:VIA_0.3mm
attribut none
position 363.516700 176.910500  orientation 0.00
layer front
$PAD "1"
Shape Circle Layer both
position  0.000000  0.000000  size  0.500000  0.500000  orientation 0.00
drill  0.300000
shape_offset  0.000000  0.000000
$EndPAD
$EndMODULE  REF**

$MODULE REF**
footprint _GARRETTS_PARTS:VIA_0.3mm
attribut none
position 111.298200 176.919000  orientation 0.00
layer front
$PAD "1"
Shape Circle Layer both
position  0.000000  0.000000  size  0.500000  0.500000  orientation 0.00
drill  0.300000
shape_offset  0.000000  0.000000
$EndPAD
$EndMODULE  REF**

$MODULE REF**
footprint _GARRETTS_PARTS:VIA_0.3mm
attribut none
position 416.258950 148.009750  orientation 0.00
layer front
$PAD "1"
Shape Circle Layer both
position  0.000000  0.000000  size  0.500000  0.500000  orientation 0.00
drill  0.300000
shape_offset  0.000000  0.000000
$EndPAD
$EndMODULE  REF**

$MODULE REF**
footprint _GARRETTS_PARTS:VIA_0.3mm
attribut none
position 180.519700 178.700500  orientation 0.00
layer front
$PAD "1"
Shape Circle Layer both
position  0.000000  0.000000  size  0.500000  0.500000  orientation 0.00
drill  0.300000
shape_offset  0.000000  0.000000
$EndPAD
$EndMODULE  REF**

$MODULE REF**
footprint _GARRETTS_PARTS:VIA_0.3mm
attribut none
position 118.598200 148.009000  orientation 0.00
layer front
$PAD "1"
Shape Circle Layer both
position  0.000000  0.000000  size  0.500000  0.500000  orientation 0.00
drill  0.300000
shape_offset  0.000000  0.000000
$EndPAD
$EndMODULE  REF**

$MODULE REF**
footprint _GARRETTS_PARTS:VIA_0.3mm
attribut none
position 301.598200 148.904000  orientation 0.00
layer front
$PAD "1"
Shape Circle Layer both
position  0.000000  0.000000  size  0.500000  0.500000  orientation 0.00
drill  0.300000
shape_offset  0.000000  0.000000
$EndPAD
$EndMODULE  REF**

$MODULE REF**
footprint _GARRETTS_PARTS:VIA_0.3mm
attribut none
position 180.519700 176.000500  orientation 0.00
layer front
$PAD "1"
Shape Circle Layer both
position  0.000000  0.000000  size  0.500000  0.500000  orientation 0.00
drill  0.300000
shape_offset  0.000000  0.000000
$EndPAD
$EndMODULE  REF**

$MODULE REF**
footprint _GARRETTS_PARTS:VIA_0.3mm
attribut none
position 239.698200 144.404000  orientation 0.00
layer front
$PAD "1"
Shape Circle Layer both
position  0.000000  0.000000  size  0.500000  0.500000  orientation 0.00
drill  0.300000
shape_offset  0.000000  0.000000
$EndPAD
$EndMODULE  REF**

$MODULE REF**
footprint _GARRETTS_PARTS:VIA_0.3mm
attribut none
position 353.486700 177.820500  orientation 0.00
layer front
$PAD "1"
Shape Circle Layer both
position  0.000000  0.000000  size  0.500000  0.500000  orientation 0.00
drill  0.300000
shape_offset  0.000000  0.000000
$EndPAD
$EndMODULE  REF**

$MODULE REF**
footprint _GARRETTS_PARTS:VIA_0.3mm
attribut none
position 362.586700 148.010500  orientation 0.00
layer front
$PAD "1"
Shape Circle Layer both
position  0.000000  0.000000  size  0.500000  0.500000  orientation 0.00
drill  0.300000
shape_offset  0.000000  0.000000
$EndPAD
$EndMODULE  REF**

$MODULE REF**
footprint _GARRETTS_PARTS:VIA_0.3mm
attribut none
position 233.298200 176.914000  orientation 0.00
layer front
$PAD "1"
Shape Circle Layer both
position  0.000000  0.000000  size  0.500000  0.500000  orientation 0.00
drill  0.300000
shape_offset  0.000000  0.000000
$EndPAD
$EndMODULE  REF**

$MODULE REF**
footprint _GARRETTS_PARTS:VIA_0.3mm
attribut none
position 119.528200 179.609000  orientation 0.00
layer front
$PAD "1"
Shape Circle Layer both
position  0.000000  0.000000  size  0.500000  0.500000  orientation 0.00
drill  0.300000
shape_offset  0.000000  0.000000
$EndPAD
$EndMODULE  REF**

$MODULE REF**
footprint _GARRETTS_PARTS:VIA_0.3mm
attribut none
position 362.616700 176.910500  orientation 0.00
layer front
$PAD "1"
Shape Circle Layer both
position  0.000000  0.000000  size  0.500000  0.500000  orientation 0.00
drill  0.300000
shape_offset  0.000000  0.000000
$EndPAD
$EndMODULE  REF**

$MODULE REF**
footprint _GARRETTS_PARTS:VIA_0.3mm
attribut none
position 118.628200 179.609000  orientation 0.00
layer front
$PAD "1"
Shape Circle Layer both
position  0.000000  0.000000  size  0.500000  0.500000  orientation 0.00
drill  0.300000
shape_offset  0.000000  0.000000
$EndPAD
$EndMODULE  REF**

$MODULE REF**
footprint _GARRETTS_PARTS:VIA_0.3mm
attribut none
position 361.716700 177.810500  orientation 0.00
layer front
$PAD "1"
Shape Circle Layer both
position  0.000000  0.000000  size  0.500000  0.500000  orientation 0.00
drill  0.300000
shape_offset  0.000000  0.000000
$EndPAD
$EndMODULE  REF**

$MODULE REF**
footprint _GARRETTS_PARTS:VIA_0.3mm
attribut none
position 172.259700 148.010500  orientation 0.00
layer front
$PAD "1"
Shape Circle Layer both
position  0.000000  0.000000  size  0.500000  0.500000  orientation 0.00
drill  0.300000
shape_offset  0.000000  0.000000
$EndPAD
$EndMODULE  REF**

$MODULE REF**
footprint _GARRETTS_PARTS:VIA_0.3mm
attribut none
position 233.268200 148.914000  orientation 0.00
layer front
$PAD "1"
Shape Circle Layer both
position  0.000000  0.000000  size  0.500000  0.500000  orientation 0.00
drill  0.300000
shape_offset  0.000000  0.000000
$EndPAD
$EndMODULE  REF**

$MODULE REF**
footprint _GARRETTS_PARTS:VIA_0.3mm
attribut none
position 241.528200 179.604000  orientation 0.00
layer front
$PAD "1"
Shape Circle Layer both
position  0.000000  0.000000  size  0.500000  0.500000  orientation 0.00
drill  0.300000
shape_offset  0.000000  0.000000
$EndPAD
$EndMODULE  REF**

$MODULE REF**
footprint _GARRETTS_PARTS:VIA_0.3mm
attribut none
position 363.486700 144.410500  orientation 0.00
layer front
$PAD "1"
Shape Circle Layer both
position  0.000000  0.000000  size  0.500000  0.500000  orientation 0.00
drill  0.300000
shape_offset  0.000000  0.000000
$EndPAD
$EndMODULE  REF**

$MODULE REF**
footprint _GARRETTS_PARTS:VIA_0.3mm
attribut none
position 117.698200 145.309000  orientation 0.00
layer front
$PAD "1"
Shape Circle Layer both
position  0.000000  0.000000  size  0.500000  0.500000  orientation 0.00
drill  0.300000
shape_offset  0.000000  0.000000
$EndPAD
$EndMODULE  REF**

$MODULE REF**
footprint _GARRETTS_PARTS:VIA_0.3mm
attribut none
position 171.389700 176.910500  orientation 0.00
layer front
$PAD "1"
Shape Circle Layer both
position  0.000000  0.000000  size  0.500000  0.500000  orientation 0.00
drill  0.300000
shape_offset  0.000000  0.000000
$EndPAD
$EndMODULE  REF**

$MODULE REF**
footprint _GARRETTS_PARTS:VIA_0.3mm
attribut none
position 301.628200 178.704000  orientation 0.00
layer front
$PAD "1"
Shape Circle Layer both
position  0.000000  0.000000  size  0.500000  0.500000  orientation 0.00
drill  0.300000
shape_offset  0.000000  0.000000
$EndPAD
$EndMODULE  REF**

$MODULE REF**
footprint _GARRETTS_PARTS:VIA_0.3mm
attribut none
position 118.598200 148.909000  orientation 0.00
layer front
$PAD "1"
Shape Circle Layer both
position  0.000000  0.000000  size  0.500000  0.500000  orientation 0.00
drill  0.300000
shape_offset  0.000000  0.000000
$EndPAD
$EndMODULE  REF**

$MODULE REF**
footprint _GARRETTS_PARTS:VIA_0.3mm
attribut none
position 415.388950 177.809750  orientation 0.00
layer front
$PAD "1"
Shape Circle Layer both
position  0.000000  0.000000  size  0.500000  0.500000  orientation 0.00
drill  0.300000
shape_offset  0.000000  0.000000
$EndPAD
$EndMODULE  REF**

$MODULE REF**
footprint _GARRETTS_PARTS:VIA_0.3mm
attribut none
position 239.728200 178.704000  orientation 0.00
layer front
$PAD "1"
Shape Circle Layer both
position  0.000000  0.000000  size  0.500000  0.500000  orientation 0.00
drill  0.300000
shape_offset  0.000000  0.000000
$EndPAD
$EndMODULE  REF**

$MODULE REF**
footprint _GARRETTS_PARTS:VIA_0.3mm
attribut none
position 415.388950 178.709750  orientation 0.00
layer front
$PAD "1"
Shape Circle Layer both
position  0.000000  0.000000  size  0.500000  0.500000  orientation 0.00
drill  0.300000
shape_offset  0.000000  0.000000
$EndPAD
$EndMODULE  REF**

$MODULE REF**
footprint _GARRETTS_PARTS:VIA_0.3mm
attribut none
position 172.259700 146.210500  orientation 0.00
layer front
$PAD "1"
Shape Circle Layer both
position  0.000000  0.000000  size  0.500000  0.500000  orientation 0.00
drill  0.300000
shape_offset  0.000000  0.000000
$EndPAD
$EndMODULE  REF**

$MODULE REF**
footprint _GARRETTS_PARTS:VIA_0.3mm
attribut none
position 179.589700 146.200500  orientation 0.00
layer front
$PAD "1"
Shape Circle Layer both
position  0.000000  0.000000  size  0.500000  0.500000  orientation 0.00
drill  0.300000
shape_offset  0.000000  0.000000
$EndPAD
$EndMODULE  REF**

$MODULE REF**
footprint _GARRETTS_PARTS:VIA_0.3mm
attribut none
position 180.489700 147.100500  orientation 0.00
layer front
$PAD "1"
Shape Circle Layer both
position  0.000000  0.000000  size  0.500000  0.500000  orientation 0.00
drill  0.300000
shape_offset  0.000000  0.000000
$EndPAD
$EndMODULE  REF**

$MODULE REF**
footprint _GARRETTS_PARTS:VIA_0.3mm
attribut none
position 354.386700 180.520500  orientation 0.00
layer front
$PAD "1"
Shape Circle Layer both
position  0.000000  0.000000  size  0.500000  0.500000  orientation 0.00
drill  0.300000
shape_offset  0.000000  0.000000
$EndPAD
$EndMODULE  REF**

$MODULE REF**
footprint _GARRETTS_PARTS:VIA_0.3mm
attribut none
position 353.456700 148.920500  orientation 0.00
layer front
$PAD "1"
Shape Circle Layer both
position  0.000000  0.000000  size  0.500000  0.500000  orientation 0.00
drill  0.300000
shape_offset  0.000000  0.000000
$EndPAD
$EndMODULE  REF**

$MODULE REF**
footprint _GARRETTS_PARTS:VIA_0.3mm
attribut none
position 363.486700 148.010500  orientation 0.00
layer front
$PAD "1"
Shape Circle Layer both
position  0.000000  0.000000  size  0.500000  0.500000  orientation 0.00
drill  0.300000
shape_offset  0.000000  0.000000
$EndPAD
$EndMODULE  REF**

$MODULE REF**
footprint _GARRETTS_PARTS:VIA_0.3mm
attribut none
position 178.689700 145.300500  orientation 0.00
layer front
$PAD "1"
Shape Circle Layer both
position  0.000000  0.000000  size  0.500000  0.500000  orientation 0.00
drill  0.300000
shape_offset  0.000000  0.000000
$EndPAD
$EndMODULE  REF**

$MODULE REF**
footprint _GARRETTS_PARTS:VIA_0.3mm
attribut none
position 117.698200 148.909000  orientation 0.00
layer front
$PAD "1"
Shape Circle Layer both
position  0.000000  0.000000  size  0.500000  0.500000  orientation 0.00
drill  0.300000
shape_offset  0.000000  0.000000
$EndPAD
$EndMODULE  REF**

$MODULE REF**
footprint _GARRETTS_PARTS:VIA_0.3mm
attribut none
position 423.618950 176.899750  orientation 0.00
layer front
$PAD "1"
Shape Circle Layer both
position  0.000000  0.000000  size  0.500000  0.500000  orientation 0.00
drill  0.300000
shape_offset  0.000000  0.000000
$EndPAD
$EndMODULE  REF**

$MODULE REF**
footprint _GARRETTS_PARTS:VIA_0.3mm
attribut none
position 178.689700 147.100500  orientation 0.00
layer front
$PAD "1"
Shape Circle Layer both
position  0.000000  0.000000  size  0.500000  0.500000  orientation 0.00
drill  0.300000
shape_offset  0.000000  0.000000
$EndPAD
$EndMODULE  REF**

$MODULE REF**
footprint _GARRETTS_PARTS:VIA_0.3mm
attribut none
position 414.458950 145.309750  orientation 0.00
layer front
$PAD "1"
Shape Circle Layer both
position  0.000000  0.000000  size  0.500000  0.500000  orientation 0.00
drill  0.300000
shape_offset  0.000000  0.000000
$EndPAD
$EndMODULE  REF**

$MODULE REF**
footprint _GARRETTS_PARTS:VIA_0.3mm
attribut none
position 179.589700 145.300500  orientation 0.00
layer front
$PAD "1"
Shape Circle Layer both
position  0.000000  0.000000  size  0.500000  0.500000  orientation 0.00
drill  0.300000
shape_offset  0.000000  0.000000
$EndPAD
$EndMODULE  REF**

$MODULE REF**
footprint _GARRETTS_PARTS:VIA_0.3mm
attribut none
position 171.359700 146.210500  orientation 0.00
layer front
$PAD "1"
Shape Circle Layer both
position  0.000000  0.000000  size  0.500000  0.500000  orientation 0.00
drill  0.300000
shape_offset  0.000000  0.000000
$EndPAD
$EndMODULE  REF**

$MODULE REF**
footprint _GARRETTS_PARTS:VIA_0.3mm
attribut none
position 178.719700 176.900500  orientation 0.00
layer front
$PAD "1"
Shape Circle Layer both
position  0.000000  0.000000  size  0.500000  0.500000  orientation 0.00
drill  0.300000
shape_offset  0.000000  0.000000
$EndPAD
$EndMODULE  REF**

$MODULE REF**
footprint _GARRETTS_PARTS:VIA_0.3mm
attribut none
position 302.528200 179.604000  orientation 0.00
layer front
$PAD "1"
Shape Circle Layer both
position  0.000000  0.000000  size  0.500000  0.500000  orientation 0.00
drill  0.300000
shape_offset  0.000000  0.000000
$EndPAD
$EndMODULE  REF**

$MODULE REF**
footprint _GARRETTS_PARTS:VIA_0.3mm
attribut none
position 170.489700 179.610500  orientation 0.00
layer front
$PAD "1"
Shape Circle Layer both
position  0.000000  0.000000  size  0.500000  0.500000  orientation 0.00
drill  0.300000
shape_offset  0.000000  0.000000
$EndPAD
$EndMODULE  REF**

$MODULE REF**
footprint _GARRETTS_PARTS:VIA_0.3mm
attribut none
position 353.486700 179.620500  orientation 0.00
layer front
$PAD "1"
Shape Circle Layer both
position  0.000000  0.000000  size  0.500000  0.500000  orientation 0.00
drill  0.300000
shape_offset  0.000000  0.000000
$EndPAD
$EndMODULE  REF**

$MODULE REF**
footprint _GARRETTS_PARTS:VIA_0.3mm
attribut none
position 415.358950 147.109750  orientation 0.00
layer front
$PAD "1"
Shape Circle Layer both
position  0.000000  0.000000  size  0.500000  0.500000  orientation 0.00
drill  0.300000
shape_offset  0.000000  0.000000
$EndPAD
$EndMODULE  REF**

$MODULE REF**
footprint _GARRETTS_PARTS:VIA_0.3mm
attribut none
position 423.618950 175.999750  orientation 0.00
layer front
$PAD "1"
Shape Circle Layer both
position  0.000000  0.000000  size  0.500000  0.500000  orientation 0.00
drill  0.300000
shape_offset  0.000000  0.000000
$EndPAD
$EndMODULE  REF**

$MODULE REF**
footprint _GARRETTS_PARTS:VIA_0.3mm
attribut none
position 241.498200 144.404000  orientation 0.00
layer front
$PAD "1"
Shape Circle Layer both
position  0.000000  0.000000  size  0.500000  0.500000  orientation 0.00
drill  0.300000
shape_offset  0.000000  0.000000
$EndPAD
$EndMODULE  REF**

$MODULE REF**
footprint _GARRETTS_PARTS:VIA_0.3mm
attribut none
position 110.398200 179.619000  orientation 0.00
layer front
$PAD "1"
Shape Circle Layer both
position  0.000000  0.000000  size  0.500000  0.500000  orientation 0.00
drill  0.300000
shape_offset  0.000000  0.000000
$EndPAD
$EndMODULE  REF**

$MODULE REF**
footprint _GARRETTS_PARTS:VIA_0.3mm
attribut none
position 180.489700 148.000500  orientation 0.00
layer front
$PAD "1"
Shape Circle Layer both
position  0.000000  0.000000  size  0.500000  0.500000  orientation 0.00
drill  0.300000
shape_offset  0.000000  0.000000
$EndPAD
$EndMODULE  REF**

$MODULE REF**
footprint _GARRETTS_PARTS:VIA_0.3mm
attribut none
position 109.468200 148.019000  orientation 0.00
layer front
$PAD "1"
Shape Circle Layer both
position  0.000000  0.000000  size  0.500000  0.500000  orientation 0.00
drill  0.300000
shape_offset  0.000000  0.000000
$EndPAD
$EndMODULE  REF**

$MODULE REF**
footprint _GARRETTS_PARTS:VIA_0.3mm
attribut none
position 109.468200 145.319000  orientation 0.00
layer front
$PAD "1"
Shape Circle Layer both
position  0.000000  0.000000  size  0.500000  0.500000  orientation 0.00
drill  0.300000
shape_offset  0.000000  0.000000
$EndPAD
$EndMODULE  REF**

$MODULE REF**
footprint _GARRETTS_PARTS:VIA_0.3mm
attribut none
position 300.698200 147.104000  orientation 0.00
layer front
$PAD "1"
Shape Circle Layer both
position  0.000000  0.000000  size  0.500000  0.500000  orientation 0.00
drill  0.300000
shape_offset  0.000000  0.000000
$EndPAD
$EndMODULE  REF**

$MODULE REF**
footprint _GARRETTS_PARTS:VIA_0.3mm
attribut none
position 363.516700 176.010500  orientation 0.00
layer front
$PAD "1"
Shape Circle Layer both
position  0.000000  0.000000  size  0.500000  0.500000  orientation 0.00
drill  0.300000
shape_offset  0.000000  0.000000
$EndPAD
$EndMODULE  REF**

$MODULE REF**
footprint _GARRETTS_PARTS:VIA_0.3mm
attribut none
position 179.619700 177.800500  orientation 0.00
layer front
$PAD "1"
Shape Circle Layer both
position  0.000000  0.000000  size  0.500000  0.500000  orientation 0.00
drill  0.300000
shape_offset  0.000000  0.000000
$EndPAD
$EndMODULE  REF**

$MODULE REF**
footprint _GARRETTS_PARTS:VIA_0.3mm
attribut none
position 179.619700 178.700500  orientation 0.00
layer front
$PAD "1"
Shape Circle Layer both
position  0.000000  0.000000  size  0.500000  0.500000  orientation 0.00
drill  0.300000
shape_offset  0.000000  0.000000
$EndPAD
$EndMODULE  REF**

$MODULE REF**
footprint _GARRETTS_PARTS:VIA_0.3mm
attribut none
position 232.398200 178.714000  orientation 0.00
layer front
$PAD "1"
Shape Circle Layer both
position  0.000000  0.000000  size  0.500000  0.500000  orientation 0.00
drill  0.300000
shape_offset  0.000000  0.000000
$EndPAD
$EndMODULE  REF**

$MODULE REF**
footprint _GARRETTS_PARTS:VIA_0.3mm
attribut none
position 414.458950 144.409750  orientation 0.00
layer front
$PAD "1"
Shape Circle Layer both
position  0.000000  0.000000  size  0.500000  0.500000  orientation 0.00
drill  0.300000
shape_offset  0.000000  0.000000
$EndPAD
$EndMODULE  REF**

$MODULE REF**
footprint _GARRETTS_PARTS:VIA_0.3mm
attribut none
position 415.358950 146.209750  orientation 0.00
layer front
$PAD "1"
Shape Circle Layer both
position  0.000000  0.000000  size  0.500000  0.500000  orientation 0.00
drill  0.300000
shape_offset  0.000000  0.000000
$EndPAD
$EndMODULE  REF**

$MODULE REF**
footprint _GARRETTS_PARTS:VIA_0.3mm
attribut none
position 233.268200 148.014000  orientation 0.00
layer front
$PAD "1"
Shape Circle Layer both
position  0.000000  0.000000  size  0.500000  0.500000  orientation 0.00
drill  0.300000
shape_offset  0.000000  0.000000
$EndPAD
$EndMODULE  REF**

$MODULE REF**
footprint _GARRETTS_PARTS:VIA_0.3mm
attribut none
position 172.259700 145.310500  orientation 0.00
layer front
$PAD "1"
Shape Circle Layer both
position  0.000000  0.000000  size  0.500000  0.500000  orientation 0.00
drill  0.300000
shape_offset  0.000000  0.000000
$EndPAD
$EndMODULE  REF**

$MODULE REF**
footprint _GARRETTS_PARTS:VIA_0.3mm
attribut none
position 110.368200 144.419000  orientation 0.00
layer front
$PAD "1"
Shape Circle Layer both
position  0.000000  0.000000  size  0.500000  0.500000  orientation 0.00
drill  0.300000
shape_offset  0.000000  0.000000
$EndPAD
$EndMODULE  REF**

$MODULE REF**
footprint _GARRETTS_PARTS:VIA_0.3mm
attribut none
position 118.628200 176.909000  orientation 0.00
layer front
$PAD "1"
Shape Circle Layer both
position  0.000000  0.000000  size  0.500000  0.500000  orientation 0.00
drill  0.300000
shape_offset  0.000000  0.000000
$EndPAD
$EndMODULE  REF**

$MODULE REF**
footprint _GARRETTS_PARTS:VIA_0.3mm
attribut none
position 117.698200 144.409000  orientation 0.00
layer front
$PAD "1"
Shape Circle Layer both
position  0.000000  0.000000  size  0.500000  0.500000  orientation 0.00
drill  0.300000
shape_offset  0.000000  0.000000
$EndPAD
$EndMODULE  REF**

$MODULE REF**
footprint _GARRETTS_PARTS:VIA_0.3mm
attribut none
position 294.298200 178.714000  orientation 0.00
layer front
$PAD "1"
Shape Circle Layer both
position  0.000000  0.000000  size  0.500000  0.500000  orientation 0.00
drill  0.300000
shape_offset  0.000000  0.000000
$EndPAD
$EndMODULE  REF**

$MODULE REF**
footprint _GARRETTS_PARTS:VIA_0.3mm
attribut none
position 109.468200 144.419000  orientation 0.00
layer front
$PAD "1"
Shape Circle Layer both
position  0.000000  0.000000  size  0.500000  0.500000  orientation 0.00
drill  0.300000
shape_offset  0.000000  0.000000
$EndPAD
$EndMODULE  REF**

$MODULE REF**
footprint _GARRETTS_PARTS:VIA_0.3mm
attribut none
position 362.616700 177.810500  orientation 0.00
layer front
$PAD "1"
Shape Circle Layer both
position  0.000000  0.000000  size  0.500000  0.500000  orientation 0.00
drill  0.300000
shape_offset  0.000000  0.000000
$EndPAD
$EndMODULE  REF**

$MODULE REF**
footprint _GARRETTS_PARTS:VIA_0.3mm
attribut none
position 172.289700 176.010500  orientation 0.00
layer front
$PAD "1"
Shape Circle Layer both
position  0.000000  0.000000  size  0.500000  0.500000  orientation 0.00
drill  0.300000
shape_offset  0.000000  0.000000
$EndPAD
$EndMODULE  REF**

$MODULE REF**
footprint _GARRETTS_PARTS:VIA_0.3mm
attribut none
position 355.256700 144.420500  orientation 0.00
layer front
$PAD "1"
Shape Circle Layer both
position  0.000000  0.000000  size  0.500000  0.500000  orientation 0.00
drill  0.300000
shape_offset  0.000000  0.000000
$EndPAD
$EndMODULE  REF**

$MODULE REF**
footprint _GARRETTS_PARTS:VIA_0.3mm
attribut none
position 415.358950 144.409750  orientation 0.00
layer front
$PAD "1"
Shape Circle Layer both
position  0.000000  0.000000  size  0.500000  0.500000  orientation 0.00
drill  0.300000
shape_offset  0.000000  0.000000
$EndPAD
$EndMODULE  REF**

$MODULE REF**
footprint _GARRETTS_PARTS:VIA_0.3mm
attribut none
position 118.598200 145.309000  orientation 0.00
layer front
$PAD "1"
Shape Circle Layer both
position  0.000000  0.000000  size  0.500000  0.500000  orientation 0.00
drill  0.300000
shape_offset  0.000000  0.000000
$EndPAD
$EndMODULE  REF**

$MODULE REF**
footprint _GARRETTS_PARTS:VIA_0.3mm
attribut none
position 415.358950 148.009750  orientation 0.00
layer front
$PAD "1"
Shape Circle Layer both
position  0.000000  0.000000  size  0.500000  0.500000  orientation 0.00
drill  0.300000
shape_offset  0.000000  0.000000
$EndPAD
$EndMODULE  REF**

$MODULE REF**
footprint _GARRETTS_PARTS:VIA_0.3mm
attribut none
position 414.488950 180.509750  orientation 0.00
layer front
$PAD "1"
Shape Circle Layer both
position  0.000000  0.000000  size  0.500000  0.500000  orientation 0.00
drill  0.300000
shape_offset  0.000000  0.000000
$EndPAD
$EndMODULE  REF**

$MODULE REF**
footprint _GARRETTS_PARTS:VIA_0.3mm
attribut none
position 119.498200 146.209000  orientation 0.00
layer front
$PAD "1"
Shape Circle Layer both
position  0.000000  0.000000  size  0.500000  0.500000  orientation 0.00
drill  0.300000
shape_offset  0.000000  0.000000
$EndPAD
$EndMODULE  REF**

$MODULE REF**
footprint _GARRETTS_PARTS:VIA_0.3mm
attribut none
position 362.616700 178.710500  orientation 0.00
layer front
$PAD "1"
Shape Circle Layer both
position  0.000000  0.000000  size  0.500000  0.500000  orientation 0.00
drill  0.300000
shape_offset  0.000000  0.000000
$EndPAD
$EndMODULE  REF**

$MODULE REF**
footprint _GARRETTS_PARTS:VIA_0.3mm
attribut none
position 179.589700 144.400500  orientation 0.00
layer front
$PAD "1"
Shape Circle Layer both
position  0.000000  0.000000  size  0.500000  0.500000  orientation 0.00
drill  0.300000
shape_offset  0.000000  0.000000
$EndPAD
$EndMODULE  REF**

$MODULE REF**
footprint _GARRETTS_PARTS:VIA_0.3mm
attribut none
position 241.528200 176.904000  orientation 0.00
layer front
$PAD "1"
Shape Circle Layer both
position  0.000000  0.000000  size  0.500000  0.500000  orientation 0.00
drill  0.300000
shape_offset  0.000000  0.000000
$EndPAD
$EndMODULE  REF**

$MODULE REF**
footprint _GARRETTS_PARTS:VIA_0.3mm
attribut none
position 119.528200 180.509000  orientation 0.00
layer front
$PAD "1"
Shape Circle Layer both
position  0.000000  0.000000  size  0.500000  0.500000  orientation 0.00
drill  0.300000
shape_offset  0.000000  0.000000
$EndPAD
$EndMODULE  REF**

$MODULE REF**
footprint _GARRETTS_PARTS:VIA_0.3mm
attribut none
position 172.259700 147.110500  orientation 0.00
layer front
$PAD "1"
Shape Circle Layer both
position  0.000000  0.000000  size  0.500000  0.500000  orientation 0.00
drill  0.300000
shape_offset  0.000000  0.000000
$EndPAD
$EndMODULE  REF**

$MODULE REF**
footprint _GARRETTS_PARTS:VIA_0.3mm
attribut none
position 111.298200 179.619000  orientation 0.00
layer front
$PAD "1"
Shape Circle Layer both
position  0.000000  0.000000  size  0.500000  0.500000  orientation 0.00
drill  0.300000
shape_offset  0.000000  0.000000
$EndPAD
$EndMODULE  REF**

$MODULE REF**
footprint _GARRETTS_PARTS:VIA_0.3mm
attribut none
position 362.586700 146.210500  orientation 0.00
layer front
$PAD "1"
Shape Circle Layer both
position  0.000000  0.000000  size  0.500000  0.500000  orientation 0.00
drill  0.300000
shape_offset  0.000000  0.000000
$EndPAD
$EndMODULE  REF**

$MODULE REF**
footprint _GARRETTS_PARTS:VIA_0.3mm
attribut none
position 111.268200 148.919000  orientation 0.00
layer front
$PAD "1"
Shape Circle Layer both
position  0.000000  0.000000  size  0.500000  0.500000  orientation 0.00
drill  0.300000
shape_offset  0.000000  0.000000
$EndPAD
$EndMODULE  REF**

$MODULE REF**
footprint _GARRETTS_PARTS:VIA_0.3mm
attribut none
position 240.598200 144.404000  orientation 0.00
layer front
$PAD "1"
Shape Circle Layer both
position  0.000000  0.000000  size  0.500000  0.500000  orientation 0.00
drill  0.300000
shape_offset  0.000000  0.000000
$EndPAD
$EndMODULE  REF**

$MODULE REF**
footprint _GARRETTS_PARTS:VIA_0.3mm
attribut none
position 361.686700 144.410500  orientation 0.00
layer front
$PAD "1"
Shape Circle Layer both
position  0.000000  0.000000  size  0.500000  0.500000  orientation 0.00
drill  0.300000
shape_offset  0.000000  0.000000
$EndPAD
$EndMODULE  REF**

$MODULE REF**
footprint _GARRETTS_PARTS:VIA_0.3mm
attribut none
position 361.716700 176.010500  orientation 0.00
layer front
$PAD "1"
Shape Circle Layer both
position  0.000000  0.000000  size  0.500000  0.500000  orientation 0.00
drill  0.300000
shape_offset  0.000000  0.000000
$EndPAD
$EndMODULE  REF**

$MODULE REF**
footprint _GARRETTS_PARTS:VIA_0.3mm
attribut none
position 294.268200 145.314000  orientation 0.00
layer front
$PAD "1"
Shape Circle Layer both
position  0.000000  0.000000  size  0.500000  0.500000  orientation 0.00
drill  0.300000
shape_offset  0.000000  0.000000
$EndPAD
$EndMODULE  REF**

$MODULE REF**
footprint _GARRETTS_PARTS:VIA_0.3mm
attribut none
position 416.258950 146.209750  orientation 0.00
layer front
$PAD "1"
Shape Circle Layer both
position  0.000000  0.000000  size  0.500000  0.500000  orientation 0.00
drill  0.300000
shape_offset  0.000000  0.000000
$EndPAD
$EndMODULE  REF**

$MODULE REF**
footprint _GARRETTS_PARTS:VIA_0.3mm
attribut none
position 422.688950 147.099750  orientation 0.00
layer front
$PAD "1"
Shape Circle Layer both
position  0.000000  0.000000  size  0.500000  0.500000  orientation 0.00
drill  0.300000
shape_offset  0.000000  0.000000
$EndPAD
$EndMODULE  REF**

$MODULE REF**
footprint _GARRETTS_PARTS:VIA_0.3mm
attribut none
position 353.486700 180.520500  orientation 0.00
layer front
$PAD "1"
Shape Circle Layer both
position  0.000000  0.000000  size  0.500000  0.500000  orientation 0.00
drill  0.300000
shape_offset  0.000000  0.000000
$EndPAD
$EndMODULE  REF**

$MODULE REF**
footprint _GARRETTS_PARTS:VIA_0.3mm
attribut none
position 233.298200 180.514000  orientation 0.00
layer front
$PAD "1"
Shape Circle Layer both
position  0.000000  0.000000  size  0.500000  0.500000  orientation 0.00
drill  0.300000
shape_offset  0.000000  0.000000
$EndPAD
$EndMODULE  REF**

$MODULE REF**
footprint _GARRETTS_PARTS:VIA_0.3mm
attribut none
position 111.268200 146.219000  orientation 0.00
layer front
$PAD "1"
Shape Circle Layer both
position  0.000000  0.000000  size  0.500000  0.500000  orientation 0.00
drill  0.300000
shape_offset  0.000000  0.000000
$EndPAD
$EndMODULE  REF**

$MODULE REF**
footprint _GARRETTS_PARTS:VIA_0.3mm
attribut none
position 423.618950 177.799750  orientation 0.00
layer front
$PAD "1"
Shape Circle Layer both
position  0.000000  0.000000  size  0.500000  0.500000  orientation 0.00
drill  0.300000
shape_offset  0.000000  0.000000
$EndPAD
$EndMODULE  REF**

$MODULE REF**
footprint _GARRETTS_PARTS:VIA_0.3mm
attribut none
position 232.398200 179.614000  orientation 0.00
layer front
$PAD "1"
Shape Circle Layer both
position  0.000000  0.000000  size  0.500000  0.500000  orientation 0.00
drill  0.300000
shape_offset  0.000000  0.000000
$EndPAD
$EndMODULE  REF**

$MODULE REF**
footprint _GARRETTS_PARTS:VIA_0.3mm
attribut none
position 353.486700 176.020500  orientation 0.00
layer front
$PAD "1"
Shape Circle Layer both
position  0.000000  0.000000  size  0.500000  0.500000  orientation 0.00
drill  0.300000
shape_offset  0.000000  0.000000
$EndPAD
$EndMODULE  REF**

$MODULE REF**
footprint _GARRETTS_PARTS:VIA_0.3mm
attribut none
position 110.368200 148.919000  orientation 0.00
layer front
$PAD "1"
Shape Circle Layer both
position  0.000000  0.000000  size  0.500000  0.500000  orientation 0.00
drill  0.300000
shape_offset  0.000000  0.000000
$EndPAD
$EndMODULE  REF**

$MODULE REF**
footprint _GARRETTS_PARTS:VIA_0.3mm
attribut none
position 179.619700 176.000500  orientation 0.00
layer front
$PAD "1"
Shape Circle Layer both
position  0.000000  0.000000  size  0.500000  0.500000  orientation 0.00
drill  0.300000
shape_offset  0.000000  0.000000
$EndPAD
$EndMODULE  REF**

$MODULE REF**
footprint _GARRETTS_PARTS:VIA_0.3mm
attribut none
position 301.628200 176.904000  orientation 0.00
layer front
$PAD "1"
Shape Circle Layer both
position  0.000000  0.000000  size  0.500000  0.500000  orientation 0.00
drill  0.300000
shape_offset  0.000000  0.000000
$EndPAD
$EndMODULE  REF**

$MODULE REF**
footprint _GARRETTS_PARTS:VIA_0.3mm
attribut none
position 241.498200 145.304000  orientation 0.00
layer front
$PAD "1"
Shape Circle Layer both
position  0.000000  0.000000  size  0.500000  0.500000  orientation 0.00
drill  0.300000
shape_offset  0.000000  0.000000
$EndPAD
$EndMODULE  REF**

$MODULE REF**
footprint _GARRETTS_PARTS:VIA_0.3mm
attribut none
position 231.468200 144.414000  orientation 0.00
layer front
$PAD "1"
Shape Circle Layer both
position  0.000000  0.000000  size  0.500000  0.500000  orientation 0.00
drill  0.300000
shape_offset  0.000000  0.000000
$EndPAD
$EndMODULE  REF**

$MODULE REF**
footprint _GARRETTS_PARTS:VIA_0.3mm
attribut none
position 241.528200 177.804000  orientation 0.00
layer front
$PAD "1"
Shape Circle Layer both
position  0.000000  0.000000  size  0.500000  0.500000  orientation 0.00
drill  0.300000
shape_offset  0.000000  0.000000
$EndPAD
$EndMODULE  REF**

$MODULE REF**
footprint _GARRETTS_PARTS:VIA_0.3mm
attribut none
position 302.528200 178.704000  orientation 0.00
layer front
$PAD "1"
Shape Circle Layer both
position  0.000000  0.000000  size  0.500000  0.500000  orientation 0.00
drill  0.300000
shape_offset  0.000000  0.000000
$EndPAD
$EndMODULE  REF**

$MODULE REF**
footprint _GARRETTS_PARTS:VIA_0.3mm
attribut none
position 179.619700 179.600500  orientation 0.00
layer front
$PAD "1"
Shape Circle Layer both
position  0.000000  0.000000  size  0.500000  0.500000  orientation 0.00
drill  0.300000
shape_offset  0.000000  0.000000
$EndPAD
$EndMODULE  REF**

$MODULE REF**
footprint _GARRETTS_PARTS:VIA_0.3mm
attribut none
position 416.258950 147.109750  orientation 0.00
layer front
$PAD "1"
Shape Circle Layer both
position  0.000000  0.000000  size  0.500000  0.500000  orientation 0.00
drill  0.300000
shape_offset  0.000000  0.000000
$EndPAD
$EndMODULE  REF**

$MODULE REF**
footprint _GARRETTS_PARTS:VIA_0.3mm
attribut none
position 231.468200 148.014000  orientation 0.00
layer front
$PAD "1"
Shape Circle Layer both
position  0.000000  0.000000  size  0.500000  0.500000  orientation 0.00
drill  0.300000
shape_offset  0.000000  0.000000
$EndPAD
$EndMODULE  REF**

$MODULE REF**
footprint _GARRETTS_PARTS:VIA_0.3mm
attribut none
position 109.468200 146.219000  orientation 0.00
layer front
$PAD "1"
Shape Circle Layer both
position  0.000000  0.000000  size  0.500000  0.500000  orientation 0.00
drill  0.300000
shape_offset  0.000000  0.000000
$EndPAD
$EndMODULE  REF**

$MODULE REF**
footprint _GARRETTS_PARTS:VIA_0.3mm
attribut none
position 231.468200 147.114000  orientation 0.00
layer front
$PAD "1"
Shape Circle Layer both
position  0.000000  0.000000  size  0.500000  0.500000  orientation 0.00
drill  0.300000
shape_offset  0.000000  0.000000
$EndPAD
$EndMODULE  REF**

$MODULE REF**
footprint _GARRETTS_PARTS:VIA_0.3mm
attribut none
position 231.468200 146.214000  orientation 0.00
layer front
$PAD "1"
Shape Circle Layer both
position  0.000000  0.000000  size  0.500000  0.500000  orientation 0.00
drill  0.300000
shape_offset  0.000000  0.000000
$EndPAD
$EndMODULE  REF**

$MODULE REF**
footprint _GARRETTS_PARTS:VIA_0.3mm
attribut none
position 416.258950 148.909750  orientation 0.00
layer front
$PAD "1"
Shape Circle Layer both
position  0.000000  0.000000  size  0.500000  0.500000  orientation 0.00
drill  0.300000
shape_offset  0.000000  0.000000
$EndPAD
$EndMODULE  REF**

$MODULE REF**
footprint _GARRETTS_PARTS:VIA_0.3mm
attribut none
position 117.698200 147.109000  orientation 0.00
layer front
$PAD "1"
Shape Circle Layer both
position  0.000000  0.000000  size  0.500000  0.500000  orientation 0.00
drill  0.300000
shape_offset  0.000000  0.000000
$EndPAD
$EndMODULE  REF**

$MODULE REF**
footprint _GARRETTS_PARTS:VIA_0.3mm
attribut none
position 233.268200 145.314000  orientation 0.00
layer front
$PAD "1"
Shape Circle Layer both
position  0.000000  0.000000  size  0.500000  0.500000  orientation 0.00
drill  0.300000
shape_offset  0.000000  0.000000
$EndPAD
$EndMODULE  REF**

$MODULE REF**
footprint _GARRETTS_PARTS:VIA_0.3mm
attribut none
position 179.589700 147.100500  orientation 0.00
layer front
$PAD "1"
Shape Circle Layer both
position  0.000000  0.000000  size  0.500000  0.500000  orientation 0.00
drill  0.300000
shape_offset  0.000000  0.000000
$EndPAD
$EndMODULE  REF**

$MODULE REF**
footprint _GARRETTS_PARTS:VIA_0.3mm
attribut none
position 239.728200 179.604000  orientation 0.00
layer front
$PAD "1"
Shape Circle Layer both
position  0.000000  0.000000  size  0.500000  0.500000  orientation 0.00
drill  0.300000
shape_offset  0.000000  0.000000
$EndPAD
$EndMODULE  REF**

$MODULE REF**
footprint _GARRETTS_PARTS:VIA_0.3mm
attribut none
position 293.368200 145.314000  orientation 0.00
layer front
$PAD "1"
Shape Circle Layer both
position  0.000000  0.000000  size  0.500000  0.500000  orientation 0.00
drill  0.300000
shape_offset  0.000000  0.000000
$EndPAD
$EndMODULE  REF**

$MODULE REF**
footprint _GARRETTS_PARTS:VIA_0.3mm
attribut none
position 111.268200 148.019000  orientation 0.00
layer front
$PAD "1"
Shape Circle Layer both
position  0.000000  0.000000  size  0.500000  0.500000  orientation 0.00
drill  0.300000
shape_offset  0.000000  0.000000
$EndPAD
$EndMODULE  REF**

$MODULE REF**
footprint _GARRETTS_PARTS:VIA_0.3mm
attribut none
position 294.298200 179.614000  orientation 0.00
layer front
$PAD "1"
Shape Circle Layer both
position  0.000000  0.000000  size  0.500000  0.500000  orientation 0.00
drill  0.300000
shape_offset  0.000000  0.000000
$EndPAD
$EndMODULE  REF**

$MODULE REF**
footprint _GARRETTS_PARTS:VIA_0.3mm
attribut none
position 362.586700 145.310500  orientation 0.00
layer front
$PAD "1"
Shape Circle Layer both
position  0.000000  0.000000  size  0.500000  0.500000  orientation 0.00
drill  0.300000
shape_offset  0.000000  0.000000
$EndPAD
$EndMODULE  REF**

$MODULE REF**
footprint _GARRETTS_PARTS:VIA_0.3mm
attribut none
position 293.398200 176.014000  orientation 0.00
layer front
$PAD "1"
Shape Circle Layer both
position  0.000000  0.000000  size  0.500000  0.500000  orientation 0.00
drill  0.300000
shape_offset  0.000000  0.000000
$EndPAD
$EndMODULE  REF**

$MODULE REF**
footprint _GARRETTS_PARTS:VIA_0.3mm
attribut none
position 231.498200 180.514000  orientation 0.00
layer front
$PAD "1"
Shape Circle Layer both
position  0.000000  0.000000  size  0.500000  0.500000  orientation 0.00
drill  0.300000
shape_offset  0.000000  0.000000
$EndPAD
$EndMODULE  REF**

$MODULE REF**
footprint _GARRETTS_PARTS:VIA_0.3mm
attribut none
position 424.518950 176.899750  orientation 0.00
layer front
$PAD "1"
Shape Circle Layer both
position  0.000000  0.000000  size  0.500000  0.500000  orientation 0.00
drill  0.300000
shape_offset  0.000000  0.000000
$EndPAD
$EndMODULE  REF**

$MODULE REF**
footprint _GARRETTS_PARTS:VIA_0.3mm
attribut none
position 240.598200 146.204000  orientation 0.00
layer front
$PAD "1"
Shape Circle Layer both
position  0.000000  0.000000  size  0.500000  0.500000  orientation 0.00
drill  0.300000
shape_offset  0.000000  0.000000
$EndPAD
$EndMODULE  REF**

$MODULE REF**
footprint _GARRETTS_PARTS:VIA_0.3mm
attribut none
position 170.489700 180.510500  orientation 0.00
layer front
$PAD "1"
Shape Circle Layer both
position  0.000000  0.000000  size  0.500000  0.500000  orientation 0.00
drill  0.300000
shape_offset  0.000000  0.000000
$EndPAD
$EndMODULE  REF**

$MODULE REF**
footprint _GARRETTS_PARTS:VIA_0.3mm
attribut none
position 292.498200 179.614000  orientation 0.00
layer front
$PAD "1"
Shape Circle Layer both
position  0.000000  0.000000  size  0.500000  0.500000  orientation 0.00
drill  0.300000
shape_offset  0.000000  0.000000
$EndPAD
$EndMODULE  REF**

$MODULE REF**
footprint _GARRETTS_PARTS:VIA_0.3mm
attribut none
position 353.456700 144.420500  orientation 0.00
layer front
$PAD "1"
Shape Circle Layer both
position  0.000000  0.000000  size  0.500000  0.500000  orientation 0.00
drill  0.300000
shape_offset  0.000000  0.000000
$EndPAD
$EndMODULE  REF**

$MODULE REF**
footprint _GARRETTS_PARTS:VIA_0.3mm
attribut none
position 361.686700 145.310500  orientation 0.00
layer front
$PAD "1"
Shape Circle Layer both
position  0.000000  0.000000  size  0.500000  0.500000  orientation 0.00
drill  0.300000
shape_offset  0.000000  0.000000
$EndPAD
$EndMODULE  REF**

$MODULE REF**
footprint _GARRETTS_PARTS:VIA_0.3mm
attribut none
position 355.256700 146.220500  orientation 0.00
layer front
$PAD "1"
Shape Circle Layer both
position  0.000000  0.000000  size  0.500000  0.500000  orientation 0.00
drill  0.300000
shape_offset  0.000000  0.000000
$EndPAD
$EndMODULE  REF**

$MODULE REF**
footprint _GARRETTS_PARTS:VIA_0.3mm
attribut none
position 179.619700 180.500500  orientation 0.00
layer front
$PAD "1"
Shape Circle Layer both
position  0.000000  0.000000  size  0.500000  0.500000  orientation 0.00
drill  0.300000
shape_offset  0.000000  0.000000
$EndPAD
$EndMODULE  REF**

$MODULE REF**
footprint _GARRETTS_PARTS:VIA_0.3mm
attribut none
position 240.628200 179.604000  orientation 0.00
layer front
$PAD "1"
Shape Circle Layer both
position  0.000000  0.000000  size  0.500000  0.500000  orientation 0.00
drill  0.300000
shape_offset  0.000000  0.000000
$EndPAD
$EndMODULE  REF**

$MODULE REF**
footprint _GARRETTS_PARTS:VIA_0.3mm
attribut none
position 171.359700 145.310500  orientation 0.00
layer front
$PAD "1"
Shape Circle Layer both
position  0.000000  0.000000  size  0.500000  0.500000  orientation 0.00
drill  0.300000
shape_offset  0.000000  0.000000
$EndPAD
$EndMODULE  REF**

$MODULE REF**
footprint _GARRETTS_PARTS:VIA_0.3mm
attribut none
position 424.518950 178.699750  orientation 0.00
layer front
$PAD "1"
Shape Circle Layer both
position  0.000000  0.000000  size  0.500000  0.500000  orientation 0.00
drill  0.300000
shape_offset  0.000000  0.000000
$EndPAD
$EndMODULE  REF**

$MODULE REF**
footprint _GARRETTS_PARTS:VIA_0.3mm
attribut none
position 422.688950 146.199750  orientation 0.00
layer front
$PAD "1"
Shape Circle Layer both
position  0.000000  0.000000  size  0.500000  0.500000  orientation 0.00
drill  0.300000
shape_offset  0.000000  0.000000
$EndPAD
$EndMODULE  REF**

$MODULE REF**
footprint _GARRETTS_PARTS:VIA_0.3mm
attribut none
position 416.258950 145.309750  orientation 0.00
layer front
$PAD "1"
Shape Circle Layer both
position  0.000000  0.000000  size  0.500000  0.500000  orientation 0.00
drill  0.300000
shape_offset  0.000000  0.000000
$EndPAD
$EndMODULE  REF**

$MODULE REF**
footprint _GARRETTS_PARTS:VIA_0.3mm
attribut none
position 119.498200 147.109000  orientation 0.00
layer front
$PAD "1"
Shape Circle Layer both
position  0.000000  0.000000  size  0.500000  0.500000  orientation 0.00
drill  0.300000
shape_offset  0.000000  0.000000
$EndPAD
$EndMODULE  REF**

$MODULE REF**
footprint _GARRETTS_PARTS:VIA_0.3mm
attribut none
position 422.718950 180.499750  orientation 0.00
layer front
$PAD "1"
Shape Circle Layer both
position  0.000000  0.000000  size  0.500000  0.500000  orientation 0.00
drill  0.300000
shape_offset  0.000000  0.000000
$EndPAD
$EndMODULE  REF**

$MODULE REF**
footprint _GARRETTS_PARTS:VIA_0.3mm
attribut none
position 361.686700 148.010500  orientation 0.00
layer front
$PAD "1"
Shape Circle Layer both
position  0.000000  0.000000  size  0.500000  0.500000  orientation 0.00
drill  0.300000
shape_offset  0.000000  0.000000
$EndPAD
$EndMODULE  REF**

$MODULE REF**
footprint _GARRETTS_PARTS:VIA_0.3mm
attribut none
position 111.298200 176.019000  orientation 0.00
layer front
$PAD "1"
Shape Circle Layer both
position  0.000000  0.000000  size  0.500000  0.500000  orientation 0.00
drill  0.300000
shape_offset  0.000000  0.000000
$EndPAD
$EndMODULE  REF**

$MODULE REF**
footprint _GARRETTS_PARTS:VIA_0.3mm
attribut none
position 240.628200 177.804000  orientation 0.00
layer front
$PAD "1"
Shape Circle Layer both
position  0.000000  0.000000  size  0.500000  0.500000  orientation 0.00
drill  0.300000
shape_offset  0.000000  0.000000
$EndPAD
$EndMODULE  REF**

$MODULE REF**
footprint _GARRETTS_PARTS:VIA_0.3mm
attribut none
position 117.728200 179.609000  orientation 0.00
layer front
$PAD "1"
Shape Circle Layer both
position  0.000000  0.000000  size  0.500000  0.500000  orientation 0.00
drill  0.300000
shape_offset  0.000000  0.000000
$EndPAD
$EndMODULE  REF**

$MODULE REF**
footprint _GARRETTS_PARTS:VIA_0.3mm
attribut none
position 301.598200 144.404000  orientation 0.00
layer front
$PAD "1"
Shape Circle Layer both
position  0.000000  0.000000  size  0.500000  0.500000  orientation 0.00
drill  0.300000
shape_offset  0.000000  0.000000
$EndPAD
$EndMODULE  REF**

$MODULE REF**
footprint _GARRETTS_PARTS:VIA_0.3mm
attribut none
position 414.488950 179.609750  orientation 0.00
layer front
$PAD "1"
Shape Circle Layer both
position  0.000000  0.000000  size  0.500000  0.500000  orientation 0.00
drill  0.300000
shape_offset  0.000000  0.000000
$EndPAD
$EndMODULE  REF**

$MODULE REF**
footprint _GARRETTS_PARTS:VIA_0.3mm
attribut none
position 231.498200 176.914000  orientation 0.00
layer front
$PAD "1"
Shape Circle Layer both
position  0.000000  0.000000  size  0.500000  0.500000  orientation 0.00
drill  0.300000
shape_offset  0.000000  0.000000
$EndPAD
$EndMODULE  REF**

$MODULE REF**
footprint _GARRETTS_PARTS:VIA_0.3mm
attribut none
position 119.528200 176.009000  orientation 0.00
layer front
$PAD "1"
Shape Circle Layer both
position  0.000000  0.000000  size  0.500000  0.500000  orientation 0.00
drill  0.300000
shape_offset  0.000000  0.000000
$EndPAD
$EndMODULE  REF**

$MODULE REF**
footprint _GARRETTS_PARTS:VIA_0.3mm
attribut none
position 293.368200 148.014000  orientation 0.00
layer front
$PAD "1"
Shape Circle Layer both
position  0.000000  0.000000  size  0.500000  0.500000  orientation 0.00
drill  0.300000
shape_offset  0.000000  0.000000
$EndPAD
$EndMODULE  REF**

$MODULE REF**
footprint _GARRETTS_PARTS:VIA_0.3mm
attribut none
position 239.728200 177.804000  orientation 0.00
layer front
$PAD "1"
Shape Circle Layer both
position  0.000000  0.000000  size  0.500000  0.500000  orientation 0.00
drill  0.300000
shape_offset  0.000000  0.000000
$EndPAD
$EndMODULE  REF**

$MODULE REF**
footprint _GARRETTS_PARTS:VIA_0.3mm
attribut none
position 109.498200 176.019000  orientation 0.00
layer front
$PAD "1"
Shape Circle Layer both
position  0.000000  0.000000  size  0.500000  0.500000  orientation 0.00
drill  0.300000
shape_offset  0.000000  0.000000
$EndPAD
$EndMODULE  REF**

$MODULE REF**
footprint _GARRETTS_PARTS:VIA_0.3mm
attribut none
position 416.258950 144.409750  orientation 0.00
layer front
$PAD "1"
Shape Circle Layer both
position  0.000000  0.000000  size  0.500000  0.500000  orientation 0.00
drill  0.300000
shape_offset  0.000000  0.000000
$EndPAD
$EndMODULE  REF**

$MODULE REF**
footprint _GARRETTS_PARTS:VIA_0.3mm
attribut none
position 294.268200 148.914000  orientation 0.00
layer front
$PAD "1"
Shape Circle Layer both
position  0.000000  0.000000  size  0.500000  0.500000  orientation 0.00
drill  0.300000
shape_offset  0.000000  0.000000
$EndPAD
$EndMODULE  REF**

$MODULE REF**
footprint _GARRETTS_PARTS:VIA_0.3mm
attribut none
position 178.719700 176.000500  orientation 0.00
layer front
$PAD "1"
Shape Circle Layer both
position  0.000000  0.000000  size  0.500000  0.500000  orientation 0.00
drill  0.300000
shape_offset  0.000000  0.000000
$EndPAD
$EndMODULE  REF**

$MODULE REF**
footprint _GARRETTS_PARTS:VIA_0.3mm
attribut none
position 301.628200 180.504000  orientation 0.00
layer front
$PAD "1"
Shape Circle Layer both
position  0.000000  0.000000  size  0.500000  0.500000  orientation 0.00
drill  0.300000
shape_offset  0.000000  0.000000
$EndPAD
$EndMODULE  REF**

$MODULE REF**
footprint _GARRETTS_PARTS:VIA_0.3mm
attribut none
position 119.498200 148.909000  orientation 0.00
layer front
$PAD "1"
Shape Circle Layer both
position  0.000000  0.000000  size  0.500000  0.500000  orientation 0.00
drill  0.300000
shape_offset  0.000000  0.000000
$EndPAD
$EndMODULE  REF**

$MODULE REF**
footprint _GARRETTS_PARTS:VIA_0.3mm
attribut none
position 415.358950 148.909750  orientation 0.00
layer front
$PAD "1"
Shape Circle Layer both
position  0.000000  0.000000  size  0.500000  0.500000  orientation 0.00
drill  0.300000
shape_offset  0.000000  0.000000
$EndPAD
$EndMODULE  REF**

$MODULE REF**
footprint _GARRETTS_PARTS:VIA_0.3mm
attribut none
position 353.456700 146.220500  orientation 0.00
layer front
$PAD "1"
Shape Circle Layer both
position  0.000000  0.000000  size  0.500000  0.500000  orientation 0.00
drill  0.300000
shape_offset  0.000000  0.000000
$EndPAD
$EndMODULE  REF**

$MODULE REF**
footprint _GARRETTS_PARTS:VIA_0.3mm
attribut none
position 300.698200 148.004000  orientation 0.00
layer front
$PAD "1"
Shape Circle Layer both
position  0.000000  0.000000  size  0.500000  0.500000  orientation 0.00
drill  0.300000
shape_offset  0.000000  0.000000
$EndPAD
$EndMODULE  REF**

$MODULE REF**
footprint _GARRETTS_PARTS:VIA_0.3mm
attribut none
position 300.728200 178.704000  orientation 0.00
layer front
$PAD "1"
Shape Circle Layer both
position  0.000000  0.000000  size  0.500000  0.500000  orientation 0.00
drill  0.300000
shape_offset  0.000000  0.000000
$EndPAD
$EndMODULE  REF**

$MODULE REF**
footprint _GARRETTS_PARTS:VIA_0.3mm
attribut none
position 170.459700 144.410500  orientation 0.00
layer front
$PAD "1"
Shape Circle Layer both
position  0.000000  0.000000  size  0.500000  0.500000  orientation 0.00
drill  0.300000
shape_offset  0.000000  0.000000
$EndPAD
$EndMODULE  REF**

$MODULE REF**
footprint _GARRETTS_PARTS:VIA_0.3mm
attribut none
position 362.586700 147.110500  orientation 0.00
layer front
$PAD "1"
Shape Circle Layer both
position  0.000000  0.000000  size  0.500000  0.500000  orientation 0.00
drill  0.300000
shape_offset  0.000000  0.000000
$EndPAD
$EndMODULE  REF**

$MODULE REF**
footprint _GARRETTS_PARTS:VIA_0.3mm
attribut none
position 355.256700 148.920500  orientation 0.00
layer front
$PAD "1"
Shape Circle Layer both
position  0.000000  0.000000  size  0.500000  0.500000  orientation 0.00
drill  0.300000
shape_offset  0.000000  0.000000
$EndPAD
$EndMODULE  REF**

$MODULE REF**
footprint _GARRETTS_PARTS:VIA_0.3mm
attribut none
position 110.398200 180.519000  orientation 0.00
layer front
$PAD "1"
Shape Circle Layer both
position  0.000000  0.000000  size  0.500000  0.500000  orientation 0.00
drill  0.300000
shape_offset  0.000000  0.000000
$EndPAD
$EndMODULE  REF**

$MODULE REF**
footprint _GARRETTS_PARTS:VIA_0.3mm
attribut none
position 171.359700 148.010500  orientation 0.00
layer front
$PAD "1"
Shape Circle Layer both
position  0.000000  0.000000  size  0.500000  0.500000  orientation 0.00
drill  0.300000
shape_offset  0.000000  0.000000
$EndPAD
$EndMODULE  REF**

$MODULE REF**
footprint _GARRETTS_PARTS:VIA_0.3mm
attribut none
position 302.498200 145.304000  orientation 0.00
layer front
$PAD "1"
Shape Circle Layer both
position  0.000000  0.000000  size  0.500000  0.500000  orientation 0.00
drill  0.300000
shape_offset  0.000000  0.000000
$EndPAD
$EndMODULE  REF**

$MODULE REF**
footprint _GARRETTS_PARTS:VIA_0.3mm
attribut none
position 232.398200 176.014000  orientation 0.00
layer front
$PAD "1"
Shape Circle Layer both
position  0.000000  0.000000  size  0.500000  0.500000  orientation 0.00
drill  0.300000
shape_offset  0.000000  0.000000
$EndPAD
$EndMODULE  REF**

$MODULE REF**
footprint _GARRETTS_PARTS:VIA_0.3mm
attribut none
position 422.688950 145.299750  orientation 0.00
layer front
$PAD "1"
Shape Circle Layer both
position  0.000000  0.000000  size  0.500000  0.500000  orientation 0.00
drill  0.300000
shape_offset  0.000000  0.000000
$EndPAD
$EndMODULE  REF**

$MODULE REF**
footprint _GARRETTS_PARTS:VIA_0.3mm
attribut none
position 361.686700 146.210500  orientation 0.00
layer front
$PAD "1"
Shape Circle Layer both
position  0.000000  0.000000  size  0.500000  0.500000  orientation 0.00
drill  0.300000
shape_offset  0.000000  0.000000
$EndPAD
$EndMODULE  REF**

$MODULE REF**
footprint _GARRETTS_PARTS:VIA_0.3mm
attribut none
position 423.588950 144.399750  orientation 0.00
layer front
$PAD "1"
Shape Circle Layer both
position  0.000000  0.000000  size  0.500000  0.500000  orientation 0.00
drill  0.300000
shape_offset  0.000000  0.000000
$EndPAD
$EndMODULE  REF**

$MODULE REF**
footprint _GARRETTS_PARTS:VIA_0.3mm
attribut none
position 171.359700 144.410500  orientation 0.00
layer front
$PAD "1"
Shape Circle Layer both
position  0.000000  0.000000  size  0.500000  0.500000  orientation 0.00
drill  0.300000
shape_offset  0.000000  0.000000
$EndPAD
$EndMODULE  REF**

$MODULE REF**
footprint _GARRETTS_PARTS:VIA_0.3mm
attribut none
position 172.289700 179.610500  orientation 0.00
layer front
$PAD "1"
Shape Circle Layer both
position  0.000000  0.000000  size  0.500000  0.500000  orientation 0.00
drill  0.300000
shape_offset  0.000000  0.000000
$EndPAD
$EndMODULE  REF**

$MODULE REF**
footprint _GARRETTS_PARTS:VIA_0.3mm
attribut none
position 170.459700 147.110500  orientation 0.00
layer front
$PAD "1"
Shape Circle Layer both
position  0.000000  0.000000  size  0.500000  0.500000  orientation 0.00
drill  0.300000
shape_offset  0.000000  0.000000
$EndPAD
$EndMODULE  REF**

$MODULE REF**
footprint _GARRETTS_PARTS:VIA_0.3mm
attribut none
position 180.489700 145.300500  orientation 0.00
layer front
$PAD "1"
Shape Circle Layer both
position  0.000000  0.000000  size  0.500000  0.500000  orientation 0.00
drill  0.300000
shape_offset  0.000000  0.000000
$EndPAD
$EndMODULE  REF**

$MODULE REF**
footprint _GARRETTS_PARTS:VIA_0.3mm
attribut none
position 301.598200 145.304000  orientation 0.00
layer front
$PAD "1"
Shape Circle Layer both
position  0.000000  0.000000  size  0.500000  0.500000  orientation 0.00
drill  0.300000
shape_offset  0.000000  0.000000
$EndPAD
$EndMODULE  REF**

$MODULE REF**
footprint _GARRETTS_PARTS:VIA_0.3mm
attribut none
position 118.628200 176.009000  orientation 0.00
layer front
$PAD "1"
Shape Circle Layer both
position  0.000000  0.000000  size  0.500000  0.500000  orientation 0.00
drill  0.300000
shape_offset  0.000000  0.000000
$EndPAD
$EndMODULE  REF**

$MODULE REF**
footprint _GARRETTS_PARTS:VIA_0.3mm
attribut none
position 231.468200 145.314000  orientation 0.00
layer front
$PAD "1"
Shape Circle Layer both
position  0.000000  0.000000  size  0.500000  0.500000  orientation 0.00
drill  0.300000
shape_offset  0.000000  0.000000
$EndPAD
$EndMODULE  REF**

$MODULE REF**
footprint _GARRETTS_PARTS:VIA_0.3mm
attribut none
position 233.298200 178.714000  orientation 0.00
layer front
$PAD "1"
Shape Circle Layer both
position  0.000000  0.000000  size  0.500000  0.500000  orientation 0.00
drill  0.300000
shape_offset  0.000000  0.000000
$EndPAD
$EndMODULE  REF**

$MODULE REF**
footprint _GARRETTS_PARTS:VIA_0.3mm
attribut none
position 292.498200 176.914000  orientation 0.00
layer front
$PAD "1"
Shape Circle Layer both
position  0.000000  0.000000  size  0.500000  0.500000  orientation 0.00
drill  0.300000
shape_offset  0.000000  0.000000
$EndPAD
$EndMODULE  REF**

$MODULE REF**
footprint _GARRETTS_PARTS:VIA_0.3mm
attribut none
position 239.698200 146.204000  orientation 0.00
layer front
$PAD "1"
Shape Circle Layer both
position  0.000000  0.000000  size  0.500000  0.500000  orientation 0.00
drill  0.300000
shape_offset  0.000000  0.000000
$EndPAD
$EndMODULE  REF**

$MODULE REF**
footprint _GARRETTS_PARTS:VIA_0.3mm
attribut none
position 178.689700 148.000500  orientation 0.00
layer front
$PAD "1"
Shape Circle Layer both
position  0.000000  0.000000  size  0.500000  0.500000  orientation 0.00
drill  0.300000
shape_offset  0.000000  0.000000
$EndPAD
$EndMODULE  REF**

$MODULE REF**
footprint _GARRETTS_PARTS:VIA_0.3mm
attribut none
position 180.489700 148.900500  orientation 0.00
layer front
$PAD "1"
Shape Circle Layer both
position  0.000000  0.000000  size  0.500000  0.500000  orientation 0.00
drill  0.300000
shape_offset  0.000000  0.000000
$EndPAD
$EndMODULE  REF**

$MODULE REF**
footprint _GARRETTS_PARTS:VIA_0.3mm
attribut none
position 232.398200 177.814000  orientation 0.00
layer front
$PAD "1"
Shape Circle Layer both
position  0.000000  0.000000  size  0.500000  0.500000  orientation 0.00
drill  0.300000
shape_offset  0.000000  0.000000
$EndPAD
$EndMODULE  REF**

$MODULE REF**
footprint _GARRETTS_PARTS:VIA_0.3mm
attribut none
position 424.488950 148.899750  orientation 0.00
layer front
$PAD "1"
Shape Circle Layer both
position  0.000000  0.000000  size  0.500000  0.500000  orientation 0.00
drill  0.300000
shape_offset  0.000000  0.000000
$EndPAD
$EndMODULE  REF**

$MODULE REF**
footprint _GARRETTS_PARTS:VIA_0.3mm
attribut none
position 362.586700 144.410500  orientation 0.00
layer front
$PAD "1"
Shape Circle Layer both
position  0.000000  0.000000  size  0.500000  0.500000  orientation 0.00
drill  0.300000
shape_offset  0.000000  0.000000
$EndPAD
$EndMODULE  REF**

$MODULE REF**
footprint _GARRETTS_PARTS:VIA_0.3mm
attribut none
position 355.286700 177.820500  orientation 0.00
layer front
$PAD "1"
Shape Circle Layer both
position  0.000000  0.000000  size  0.500000  0.500000  orientation 0.00
drill  0.300000
shape_offset  0.000000  0.000000
$EndPAD
$EndMODULE  REF**

$MODULE REF**
footprint _GARRETTS_PARTS:VIA_0.3mm
attribut none
position 292.498200 176.014000  orientation 0.00
layer front
$PAD "1"
Shape Circle Layer both
position  0.000000  0.000000  size  0.500000  0.500000  orientation 0.00
drill  0.300000
shape_offset  0.000000  0.000000
$EndPAD
$EndMODULE  REF**

$MODULE REF**
footprint _GARRETTS_PARTS:VIA_0.3mm
attribut none
position 117.698200 148.009000  orientation 0.00
layer front
$PAD "1"
Shape Circle Layer both
position  0.000000  0.000000  size  0.500000  0.500000  orientation 0.00
drill  0.300000
shape_offset  0.000000  0.000000
$EndPAD
$EndMODULE  REF**

$MODULE REF**
footprint _GARRETTS_PARTS:VIA_0.3mm
attribut none
position 240.598200 148.004000  orientation 0.00
layer front
$PAD "1"
Shape Circle Layer both
position  0.000000  0.000000  size  0.500000  0.500000  orientation 0.00
drill  0.300000
shape_offset  0.000000  0.000000
$EndPAD
$EndMODULE  REF**

$MODULE REF**
footprint _GARRETTS_PARTS:VIA_0.3mm
attribut none
position 170.459700 146.210500  orientation 0.00
layer front
$PAD "1"
Shape Circle Layer both
position  0.000000  0.000000  size  0.500000  0.500000  orientation 0.00
drill  0.300000
shape_offset  0.000000  0.000000
$EndPAD
$EndMODULE  REF**

$MODULE REF**
footprint _GARRETTS_PARTS:VIA_0.3mm
attribut none
position 363.486700 146.210500  orientation 0.00
layer front
$PAD "1"
Shape Circle Layer both
position  0.000000  0.000000  size  0.500000  0.500000  orientation 0.00
drill  0.300000
shape_offset  0.000000  0.000000
$EndPAD
$EndMODULE  REF**

$MODULE REF**
footprint _GARRETTS_PARTS:VIA_0.3mm
attribut none
position 301.628200 179.604000  orientation 0.00
layer front
$PAD "1"
Shape Circle Layer both
position  0.000000  0.000000  size  0.500000  0.500000  orientation 0.00
drill  0.300000
shape_offset  0.000000  0.000000
$EndPAD
$EndMODULE  REF**

$MODULE REF**
footprint _GARRETTS_PARTS:VIA_0.3mm
attribut none
position 416.288950 180.509750  orientation 0.00
layer front
$PAD "1"
Shape Circle Layer both
position  0.000000  0.000000  size  0.500000  0.500000  orientation 0.00
drill  0.300000
shape_offset  0.000000  0.000000
$EndPAD
$EndMODULE  REF**

$MODULE REF**
footprint _GARRETTS_PARTS:VIA_0.3mm
attribut none
position 292.468200 148.914000  orientation 0.00
layer front
$PAD "1"
Shape Circle Layer both
position  0.000000  0.000000  size  0.500000  0.500000  orientation 0.00
drill  0.300000
shape_offset  0.000000  0.000000
$EndPAD
$EndMODULE  REF**

$MODULE REF**
footprint _GARRETTS_PARTS:VIA_0.3mm
attribut none
position 353.456700 147.120500  orientation 0.00
layer front
$PAD "1"
Shape Circle Layer both
position  0.000000  0.000000  size  0.500000  0.500000  orientation 0.00
drill  0.300000
shape_offset  0.000000  0.000000
$EndPAD
$EndMODULE  REF**

$MODULE REF**
footprint _GARRETTS_PARTS:VIA_0.3mm
attribut none
position 424.488950 144.399750  orientation 0.00
layer front
$PAD "1"
Shape Circle Layer both
position  0.000000  0.000000  size  0.500000  0.500000  orientation 0.00
drill  0.300000
shape_offset  0.000000  0.000000
$EndPAD
$EndMODULE  REF**

$MODULE REF**
footprint _GARRETTS_PARTS:VIA_0.3mm
attribut none
position 423.588950 146.199750  orientation 0.00
layer front
$PAD "1"
Shape Circle Layer both
position  0.000000  0.000000  size  0.500000  0.500000  orientation 0.00
drill  0.300000
shape_offset  0.000000  0.000000
$EndPAD
$EndMODULE  REF**

$MODULE REF**
footprint _GARRETTS_PARTS:VIA_0.3mm
attribut none
position 301.598200 148.004000  orientation 0.00
layer front
$PAD "1"
Shape Circle Layer both
position  0.000000  0.000000  size  0.500000  0.500000  orientation 0.00
drill  0.300000
shape_offset  0.000000  0.000000
$EndPAD
$EndMODULE  REF**

$MODULE REF**
footprint _GARRETTS_PARTS:VIA_0.3mm
attribut none
position 361.686700 148.910500  orientation 0.00
layer front
$PAD "1"
Shape Circle Layer both
position  0.000000  0.000000  size  0.500000  0.500000  orientation 0.00
drill  0.300000
shape_offset  0.000000  0.000000
$EndPAD
$EndMODULE  REF**

$MODULE REF**
footprint _GARRETTS_PARTS:VIA_0.3mm
attribut none
position 117.728200 178.709000  orientation 0.00
layer front
$PAD "1"
Shape Circle Layer both
position  0.000000  0.000000  size  0.500000  0.500000  orientation 0.00
drill  0.300000
shape_offset  0.000000  0.000000
$EndPAD
$EndMODULE  REF**

$MODULE REF**
footprint _GARRETTS_PARTS:VIA_0.3mm
attribut none
position 117.728200 177.809000  orientation 0.00
layer front
$PAD "1"
Shape Circle Layer both
position  0.000000  0.000000  size  0.500000  0.500000  orientation 0.00
drill  0.300000
shape_offset  0.000000  0.000000
$EndPAD
$EndMODULE  REF**

$MODULE REF**
footprint _GARRETTS_PARTS:VIA_0.3mm
attribut none
position 353.486700 176.920500  orientation 0.00
layer front
$PAD "1"
Shape Circle Layer both
position  0.000000  0.000000  size  0.500000  0.500000  orientation 0.00
drill  0.300000
shape_offset  0.000000  0.000000
$EndPAD
$EndMODULE  REF**

$MODULE REF**
footprint _GARRETTS_PARTS:VIA_0.3mm
attribut none
position 363.516700 178.710500  orientation 0.00
layer front
$PAD "1"
Shape Circle Layer both
position  0.000000  0.000000  size  0.500000  0.500000  orientation 0.00
drill  0.300000
shape_offset  0.000000  0.000000
$EndPAD
$EndMODULE  REF**

$MODULE REF**
footprint _GARRETTS_PARTS:VIA_0.3mm
attribut none
position 171.389700 180.510500  orientation 0.00
layer front
$PAD "1"
Shape Circle Layer both
position  0.000000  0.000000  size  0.500000  0.500000  orientation 0.00
drill  0.300000
shape_offset  0.000000  0.000000
$EndPAD
$EndMODULE  REF**

$MODULE REF**
footprint _GARRETTS_PARTS:VIA_0.3mm
attribut none
position 109.498200 177.819000  orientation 0.00
layer front
$PAD "1"
Shape Circle Layer both
position  0.000000  0.000000  size  0.500000  0.500000  orientation 0.00
drill  0.300000
shape_offset  0.000000  0.000000
$EndPAD
$EndMODULE  REF**

$MODULE REF**
footprint _GARRETTS_PARTS:VIA_0.3mm
attribut none
position 362.616700 176.010500  orientation 0.00
layer front
$PAD "1"
Shape Circle Layer both
position  0.000000  0.000000  size  0.500000  0.500000  orientation 0.00
drill  0.300000
shape_offset  0.000000  0.000000
$EndPAD
$EndMODULE  REF**

$MODULE REF**
footprint _GARRETTS_PARTS:VIA_0.3mm
attribut none
position 301.598200 146.204000  orientation 0.00
layer front
$PAD "1"
Shape Circle Layer both
position  0.000000  0.000000  size  0.500000  0.500000  orientation 0.00
drill  0.300000
shape_offset  0.000000  0.000000
$EndPAD
$EndMODULE  REF**

$MODULE REF**
footprint _GARRETTS_PARTS:VIA_0.3mm
attribut none
position 109.498200 179.619000  orientation 0.00
layer front
$PAD "1"
Shape Circle Layer both
position  0.000000  0.000000  size  0.500000  0.500000  orientation 0.00
drill  0.300000
shape_offset  0.000000  0.000000
$EndPAD
$EndMODULE  REF**

$MODULE REF**
footprint _GARRETTS_PARTS:VIA_0.3mm
attribut none
position 232.368200 148.014000  orientation 0.00
layer front
$PAD "1"
Shape Circle Layer both
position  0.000000  0.000000  size  0.500000  0.500000  orientation 0.00
drill  0.300000
shape_offset  0.000000  0.000000
$EndPAD
$EndMODULE  REF**

$MODULE REF**
footprint _GARRETTS_PARTS:VIA_0.3mm
attribut none
position 415.358950 145.309750  orientation 0.00
layer front
$PAD "1"
Shape Circle Layer both
position  0.000000  0.000000  size  0.500000  0.500000  orientation 0.00
drill  0.300000
shape_offset  0.000000  0.000000
$EndPAD
$EndMODULE  REF**

$MODULE REF**
footprint _GARRETTS_PARTS:VIA_0.3mm
attribut none
position 355.286700 176.020500  orientation 0.00
layer front
$PAD "1"
Shape Circle Layer both
position  0.000000  0.000000  size  0.500000  0.500000  orientation 0.00
drill  0.300000
shape_offset  0.000000  0.000000
$EndPAD
$EndMODULE  REF**

$MODULE REF**
footprint _GARRETTS_PARTS:VIA_0.3mm
attribut none
position 180.519700 177.800500  orientation 0.00
layer front
$PAD "1"
Shape Circle Layer both
position  0.000000  0.000000  size  0.500000  0.500000  orientation 0.00
drill  0.300000
shape_offset  0.000000  0.000000
$EndPAD
$EndMODULE  REF**

$MODULE REF**
footprint _GARRETTS_PARTS:VIA_0.3mm
attribut none
position 117.728200 176.909000  orientation 0.00
layer front
$PAD "1"
Shape Circle Layer both
position  0.000000  0.000000  size  0.500000  0.500000  orientation 0.00
drill  0.300000
shape_offset  0.000000  0.000000
$EndPAD
$EndMODULE  REF**

$MODULE REF**
footprint _GARRETTS_PARTS:VIA_0.3mm
attribut none
position 423.588950 145.299750  orientation 0.00
layer front
$PAD "1"
Shape Circle Layer both
position  0.000000  0.000000  size  0.500000  0.500000  orientation 0.00
drill  0.300000
shape_offset  0.000000  0.000000
$EndPAD
$EndMODULE  REF**

$MODULE REF**
footprint _GARRETTS_PARTS:VIA_0.3mm
attribut none
position 416.288950 179.609750  orientation 0.00
layer front
$PAD "1"
Shape Circle Layer both
position  0.000000  0.000000  size  0.500000  0.500000  orientation 0.00
drill  0.300000
shape_offset  0.000000  0.000000
$EndPAD
$EndMODULE  REF**

$MODULE RIO_AIO_CONN1
footprint Smart_Tank:50-PIN_HEADER_2mm
attribut none
position 412.588200 287.655000  orientation 90.00
layer front
$PAD "1"
Shape Circle Layer both
position  0.000000  0.000000  size  1.300000  1.300000  orientation 0.00
drill  0.800000
shape_offset  0.000000  0.000000
$EndPAD
$PAD "2"
Shape Circle Layer both
position  0.000000 -2.000000  size  1.300000  1.300000  orientation 0.00
drill  0.800000
shape_offset  0.000000  0.000000
$EndPAD
$PAD "3"
Shape Circle Layer both
position  2.000000  0.000000  size  1.300000  1.300000  orientation 0.00
drill  0.800000
shape_offset  0.000000  0.000000
$EndPAD
$PAD "4"
Shape Circle Layer both
position  2.000000 -2.000000  size  1.300000  1.300000  orientation 0.00
drill  0.800000
shape_offset  0.000000  0.000000
$EndPAD
$PAD "5"
Shape Circle Layer both
position  4.000000  0.000000  size  1.300000  1.300000  orientation 0.00
drill  0.800000
shape_offset  0.000000  0.000000
$EndPAD
$PAD "6"
Shape Circle Layer both
position  4.000000 -2.000000  size  1.300000  1.300000  orientation 0.00
drill  0.800000
shape_offset  0.000000  0.000000
$EndPAD
$PAD "7"
Shape Circle Layer both
position  6.000000  0.000000  size  1.300000  1.300000  orientation 0.00
drill  0.800000
shape_offset  0.000000  0.000000
$EndPAD
$PAD "8"
Shape Circle Layer both
position  6.000000 -2.000000  size  1.300000  1.300000  orientation 0.00
drill  0.800000
shape_offset  0.000000  0.000000
$EndPAD
$PAD "9"
Shape Circle Layer both
position  8.000000  0.000000  size  1.300000  1.300000  orientation 0.00
drill  0.800000
shape_offset  0.000000  0.000000
$EndPAD
$PAD "10"
Shape Circle Layer both
position  8.000000 -2.000000  size  1.300000  1.300000  orientation 0.00
drill  0.800000
shape_offset  0.000000  0.000000
$EndPAD
$PAD "11"
Shape Circle Layer both
position 10.000000  0.000000  size  1.300000  1.300000  orientation 0.00
drill  0.800000
shape_offset  0.000000  0.000000
$EndPAD
$PAD "12"
Shape Circle Layer both
position 10.000000 -2.000000  size  1.300000  1.300000  orientation 0.00
drill  0.800000
shape_offset  0.000000  0.000000
$EndPAD
$PAD "13"
Shape Circle Layer both
position 12.000000  0.000000  size  1.300000  1.300000  orientation 0.00
drill  0.800000
shape_offset  0.000000  0.000000
$EndPAD
$PAD "14"
Shape Circle Layer both
position 12.000000 -2.000000  size  1.300000  1.300000  orientation 0.00
drill  0.800000
shape_offset  0.000000  0.000000
$EndPAD
$PAD "15"
Shape Circle Layer both
position 14.000000  0.000000  size  1.300000  1.300000  orientation 0.00
drill  0.800000
shape_offset  0.000000  0.000000
$EndPAD
$PAD "16"
Shape Circle Layer both
position 14.000000 -2.000000  size  1.300000  1.300000  orientation 0.00
drill  0.800000
shape_offset  0.000000  0.000000
$EndPAD
$PAD "17"
Shape Circle Layer both
position 16.000000  0.000000  size  1.300000  1.300000  orientation 0.00
drill  0.800000
shape_offset  0.000000  0.000000
$EndPAD
$PAD "18"
Shape Circle Layer both
position 16.000000 -2.000000  size  1.300000  1.300000  orientation 0.00
drill  0.800000
shape_offset  0.000000  0.000000
$EndPAD
$PAD "19"
Shape Circle Layer both
position 18.000000  0.000000  size  1.300000  1.300000  orientation 0.00
drill  0.800000
shape_offset  0.000000  0.000000
$EndPAD
$PAD "20"
Shape Circle Layer both
position 18.000000 -2.000000  size  1.300000  1.300000  orientation 0.00
drill  0.800000
shape_offset  0.000000  0.000000
$EndPAD
$PAD "21"
Shape Circle Layer both
position 20.000000  0.000000  size  1.300000  1.300000  orientation 0.00
drill  0.800000
shape_offset  0.000000  0.000000
$EndPAD
$PAD "22"
Shape Circle Layer both
position 20.000000 -2.000000  size  1.300000  1.300000  orientation 0.00
drill  0.800000
shape_offset  0.000000  0.000000
$EndPAD
$PAD "23"
Shape Circle Layer both
position 22.000000  0.000000  size  1.300000  1.300000  orientation 0.00
drill  0.800000
shape_offset  0.000000  0.000000
$EndPAD
$PAD "24"
Shape Circle Layer both
position 22.000000 -2.000000  size  1.300000  1.300000  orientation 0.00
drill  0.800000
shape_offset  0.000000  0.000000
$EndPAD
$PAD "25"
Shape Circle Layer both
position 24.000000  0.000000  size  1.300000  1.300000  orientation 0.00
drill  0.800000
shape_offset  0.000000  0.000000
$EndPAD
$PAD "26"
Shape Circle Layer both
position 24.000000 -2.000000  size  1.300000  1.300000  orientation 0.00
drill  0.800000
shape_offset  0.000000  0.000000
$EndPAD
$PAD "27"
Shape Circle Layer both
position 26.000000  0.000000  size  1.300000  1.300000  orientation 0.00
drill  0.800000
shape_offset  0.000000  0.000000
$EndPAD
$PAD "28"
Shape Circle Layer both
position 26.000000 -2.000000  size  1.300000  1.300000  orientation 0.00
drill  0.800000
shape_offset  0.000000  0.000000
$EndPAD
$PAD "29"
Shape Circle Layer both
position 28.000000  0.000000  size  1.300000  1.300000  orientation 0.00
drill  0.800000
shape_offset  0.000000  0.000000
$EndPAD
$PAD "30"
Shape Circle Layer both
position 28.000000 -2.000000  size  1.300000  1.300000  orientation 0.00
drill  0.800000
shape_offset  0.000000  0.000000
$EndPAD
$PAD "31"
Shape Circle Layer both
position 30.000000  0.000000  size  1.300000  1.300000  orientation 0.00
drill  0.800000
shape_offset  0.000000  0.000000
$EndPAD
$PAD "32"
Shape Circle Layer both
position 30.000000 -2.000000  size  1.300000  1.300000  orientation 0.00
drill  0.800000
shape_offset  0.000000  0.000000
$EndPAD
$PAD "33"
Shape Circle Layer both
position 32.000000  0.000000  size  1.300000  1.300000  orientation 0.00
drill  0.800000
shape_offset  0.000000  0.000000
$EndPAD
$PAD "34"
Shape Circle Layer both
position 32.000000 -2.000000  size  1.300000  1.300000  orientation 0.00
drill  0.800000
shape_offset  0.000000  0.000000
$EndPAD
$PAD "35"
Shape Circle Layer both
position 34.000000  0.000000  size  1.300000  1.300000  orientation 0.00
drill  0.800000
shape_offset  0.000000  0.000000
$EndPAD
$PAD "36"
Shape Circle Layer both
position 34.000000 -2.000000  size  1.300000  1.300000  orientation 0.00
drill  0.800000
shape_offset  0.000000  0.000000
$EndPAD
$PAD "37"
Shape Circle Layer both
position 36.000000  0.000000  size  1.300000  1.300000  orientation 0.00
drill  0.800000
shape_offset  0.000000  0.000000
$EndPAD
$PAD "38"
Shape Circle Layer both
position 36.000000 -2.000000  size  1.300000  1.300000  orientation 0.00
drill  0.800000
shape_offset  0.000000  0.000000
$EndPAD
$PAD "39"
Shape Circle Layer both
position 38.000000  0.000000  size  1.300000  1.300000  orientation 0.00
drill  0.800000
shape_offset  0.000000  0.000000
$EndPAD
$PAD "40"
Shape Circle Layer both
position 38.000000 -2.000000  size  1.300000  1.300000  orientation 0.00
drill  0.800000
shape_offset  0.000000  0.000000
$EndPAD
$PAD "41"
Shape Circle Layer both
position 40.000000  0.000000  size  1.300000  1.300000  orientation 0.00
drill  0.800000
shape_offset  0.000000  0.000000
$EndPAD
$PAD "42"
Shape Circle Layer both
position 40.000000 -2.000000  size  1.300000  1.300000  orientation 0.00
drill  0.800000
shape_offset  0.000000  0.000000
$EndPAD
$PAD "43"
Shape Circle Layer both
position 42.000000  0.000000  size  1.300000  1.300000  orientation 0.00
drill  0.800000
shape_offset  0.000000  0.000000
$EndPAD
$PAD "44"
Shape Circle Layer both
position 42.000000 -2.000000  size  1.300000  1.300000  orientation 0.00
drill  0.800000
shape_offset  0.000000  0.000000
$EndPAD
$PAD "45"
Shape Circle Layer both
position 44.000000  0.000000  size  1.300000  1.300000  orientation 0.00
drill  0.800000
shape_offset  0.000000  0.000000
$EndPAD
$PAD "46"
Shape Circle Layer both
position 44.000000 -2.000000  size  1.300000  1.300000  orientation 0.00
drill  0.800000
shape_offset  0.000000  0.000000
$EndPAD
$PAD "47"
Shape Circle Layer both
position 46.000000  0.000000  size  1.300000  1.300000  orientation 0.00
drill  0.800000
shape_offset  0.000000  0.000000
$EndPAD
$PAD "48"
Shape Circle Layer both
position 46.000000 -2.000000  size  1.300000  1.300000  orientation 0.00
drill  0.800000
shape_offset  0.000000  0.000000
$EndPAD
$PAD "49"
Shape Circle Layer both
position 48.000000  0.000000  size  1.300000  1.300000  orientation 0.00
drill  0.800000
shape_offset  0.000000  0.000000
$EndPAD
$PAD "50"
Shape Circle Layer both
position 48.000000 -2.000000  size  1.300000  1.300000  orientation 0.00
drill  0.800000
shape_offset  0.000000  0.000000
$EndPAD
$EndMODULE  RIO_AIO_CONN1

$MODULE RIO_PWR_CONN1
footprint Smart_Tank:PHNX_TB_SCREW_2_POS_(1729128)
attribut none
position 335.308200 159.329000  orientation 0.00
layer front
$PAD "1"
Shape Circle Layer both
position  0.000000  0.000000  size  2.000000  2.000000  orientation 0.00
drill  1.300000
shape_offset  0.000000  0.000000
$EndPAD
$PAD "2"
Shape Circle Layer both
position  5.080000  0.000000  size  2.000000  2.000000  orientation 0.00
drill  1.300000
shape_offset  0.000000  0.000000
$EndPAD
$EndMODULE  RIO_PWR_CONN1

$MODULE RMC_CONN1
footprint Smart_Tank:SAMTEC_CONN_(SEAM-40-03.0-S-06-2-A-K-TR)
attribut none
position 290.058200 299.950000  orientation 180.00
layer front
$PAD ""
Shape Circle Layer both
position -27.190000  3.050000  size  1.270000  1.270000  orientation 0.00
drill  1.270000
shape_offset  0.000000  0.000000
$EndPAD
$PAD ""
Shape Circle Layer both
position 27.190000  0.000000  size  1.270000  1.270000  orientation 0.00
drill  1.270000
shape_offset  0.000000  0.000000
$EndPAD
$PAD "1"
Shape Circle Layer front
position 24.765000 -3.175000  size  0.640000  0.640000  orientation 0.00
drill  0.000000
shape_offset  0.000000  0.000000
$EndPAD
$PAD "2"
Shape Circle Layer front
position 24.765000 -1.905000  size  0.640000  0.640000  orientation 0.00
drill  0.000000
shape_offset  0.000000  0.000000
$EndPAD
$PAD "3"
Shape Circle Layer front
position 24.765000 -0.635000  size  0.640000  0.640000  orientation 0.00
drill  0.000000
shape_offset  0.000000  0.000000
$EndPAD
$PAD "4"
Shape Circle Layer front
position 24.765000  0.635000  size  0.640000  0.640000  orientation 0.00
drill  0.000000
shape_offset  0.000000  0.000000
$EndPAD
$PAD "5"
Shape Circle Layer front
position 24.765000  1.905000  size  0.640000  0.640000  orientation 0.00
drill  0.000000
shape_offset  0.000000  0.000000
$EndPAD
$PAD "6"
Shape Circle Layer front
position 24.765000  3.175000  size  0.640000  0.640000  orientation 0.00
drill  0.000000
shape_offset  0.000000  0.000000
$EndPAD
$PAD "7"
Shape Circle Layer front
position 23.495000 -3.175000  size  0.640000  0.640000  orientation 0.00
drill  0.000000
shape_offset  0.000000  0.000000
$EndPAD
$PAD "8"
Shape Circle Layer front
position 23.495000 -1.905000  size  0.640000  0.640000  orientation 0.00
drill  0.000000
shape_offset  0.000000  0.000000
$EndPAD
$PAD "9"
Shape Circle Layer front
position 23.495000 -0.635000  size  0.640000  0.640000  orientation 0.00
drill  0.000000
shape_offset  0.000000  0.000000
$EndPAD
$PAD "10"
Shape Circle Layer front
position 23.495000  0.635000  size  0.640000  0.640000  orientation 0.00
drill  0.000000
shape_offset  0.000000  0.000000
$EndPAD
$PAD "11"
Shape Circle Layer front
position 23.495000  1.905000  size  0.640000  0.640000  orientation 0.00
drill  0.000000
shape_offset  0.000000  0.000000
$EndPAD
$PAD "12"
Shape Circle Layer front
position 23.495000  3.175000  size  0.640000  0.640000  orientation 0.00
drill  0.000000
shape_offset  0.000000  0.000000
$EndPAD
$PAD "13"
Shape Circle Layer front
position 22.225000 -3.175000  size  0.640000  0.640000  orientation 0.00
drill  0.000000
shape_offset  0.000000  0.000000
$EndPAD
$PAD "14"
Shape Circle Layer front
position 22.225000 -1.905000  size  0.640000  0.640000  orientation 0.00
drill  0.000000
shape_offset  0.000000  0.000000
$EndPAD
$PAD "15"
Shape Circle Layer front
position 22.225000 -0.635000  size  0.640000  0.640000  orientation 0.00
drill  0.000000
shape_offset  0.000000  0.000000
$EndPAD
$PAD "16"
Shape Circle Layer front
position 22.225000  0.635000  size  0.640000  0.640000  orientation 0.00
drill  0.000000
shape_offset  0.000000  0.000000
$EndPAD
$PAD "17"
Shape Circle Layer front
position 22.225000  1.905000  size  0.640000  0.640000  orientation 0.00
drill  0.000000
shape_offset  0.000000  0.000000
$EndPAD
$PAD "18"
Shape Circle Layer front
position 22.225000  3.175000  size  0.640000  0.640000  orientation 0.00
drill  0.000000
shape_offset  0.000000  0.000000
$EndPAD
$PAD "19"
Shape Circle Layer front
position 20.955000 -3.175000  size  0.640000  0.640000  orientation 0.00
drill  0.000000
shape_offset  0.000000  0.000000
$EndPAD
$PAD "20"
Shape Circle Layer front
position 20.955000 -1.905000  size  0.640000  0.640000  orientation 0.00
drill  0.000000
shape_offset  0.000000  0.000000
$EndPAD
$PAD "21"
Shape Circle Layer front
position 20.955000 -0.635000  size  0.640000  0.640000  orientation 0.00
drill  0.000000
shape_offset  0.000000  0.000000
$EndPAD
$PAD "22"
Shape Circle Layer front
position 20.955000  0.635000  size  0.640000  0.640000  orientation 0.00
drill  0.000000
shape_offset  0.000000  0.000000
$EndPAD
$PAD "23"
Shape Circle Layer front
position 20.955000  1.905000  size  0.640000  0.640000  orientation 0.00
drill  0.000000
shape_offset  0.000000  0.000000
$EndPAD
$PAD "24"
Shape Circle Layer front
position 20.955000  3.175000  size  0.640000  0.640000  orientation 0.00
drill  0.000000
shape_offset  0.000000  0.000000
$EndPAD
$PAD "25"
Shape Circle Layer front
position 19.685000 -3.175000  size  0.640000  0.640000  orientation 0.00
drill  0.000000
shape_offset  0.000000  0.000000
$EndPAD
$PAD "26"
Shape Circle Layer front
position 19.685000 -1.905000  size  0.640000  0.640000  orientation 0.00
drill  0.000000
shape_offset  0.000000  0.000000
$EndPAD
$PAD "27"
Shape Circle Layer front
position 19.685000 -0.635000  size  0.640000  0.640000  orientation 0.00
drill  0.000000
shape_offset  0.000000  0.000000
$EndPAD
$PAD "28"
Shape Circle Layer front
position 19.685000  0.635000  size  0.640000  0.640000  orientation 0.00
drill  0.000000
shape_offset  0.000000  0.000000
$EndPAD
$PAD "29"
Shape Circle Layer front
position 19.685000  1.905000  size  0.640000  0.640000  orientation 0.00
drill  0.000000
shape_offset  0.000000  0.000000
$EndPAD
$PAD "30"
Shape Circle Layer front
position 19.685000  3.175000  size  0.640000  0.640000  orientation 0.00
drill  0.000000
shape_offset  0.000000  0.000000
$EndPAD
$PAD "31"
Shape Circle Layer front
position 18.415000 -3.175000  size  0.640000  0.640000  orientation 0.00
drill  0.000000
shape_offset  0.000000  0.000000
$EndPAD
$PAD "32"
Shape Circle Layer front
position 18.415000 -1.905000  size  0.640000  0.640000  orientation 0.00
drill  0.000000
shape_offset  0.000000  0.000000
$EndPAD
$PAD "33"
Shape Circle Layer front
position 18.415000 -0.635000  size  0.640000  0.640000  orientation 0.00
drill  0.000000
shape_offset  0.000000  0.000000
$EndPAD
$PAD "34"
Shape Circle Layer front
position 18.415000  0.635000  size  0.640000  0.640000  orientation 0.00
drill  0.000000
shape_offset  0.000000  0.000000
$EndPAD
$PAD "35"
Shape Circle Layer front
position 18.415000  1.905000  size  0.640000  0.640000  orientation 0.00
drill  0.000000
shape_offset  0.000000  0.000000
$EndPAD
$PAD "36"
Shape Circle Layer front
position 18.415000  3.175000  size  0.640000  0.640000  orientation 0.00
drill  0.000000
shape_offset  0.000000  0.000000
$EndPAD
$PAD "37"
Shape Circle Layer front
position 17.145000 -3.175000  size  0.640000  0.640000  orientation 0.00
drill  0.000000
shape_offset  0.000000  0.000000
$EndPAD
$PAD "38"
Shape Circle Layer front
position 17.145000 -1.905000  size  0.640000  0.640000  orientation 0.00
drill  0.000000
shape_offset  0.000000  0.000000
$EndPAD
$PAD "39"
Shape Circle Layer front
position 17.145000 -0.635000  size  0.640000  0.640000  orientation 0.00
drill  0.000000
shape_offset  0.000000  0.000000
$EndPAD
$PAD "40"
Shape Circle Layer front
position 17.145000  0.635000  size  0.640000  0.640000  orientation 0.00
drill  0.000000
shape_offset  0.000000  0.000000
$EndPAD
$PAD "41"
Shape Circle Layer front
position 17.145000  1.905000  size  0.640000  0.640000  orientation 0.00
drill  0.000000
shape_offset  0.000000  0.000000
$EndPAD
$PAD "42"
Shape Circle Layer front
position 17.145000  3.175000  size  0.640000  0.640000  orientation 0.00
drill  0.000000
shape_offset  0.000000  0.000000
$EndPAD
$PAD "43"
Shape Circle Layer front
position 15.875000 -3.175000  size  0.640000  0.640000  orientation 0.00
drill  0.000000
shape_offset  0.000000  0.000000
$EndPAD
$PAD "44"
Shape Circle Layer front
position 15.875000 -1.905000  size  0.640000  0.640000  orientation 0.00
drill  0.000000
shape_offset  0.000000  0.000000
$EndPAD
$PAD "45"
Shape Circle Layer front
position 15.875000 -0.635000  size  0.640000  0.640000  orientation 0.00
drill  0.000000
shape_offset  0.000000  0.000000
$EndPAD
$PAD "46"
Shape Circle Layer front
position 15.875000  0.635000  size  0.640000  0.640000  orientation 0.00
drill  0.000000
shape_offset  0.000000  0.000000
$EndPAD
$PAD "47"
Shape Circle Layer front
position 15.875000  1.905000  size  0.640000  0.640000  orientation 0.00
drill  0.000000
shape_offset  0.000000  0.000000
$EndPAD
$PAD "48"
Shape Circle Layer front
position 15.875000  3.175000  size  0.640000  0.640000  orientation 0.00
drill  0.000000
shape_offset  0.000000  0.000000
$EndPAD
$PAD "49"
Shape Circle Layer front
position 14.605000 -3.175000  size  0.640000  0.640000  orientation 0.00
drill  0.000000
shape_offset  0.000000  0.000000
$EndPAD
$PAD "50"
Shape Circle Layer front
position 14.605000 -1.905000  size  0.640000  0.640000  orientation 0.00
drill  0.000000
shape_offset  0.000000  0.000000
$EndPAD
$PAD "51"
Shape Circle Layer front
position 14.605000 -0.635000  size  0.640000  0.640000  orientation 0.00
drill  0.000000
shape_offset  0.000000  0.000000
$EndPAD
$PAD "52"
Shape Circle Layer front
position 14.605000  0.635000  size  0.640000  0.640000  orientation 0.00
drill  0.000000
shape_offset  0.000000  0.000000
$EndPAD
$PAD "53"
Shape Circle Layer front
position 14.605000  1.905000  size  0.640000  0.640000  orientation 0.00
drill  0.000000
shape_offset  0.000000  0.000000
$EndPAD
$PAD "54"
Shape Circle Layer front
position 14.605000  3.175000  size  0.640000  0.640000  orientation 0.00
drill  0.000000
shape_offset  0.000000  0.000000
$EndPAD
$PAD "55"
Shape Circle Layer front
position 13.335000 -3.175000  size  0.640000  0.640000  orientation 0.00
drill  0.000000
shape_offset  0.000000  0.000000
$EndPAD
$PAD "56"
Shape Circle Layer front
position 13.335000 -1.905000  size  0.640000  0.640000  orientation 0.00
drill  0.000000
shape_offset  0.000000  0.000000
$EndPAD
$PAD "57"
Shape Circle Layer front
position 13.335000 -0.635000  size  0.640000  0.640000  orientation 0.00
drill  0.000000
shape_offset  0.000000  0.000000
$EndPAD
$PAD "58"
Shape Circle Layer front
position 13.335000  0.635000  size  0.640000  0.640000  orientation 0.00
drill  0.000000
shape_offset  0.000000  0.000000
$EndPAD
$PAD "59"
Shape Circle Layer front
position 13.335000  1.905000  size  0.640000  0.640000  orientation 0.00
drill  0.000000
shape_offset  0.000000  0.000000
$EndPAD
$PAD "60"
Shape Circle Layer front
position 13.335000  3.175000  size  0.640000  0.640000  orientation 0.00
drill  0.000000
shape_offset  0.000000  0.000000
$EndPAD
$PAD "61"
Shape Circle Layer front
position 12.065000 -3.175000  size  0.640000  0.640000  orientation 0.00
drill  0.000000
shape_offset  0.000000  0.000000
$EndPAD
$PAD "62"
Shape Circle Layer front
position 12.065000 -1.905000  size  0.640000  0.640000  orientation 0.00
drill  0.000000
shape_offset  0.000000  0.000000
$EndPAD
$PAD "63"
Shape Circle Layer front
position 12.065000 -0.635000  size  0.640000  0.640000  orientation 0.00
drill  0.000000
shape_offset  0.000000  0.000000
$EndPAD
$PAD "64"
Shape Circle Layer front
position 12.065000  0.635000  size  0.640000  0.640000  orientation 0.00
drill  0.000000
shape_offset  0.000000  0.000000
$EndPAD
$PAD "65"
Shape Circle Layer front
position 12.065000  1.905000  size  0.640000  0.640000  orientation 0.00
drill  0.000000
shape_offset  0.000000  0.000000
$EndPAD
$PAD "66"
Shape Circle Layer front
position 12.065000  3.175000  size  0.640000  0.640000  orientation 0.00
drill  0.000000
shape_offset  0.000000  0.000000
$EndPAD
$PAD "67"
Shape Circle Layer front
position 10.795000 -3.175000  size  0.640000  0.640000  orientation 0.00
drill  0.000000
shape_offset  0.000000  0.000000
$EndPAD
$PAD "68"
Shape Circle Layer front
position 10.795000 -1.905000  size  0.640000  0.640000  orientation 0.00
drill  0.000000
shape_offset  0.000000  0.000000
$EndPAD
$PAD "69"
Shape Circle Layer front
position 10.795000 -0.635000  size  0.640000  0.640000  orientation 0.00
drill  0.000000
shape_offset  0.000000  0.000000
$EndPAD
$PAD "70"
Shape Circle Layer front
position 10.795000  0.635000  size  0.640000  0.640000  orientation 0.00
drill  0.000000
shape_offset  0.000000  0.000000
$EndPAD
$PAD "71"
Shape Circle Layer front
position 10.795000  1.905000  size  0.640000  0.640000  orientation 0.00
drill  0.000000
shape_offset  0.000000  0.000000
$EndPAD
$PAD "72"
Shape Circle Layer front
position 10.795000  3.175000  size  0.640000  0.640000  orientation 0.00
drill  0.000000
shape_offset  0.000000  0.000000
$EndPAD
$PAD "73"
Shape Circle Layer front
position  9.525000 -3.175000  size  0.640000  0.640000  orientation 0.00
drill  0.000000
shape_offset  0.000000  0.000000
$EndPAD
$PAD "74"
Shape Circle Layer front
position  9.525000 -1.905000  size  0.640000  0.640000  orientation 0.00
drill  0.000000
shape_offset  0.000000  0.000000
$EndPAD
$PAD "75"
Shape Circle Layer front
position  9.525000 -0.635000  size  0.640000  0.640000  orientation 0.00
drill  0.000000
shape_offset  0.000000  0.000000
$EndPAD
$PAD "76"
Shape Circle Layer front
position  9.525000  0.635000  size  0.640000  0.640000  orientation 0.00
drill  0.000000
shape_offset  0.000000  0.000000
$EndPAD
$PAD "77"
Shape Circle Layer front
position  9.525000  1.905000  size  0.640000  0.640000  orientation 0.00
drill  0.000000
shape_offset  0.000000  0.000000
$EndPAD
$PAD "78"
Shape Circle Layer front
position  9.525000  3.175000  size  0.640000  0.640000  orientation 0.00
drill  0.000000
shape_offset  0.000000  0.000000
$EndPAD
$PAD "79"
Shape Circle Layer front
position  8.255000 -3.175000  size  0.640000  0.640000  orientation 0.00
drill  0.000000
shape_offset  0.000000  0.000000
$EndPAD
$PAD "80"
Shape Circle Layer front
position  8.255000 -1.905000  size  0.640000  0.640000  orientation 0.00
drill  0.000000
shape_offset  0.000000  0.000000
$EndPAD
$PAD "81"
Shape Circle Layer front
position  8.255000 -0.635000  size  0.640000  0.640000  orientation 0.00
drill  0.000000
shape_offset  0.000000  0.000000
$EndPAD
$PAD "82"
Shape Circle Layer front
position  8.255000  0.635000  size  0.640000  0.640000  orientation 0.00
drill  0.000000
shape_offset  0.000000  0.000000
$EndPAD
$PAD "83"
Shape Circle Layer front
position  8.255000  1.905000  size  0.640000  0.640000  orientation 0.00
drill  0.000000
shape_offset  0.000000  0.000000
$EndPAD
$PAD "84"
Shape Circle Layer front
position  8.255000  3.175000  size  0.640000  0.640000  orientation 0.00
drill  0.000000
shape_offset  0.000000  0.000000
$EndPAD
$PAD "85"
Shape Circle Layer front
position  6.985000 -3.175000  size  0.640000  0.640000  orientation 0.00
drill  0.000000
shape_offset  0.000000  0.000000
$EndPAD
$PAD "86"
Shape Circle Layer front
position  6.985000 -1.905000  size  0.640000  0.640000  orientation 0.00
drill  0.000000
shape_offset  0.000000  0.000000
$EndPAD
$PAD "87"
Shape Circle Layer front
position  6.985000 -0.635000  size  0.640000  0.640000  orientation 0.00
drill  0.000000
shape_offset  0.000000  0.000000
$EndPAD
$PAD "88"
Shape Circle Layer front
position  6.985000  0.635000  size  0.640000  0.640000  orientation 0.00
drill  0.000000
shape_offset  0.000000  0.000000
$EndPAD
$PAD "89"
Shape Circle Layer front
position  6.985000  1.905000  size  0.640000  0.640000  orientation 0.00
drill  0.000000
shape_offset  0.000000  0.000000
$EndPAD
$PAD "90"
Shape Circle Layer front
position  6.985000  3.175000  size  0.640000  0.640000  orientation 0.00
drill  0.000000
shape_offset  0.000000  0.000000
$EndPAD
$PAD "91"
Shape Circle Layer front
position  5.715000 -3.175000  size  0.640000  0.640000  orientation 0.00
drill  0.000000
shape_offset  0.000000  0.000000
$EndPAD
$PAD "92"
Shape Circle Layer front
position  5.715000 -1.905000  size  0.640000  0.640000  orientation 0.00
drill  0.000000
shape_offset  0.000000  0.000000
$EndPAD
$PAD "93"
Shape Circle Layer front
position  5.715000 -0.635000  size  0.640000  0.640000  orientation 0.00
drill  0.000000
shape_offset  0.000000  0.000000
$EndPAD
$PAD "94"
Shape Circle Layer front
position  5.715000  0.635000  size  0.640000  0.640000  orientation 0.00
drill  0.000000
shape_offset  0.000000  0.000000
$EndPAD
$PAD "95"
Shape Circle Layer front
position  5.715000  1.905000  size  0.640000  0.640000  orientation 0.00
drill  0.000000
shape_offset  0.000000  0.000000
$EndPAD
$PAD "96"
Shape Circle Layer front
position  5.715000  3.175000  size  0.640000  0.640000  orientation 0.00
drill  0.000000
shape_offset  0.000000  0.000000
$EndPAD
$PAD "97"
Shape Circle Layer front
position  4.445000 -3.175000  size  0.640000  0.640000  orientation 0.00
drill  0.000000
shape_offset  0.000000  0.000000
$EndPAD
$PAD "98"
Shape Circle Layer front
position  4.445000 -1.905000  size  0.640000  0.640000  orientation 0.00
drill  0.000000
shape_offset  0.000000  0.000000
$EndPAD
$PAD "99"
Shape Circle Layer front
position  4.445000 -0.635000  size  0.640000  0.640000  orientation 0.00
drill  0.000000
shape_offset  0.000000  0.000000
$EndPAD
$PAD "100"
Shape Circle Layer front
position  4.445000  0.635000  size  0.640000  0.640000  orientation 0.00
drill  0.000000
shape_offset  0.000000  0.000000
$EndPAD
$PAD "101"
Shape Circle Layer front
position  4.445000  1.905000  size  0.640000  0.640000  orientation 0.00
drill  0.000000
shape_offset  0.000000  0.000000
$EndPAD
$PAD "102"
Shape Circle Layer front
position  4.445000  3.175000  size  0.640000  0.640000  orientation 0.00
drill  0.000000
shape_offset  0.000000  0.000000
$EndPAD
$PAD "103"
Shape Circle Layer front
position  3.175000 -3.175000  size  0.640000  0.640000  orientation 0.00
drill  0.000000
shape_offset  0.000000  0.000000
$EndPAD
$PAD "104"
Shape Circle Layer front
position  3.175000 -1.905000  size  0.640000  0.640000  orientation 0.00
drill  0.000000
shape_offset  0.000000  0.000000
$EndPAD
$PAD "105"
Shape Circle Layer front
position  3.175000 -0.635000  size  0.640000  0.640000  orientation 0.00
drill  0.000000
shape_offset  0.000000  0.000000
$EndPAD
$PAD "106"
Shape Circle Layer front
position  3.175000  0.635000  size  0.640000  0.640000  orientation 0.00
drill  0.000000
shape_offset  0.000000  0.000000
$EndPAD
$PAD "107"
Shape Circle Layer front
position  3.175000  1.905000  size  0.640000  0.640000  orientation 0.00
drill  0.000000
shape_offset  0.000000  0.000000
$EndPAD
$PAD "108"
Shape Circle Layer front
position  3.175000  3.175000  size  0.640000  0.640000  orientation 0.00
drill  0.000000
shape_offset  0.000000  0.000000
$EndPAD
$PAD "109"
Shape Circle Layer front
position  1.905000 -3.175000  size  0.640000  0.640000  orientation 0.00
drill  0.000000
shape_offset  0.000000  0.000000
$EndPAD
$PAD "110"
Shape Circle Layer front
position  1.905000 -1.905000  size  0.640000  0.640000  orientation 0.00
drill  0.000000
shape_offset  0.000000  0.000000
$EndPAD
$PAD "111"
Shape Circle Layer front
position  1.905000 -0.635000  size  0.640000  0.640000  orientation 0.00
drill  0.000000
shape_offset  0.000000  0.000000
$EndPAD
$PAD "112"
Shape Circle Layer front
position  1.905000  0.635000  size  0.640000  0.640000  orientation 0.00
drill  0.000000
shape_offset  0.000000  0.000000
$EndPAD
$PAD "113"
Shape Circle Layer front
position  1.905000  1.905000  size  0.640000  0.640000  orientation 0.00
drill  0.000000
shape_offset  0.000000  0.000000
$EndPAD
$PAD "114"
Shape Circle Layer front
position  1.905000  3.175000  size  0.640000  0.640000  orientation 0.00
drill  0.000000
shape_offset  0.000000  0.000000
$EndPAD
$PAD "115"
Shape Circle Layer front
position  0.635000 -3.175000  size  0.640000  0.640000  orientation 0.00
drill  0.000000
shape_offset  0.000000  0.000000
$EndPAD
$PAD "116"
Shape Circle Layer front
position  0.635000 -1.905000  size  0.640000  0.640000  orientation 0.00
drill  0.000000
shape_offset  0.000000  0.000000
$EndPAD
$PAD "117"
Shape Circle Layer front
position  0.635000 -0.635000  size  0.640000  0.640000  orientation 0.00
drill  0.000000
shape_offset  0.000000  0.000000
$EndPAD
$PAD "118"
Shape Circle Layer front
position  0.635000  0.635000  size  0.640000  0.640000  orientation 0.00
drill  0.000000
shape_offset  0.000000  0.000000
$EndPAD
$PAD "119"
Shape Circle Layer front
position  0.635000  1.905000  size  0.640000  0.640000  orientation 0.00
drill  0.000000
shape_offset  0.000000  0.000000
$EndPAD
$PAD "120"
Shape Circle Layer front
position  0.635000  3.175000  size  0.640000  0.640000  orientation 0.00
drill  0.000000
shape_offset  0.000000  0.000000
$EndPAD
$PAD "121"
Shape Circle Layer front
position -0.635000 -3.175000  size  0.640000  0.640000  orientation 0.00
drill  0.000000
shape_offset  0.000000  0.000000
$EndPAD
$PAD "122"
Shape Circle Layer front
position -0.635000 -1.905000  size  0.640000  0.640000  orientation 0.00
drill  0.000000
shape_offset  0.000000  0.000000
$EndPAD
$PAD "123"
Shape Circle Layer front
position -0.635000 -0.635000  size  0.640000  0.640000  orientation 0.00
drill  0.000000
shape_offset  0.000000  0.000000
$EndPAD
$PAD "124"
Shape Circle Layer front
position -0.635000  0.635000  size  0.640000  0.640000  orientation 0.00
drill  0.000000
shape_offset  0.000000  0.000000
$EndPAD
$PAD "125"
Shape Circle Layer front
position -0.635000  1.905000  size  0.640000  0.640000  orientation 0.00
drill  0.000000
shape_offset  0.000000  0.000000
$EndPAD
$PAD "126"
Shape Circle Layer front
position -0.635000  3.175000  size  0.640000  0.640000  orientation 0.00
drill  0.000000
shape_offset  0.000000  0.000000
$EndPAD
$PAD "127"
Shape Circle Layer front
position -1.905000 -3.175000  size  0.640000  0.640000  orientation 0.00
drill  0.000000
shape_offset  0.000000  0.000000
$EndPAD
$PAD "128"
Shape Circle Layer front
position -1.905000 -1.905000  size  0.640000  0.640000  orientation 0.00
drill  0.000000
shape_offset  0.000000  0.000000
$EndPAD
$PAD "129"
Shape Circle Layer front
position -1.905000 -0.635000  size  0.640000  0.640000  orientation 0.00
drill  0.000000
shape_offset  0.000000  0.000000
$EndPAD
$PAD "130"
Shape Circle Layer front
position -1.905000  0.635000  size  0.640000  0.640000  orientation 0.00
drill  0.000000
shape_offset  0.000000  0.000000
$EndPAD
$PAD "131"
Shape Circle Layer front
position -1.905000  1.905000  size  0.640000  0.640000  orientation 0.00
drill  0.000000
shape_offset  0.000000  0.000000
$EndPAD
$PAD "132"
Shape Circle Layer front
position -1.905000  3.175000  size  0.640000  0.640000  orientation 0.00
drill  0.000000
shape_offset  0.000000  0.000000
$EndPAD
$PAD "133"
Shape Circle Layer front
position -3.175000 -3.175000  size  0.640000  0.640000  orientation 0.00
drill  0.000000
shape_offset  0.000000  0.000000
$EndPAD
$PAD "134"
Shape Circle Layer front
position -3.175000 -1.905000  size  0.640000  0.640000  orientation 0.00
drill  0.000000
shape_offset  0.000000  0.000000
$EndPAD
$PAD "135"
Shape Circle Layer front
position -3.175000 -0.635000  size  0.640000  0.640000  orientation 0.00
drill  0.000000
shape_offset  0.000000  0.000000
$EndPAD
$PAD "136"
Shape Circle Layer front
position -3.175000  0.635000  size  0.640000  0.640000  orientation 0.00
drill  0.000000
shape_offset  0.000000  0.000000
$EndPAD
$PAD "137"
Shape Circle Layer front
position -3.175000  1.905000  size  0.640000  0.640000  orientation 0.00
drill  0.000000
shape_offset  0.000000  0.000000
$EndPAD
$PAD "138"
Shape Circle Layer front
position -3.175000  3.175000  size  0.640000  0.640000  orientation 0.00
drill  0.000000
shape_offset  0.000000  0.000000
$EndPAD
$PAD "139"
Shape Circle Layer front
position -4.445000 -3.175000  size  0.640000  0.640000  orientation 0.00
drill  0.000000
shape_offset  0.000000  0.000000
$EndPAD
$PAD "140"
Shape Circle Layer front
position -4.445000 -1.905000  size  0.640000  0.640000  orientation 0.00
drill  0.000000
shape_offset  0.000000  0.000000
$EndPAD
$PAD "141"
Shape Circle Layer front
position -4.445000 -0.635000  size  0.640000  0.640000  orientation 0.00
drill  0.000000
shape_offset  0.000000  0.000000
$EndPAD
$PAD "142"
Shape Circle Layer front
position -4.445000  0.635000  size  0.640000  0.640000  orientation 0.00
drill  0.000000
shape_offset  0.000000  0.000000
$EndPAD
$PAD "143"
Shape Circle Layer front
position -4.445000  1.905000  size  0.640000  0.640000  orientation 0.00
drill  0.000000
shape_offset  0.000000  0.000000
$EndPAD
$PAD "144"
Shape Circle Layer front
position -4.445000  3.175000  size  0.640000  0.640000  orientation 0.00
drill  0.000000
shape_offset  0.000000  0.000000
$EndPAD
$PAD "145"
Shape Circle Layer front
position -5.715000 -3.175000  size  0.640000  0.640000  orientation 0.00
drill  0.000000
shape_offset  0.000000  0.000000
$EndPAD
$PAD "146"
Shape Circle Layer front
position -5.715000 -1.905000  size  0.640000  0.640000  orientation 0.00
drill  0.000000
shape_offset  0.000000  0.000000
$EndPAD
$PAD "147"
Shape Circle Layer front
position -5.715000 -0.635000  size  0.640000  0.640000  orientation 0.00
drill  0.000000
shape_offset  0.000000  0.000000
$EndPAD
$PAD "148"
Shape Circle Layer front
position -5.715000  0.635000  size  0.640000  0.640000  orientation 0.00
drill  0.000000
shape_offset  0.000000  0.000000
$EndPAD
$PAD "149"
Shape Circle Layer front
position -5.715000  1.905000  size  0.640000  0.640000  orientation 0.00
drill  0.000000
shape_offset  0.000000  0.000000
$EndPAD
$PAD "150"
Shape Circle Layer front
position -5.715000  3.175000  size  0.640000  0.640000  orientation 0.00
drill  0.000000
shape_offset  0.000000  0.000000
$EndPAD
$PAD "151"
Shape Circle Layer front
position -6.985000 -3.175000  size  0.640000  0.640000  orientation 0.00
drill  0.000000
shape_offset  0.000000  0.000000
$EndPAD
$PAD "152"
Shape Circle Layer front
position -6.985000 -1.905000  size  0.640000  0.640000  orientation 0.00
drill  0.000000
shape_offset  0.000000  0.000000
$EndPAD
$PAD "153"
Shape Circle Layer front
position -6.985000 -0.635000  size  0.640000  0.640000  orientation 0.00
drill  0.000000
shape_offset  0.000000  0.000000
$EndPAD
$PAD "154"
Shape Circle Layer front
position -6.985000  0.635000  size  0.640000  0.640000  orientation 0.00
drill  0.000000
shape_offset  0.000000  0.000000
$EndPAD
$PAD "155"
Shape Circle Layer front
position -6.985000  1.905000  size  0.640000  0.640000  orientation 0.00
drill  0.000000
shape_offset  0.000000  0.000000
$EndPAD
$PAD "156"
Shape Circle Layer front
position -6.985000  3.175000  size  0.640000  0.640000  orientation 0.00
drill  0.000000
shape_offset  0.000000  0.000000
$EndPAD
$PAD "157"
Shape Circle Layer front
position -8.255000 -3.175000  size  0.640000  0.640000  orientation 0.00
drill  0.000000
shape_offset  0.000000  0.000000
$EndPAD
$PAD "158"
Shape Circle Layer front
position -8.255000 -1.905000  size  0.640000  0.640000  orientation 0.00
drill  0.000000
shape_offset  0.000000  0.000000
$EndPAD
$PAD "159"
Shape Circle Layer front
position -8.255000 -0.635000  size  0.640000  0.640000  orientation 0.00
drill  0.000000
shape_offset  0.000000  0.000000
$EndPAD
$PAD "160"
Shape Circle Layer front
position -8.255000  0.635000  size  0.640000  0.640000  orientation 0.00
drill  0.000000
shape_offset  0.000000  0.000000
$EndPAD
$PAD "161"
Shape Circle Layer front
position -8.255000  1.905000  size  0.640000  0.640000  orientation 0.00
drill  0.000000
shape_offset  0.000000  0.000000
$EndPAD
$PAD "162"
Shape Circle Layer front
position -8.255000  3.175000  size  0.640000  0.640000  orientation 0.00
drill  0.000000
shape_offset  0.000000  0.000000
$EndPAD
$PAD "163"
Shape Circle Layer front
position -9.525000 -3.175000  size  0.640000  0.640000  orientation 0.00
drill  0.000000
shape_offset  0.000000  0.000000
$EndPAD
$PAD "164"
Shape Circle Layer front
position -9.525000 -1.905000  size  0.640000  0.640000  orientation 0.00
drill  0.000000
shape_offset  0.000000  0.000000
$EndPAD
$PAD "165"
Shape Circle Layer front
position -9.525000 -0.635000  size  0.640000  0.640000  orientation 0.00
drill  0.000000
shape_offset  0.000000  0.000000
$EndPAD
$PAD "166"
Shape Circle Layer front
position -9.525000  0.635000  size  0.640000  0.640000  orientation 0.00
drill  0.000000
shape_offset  0.000000  0.000000
$EndPAD
$PAD "167"
Shape Circle Layer front
position -9.525000  1.905000  size  0.640000  0.640000  orientation 0.00
drill  0.000000
shape_offset  0.000000  0.000000
$EndPAD
$PAD "168"
Shape Circle Layer front
position -9.525000  3.175000  size  0.640000  0.640000  orientation 0.00
drill  0.000000
shape_offset  0.000000  0.000000
$EndPAD
$PAD "169"
Shape Circle Layer front
position -10.795000 -3.175000  size  0.640000  0.640000  orientation 0.00
drill  0.000000
shape_offset  0.000000  0.000000
$EndPAD
$PAD "170"
Shape Circle Layer front
position -10.795000 -1.905000  size  0.640000  0.640000  orientation 0.00
drill  0.000000
shape_offset  0.000000  0.000000
$EndPAD
$PAD "171"
Shape Circle Layer front
position -10.795000 -0.635000  size  0.640000  0.640000  orientation 0.00
drill  0.000000
shape_offset  0.000000  0.000000
$EndPAD
$PAD "172"
Shape Circle Layer front
position -10.795000  0.635000  size  0.640000  0.640000  orientation 0.00
drill  0.000000
shape_offset  0.000000  0.000000
$EndPAD
$PAD "173"
Shape Circle Layer front
position -10.795000  1.905000  size  0.640000  0.640000  orientation 0.00
drill  0.000000
shape_offset  0.000000  0.000000
$EndPAD
$PAD "174"
Shape Circle Layer front
position -10.795000  3.175000  size  0.640000  0.640000  orientation 0.00
drill  0.000000
shape_offset  0.000000  0.000000
$EndPAD
$PAD "175"
Shape Circle Layer front
position -12.065000 -3.175000  size  0.640000  0.640000  orientation 0.00
drill  0.000000
shape_offset  0.000000  0.000000
$EndPAD
$PAD "176"
Shape Circle Layer front
position -12.065000 -1.905000  size  0.640000  0.640000  orientation 0.00
drill  0.000000
shape_offset  0.000000  0.000000
$EndPAD
$PAD "177"
Shape Circle Layer front
position -12.065000 -0.635000  size  0.640000  0.640000  orientation 0.00
drill  0.000000
shape_offset  0.000000  0.000000
$EndPAD
$PAD "178"
Shape Circle Layer front
position -12.065000  0.635000  size  0.640000  0.640000  orientation 0.00
drill  0.000000
shape_offset  0.000000  0.000000
$EndPAD
$PAD "179"
Shape Circle Layer front
position -12.065000  1.905000  size  0.640000  0.640000  orientation 0.00
drill  0.000000
shape_offset  0.000000  0.000000
$EndPAD
$PAD "180"
Shape Circle Layer front
position -12.065000  3.175000  size  0.640000  0.640000  orientation 0.00
drill  0.000000
shape_offset  0.000000  0.000000
$EndPAD
$PAD "181"
Shape Circle Layer front
position -13.335000 -3.175000  size  0.640000  0.640000  orientation 0.00
drill  0.000000
shape_offset  0.000000  0.000000
$EndPAD
$PAD "182"
Shape Circle Layer front
position -13.335000 -1.905000  size  0.640000  0.640000  orientation 0.00
drill  0.000000
shape_offset  0.000000  0.000000
$EndPAD
$PAD "183"
Shape Circle Layer front
position -13.335000 -0.635000  size  0.640000  0.640000  orientation 0.00
drill  0.000000
shape_offset  0.000000  0.000000
$EndPAD
$PAD "184"
Shape Circle Layer front
position -13.335000  0.635000  size  0.640000  0.640000  orientation 0.00
drill  0.000000
shape_offset  0.000000  0.000000
$EndPAD
$PAD "185"
Shape Circle Layer front
position -13.335000  1.905000  size  0.640000  0.640000  orientation 0.00
drill  0.000000
shape_offset  0.000000  0.000000
$EndPAD
$PAD "186"
Shape Circle Layer front
position -13.335000  3.175000  size  0.640000  0.640000  orientation 0.00
drill  0.000000
shape_offset  0.000000  0.000000
$EndPAD
$PAD "187"
Shape Circle Layer front
position -14.605000 -3.175000  size  0.640000  0.640000  orientation 0.00
drill  0.000000
shape_offset  0.000000  0.000000
$EndPAD
$PAD "188"
Shape Circle Layer front
position -14.605000 -1.905000  size  0.640000  0.640000  orientation 0.00
drill  0.000000
shape_offset  0.000000  0.000000
$EndPAD
$PAD "189"
Shape Circle Layer front
position -14.605000 -0.635000  size  0.640000  0.640000  orientation 0.00
drill  0.000000
shape_offset  0.000000  0.000000
$EndPAD
$PAD "190"
Shape Circle Layer front
position -14.605000  0.635000  size  0.640000  0.640000  orientation 0.00
drill  0.000000
shape_offset  0.000000  0.000000
$EndPAD
$PAD "191"
Shape Circle Layer front
position -14.605000  1.905000  size  0.640000  0.640000  orientation 0.00
drill  0.000000
shape_offset  0.000000  0.000000
$EndPAD
$PAD "192"
Shape Circle Layer front
position -14.605000  3.175000  size  0.640000  0.640000  orientation 0.00
drill  0.000000
shape_offset  0.000000  0.000000
$EndPAD
$PAD "193"
Shape Circle Layer front
position -15.875000 -3.175000  size  0.640000  0.640000  orientation 0.00
drill  0.000000
shape_offset  0.000000  0.000000
$EndPAD
$PAD "194"
Shape Circle Layer front
position -15.875000 -1.905000  size  0.640000  0.640000  orientation 0.00
drill  0.000000
shape_offset  0.000000  0.000000
$EndPAD
$PAD "195"
Shape Circle Layer front
position -15.875000 -0.635000  size  0.640000  0.640000  orientation 0.00
drill  0.000000
shape_offset  0.000000  0.000000
$EndPAD
$PAD "196"
Shape Circle Layer front
position -15.875000  0.635000  size  0.640000  0.640000  orientation 0.00
drill  0.000000
shape_offset  0.000000  0.000000
$EndPAD
$PAD "197"
Shape Circle Layer front
position -15.875000  1.905000  size  0.640000  0.640000  orientation 0.00
drill  0.000000
shape_offset  0.000000  0.000000
$EndPAD
$PAD "198"
Shape Circle Layer front
position -15.875000  3.175000  size  0.640000  0.640000  orientation 0.00
drill  0.000000
shape_offset  0.000000  0.000000
$EndPAD
$PAD "199"
Shape Circle Layer front
position -17.145000 -3.175000  size  0.640000  0.640000  orientation 0.00
drill  0.000000
shape_offset  0.000000  0.000000
$EndPAD
$PAD "200"
Shape Circle Layer front
position -17.145000 -1.905000  size  0.640000  0.640000  orientation 0.00
drill  0.000000
shape_offset  0.000000  0.000000
$EndPAD
$PAD "201"
Shape Circle Layer front
position -17.145000 -0.635000  size  0.640000  0.640000  orientation 0.00
drill  0.000000
shape_offset  0.000000  0.000000
$EndPAD
$PAD "202"
Shape Circle Layer front
position -17.145000  0.635000  size  0.640000  0.640000  orientation 0.00
drill  0.000000
shape_offset  0.000000  0.000000
$EndPAD
$PAD "203"
Shape Circle Layer front
position -17.145000  1.905000  size  0.640000  0.640000  orientation 0.00
drill  0.000000
shape_offset  0.000000  0.000000
$EndPAD
$PAD "204"
Shape Circle Layer front
position -17.145000  3.175000  size  0.640000  0.640000  orientation 0.00
drill  0.000000
shape_offset  0.000000  0.000000
$EndPAD
$PAD "205"
Shape Circle Layer front
position -18.415000 -3.175000  size  0.640000  0.640000  orientation 0.00
drill  0.000000
shape_offset  0.000000  0.000000
$EndPAD
$PAD "206"
Shape Circle Layer front
position -18.415000 -1.905000  size  0.640000  0.640000  orientation 0.00
drill  0.000000
shape_offset  0.000000  0.000000
$EndPAD
$PAD "207"
Shape Circle Layer front
position -18.415000 -0.635000  size  0.640000  0.640000  orientation 0.00
drill  0.000000
shape_offset  0.000000  0.000000
$EndPAD
$PAD "208"
Shape Circle Layer front
position -18.415000  0.635000  size  0.640000  0.640000  orientation 0.00
drill  0.000000
shape_offset  0.000000  0.000000
$EndPAD
$PAD "209"
Shape Circle Layer front
position -18.415000  1.905000  size  0.640000  0.640000  orientation 0.00
drill  0.000000
shape_offset  0.000000  0.000000
$EndPAD
$PAD "210"
Shape Circle Layer front
position -18.415000  3.175000  size  0.640000  0.640000  orientation 0.00
drill  0.000000
shape_offset  0.000000  0.000000
$EndPAD
$PAD "211"
Shape Circle Layer front
position -19.685000 -3.175000  size  0.640000  0.640000  orientation 0.00
drill  0.000000
shape_offset  0.000000  0.000000
$EndPAD
$PAD "212"
Shape Circle Layer front
position -19.685000 -1.905000  size  0.640000  0.640000  orientation 0.00
drill  0.000000
shape_offset  0.000000  0.000000
$EndPAD
$PAD "213"
Shape Circle Layer front
position -19.685000 -0.635000  size  0.640000  0.640000  orientation 0.00
drill  0.000000
shape_offset  0.000000  0.000000
$EndPAD
$PAD "214"
Shape Circle Layer front
position -19.685000  0.635000  size  0.640000  0.640000  orientation 0.00
drill  0.000000
shape_offset  0.000000  0.000000
$EndPAD
$PAD "215"
Shape Circle Layer front
position -19.685000  1.905000  size  0.640000  0.640000  orientation 0.00
drill  0.000000
shape_offset  0.000000  0.000000
$EndPAD
$PAD "216"
Shape Circle Layer front
position -19.685000  3.175000  size  0.640000  0.640000  orientation 0.00
drill  0.000000
shape_offset  0.000000  0.000000
$EndPAD
$PAD "217"
Shape Circle Layer front
position -20.955000 -3.175000  size  0.640000  0.640000  orientation 0.00
drill  0.000000
shape_offset  0.000000  0.000000
$EndPAD
$PAD "218"
Shape Circle Layer front
position -20.955000 -1.905000  size  0.640000  0.640000  orientation 0.00
drill  0.000000
shape_offset  0.000000  0.000000
$EndPAD
$PAD "219"
Shape Circle Layer front
position -20.955000 -0.635000  size  0.640000  0.640000  orientation 0.00
drill  0.000000
shape_offset  0.000000  0.000000
$EndPAD
$PAD "220"
Shape Circle Layer front
position -20.955000  0.635000  size  0.640000  0.640000  orientation 0.00
drill  0.000000
shape_offset  0.000000  0.000000
$EndPAD
$PAD "221"
Shape Circle Layer front
position -20.955000  1.905000  size  0.640000  0.640000  orientation 0.00
drill  0.000000
shape_offset  0.000000  0.000000
$EndPAD
$PAD "222"
Shape Circle Layer front
position -20.955000  3.175000  size  0.640000  0.640000  orientation 0.00
drill  0.000000
shape_offset  0.000000  0.000000
$EndPAD
$PAD "223"
Shape Circle Layer front
position -22.225000 -3.175000  size  0.640000  0.640000  orientation 0.00
drill  0.000000
shape_offset  0.000000  0.000000
$EndPAD
$PAD "224"
Shape Circle Layer front
position -22.225000 -1.905000  size  0.640000  0.640000  orientation 0.00
drill  0.000000
shape_offset  0.000000  0.000000
$EndPAD
$PAD "225"
Shape Circle Layer front
position -22.225000 -0.635000  size  0.640000  0.640000  orientation 0.00
drill  0.000000
shape_offset  0.000000  0.000000
$EndPAD
$PAD "226"
Shape Circle Layer front
position -22.225000  0.635000  size  0.640000  0.640000  orientation 0.00
drill  0.000000
shape_offset  0.000000  0.000000
$EndPAD
$PAD "227"
Shape Circle Layer front
position -22.225000  1.905000  size  0.640000  0.640000  orientation 0.00
drill  0.000000
shape_offset  0.000000  0.000000
$EndPAD
$PAD "228"
Shape Circle Layer front
position -22.225000  3.175000  size  0.640000  0.640000  orientation 0.00
drill  0.000000
shape_offset  0.000000  0.000000
$EndPAD
$PAD "229"
Shape Circle Layer front
position -23.495000 -3.175000  size  0.640000  0.640000  orientation 0.00
drill  0.000000
shape_offset  0.000000  0.000000
$EndPAD
$PAD "230"
Shape Circle Layer front
position -23.495000 -1.905000  size  0.640000  0.640000  orientation 0.00
drill  0.000000
shape_offset  0.000000  0.000000
$EndPAD
$PAD "231"
Shape Circle Layer front
position -23.495000 -0.635000  size  0.640000  0.640000  orientation 0.00
drill  0.000000
shape_offset  0.000000  0.000000
$EndPAD
$PAD "232"
Shape Circle Layer front
position -23.495000  0.635000  size  0.640000  0.640000  orientation 0.00
drill  0.000000
shape_offset  0.000000  0.000000
$EndPAD
$PAD "233"
Shape Circle Layer front
position -23.495000  1.905000  size  0.640000  0.640000  orientation 0.00
drill  0.000000
shape_offset  0.000000  0.000000
$EndPAD
$PAD "234"
Shape Circle Layer front
position -23.495000  3.175000  size  0.640000  0.640000  orientation 0.00
drill  0.000000
shape_offset  0.000000  0.000000
$EndPAD
$PAD "235"
Shape Circle Layer front
position -24.765000 -3.175000  size  0.640000  0.640000  orientation 0.00
drill  0.000000
shape_offset  0.000000  0.000000
$EndPAD
$PAD "236"
Shape Circle Layer front
position -24.765000 -1.905000  size  0.640000  0.640000  orientation 0.00
drill  0.000000
shape_offset  0.000000  0.000000
$EndPAD
$PAD "237"
Shape Circle Layer front
position -24.765000 -0.635000  size  0.640000  0.640000  orientation 0.00
drill  0.000000
shape_offset  0.000000  0.000000
$EndPAD
$PAD "238"
Shape Circle Layer front
position -24.765000  0.635000  size  0.640000  0.640000  orientation 0.00
drill  0.000000
shape_offset  0.000000  0.000000
$EndPAD
$PAD "239"
Shape Circle Layer front
position -24.765000  1.905000  size  0.640000  0.640000  orientation 0.00
drill  0.000000
shape_offset  0.000000  0.000000
$EndPAD
$PAD "240"
Shape Circle Layer front
position -24.765000  3.175000  size  0.640000  0.640000  orientation 0.00
drill  0.000000
shape_offset  0.000000  0.000000
$EndPAD
$EndMODULE  RMC_CONN1

$MODULE RS232_CONN1
footprint Connect:IDC_Header_Straight_10pins
attribut none
position 220.138200 213.360000  orientation 90.00
layer front
$PAD "1"
Shape Rect Layer both
position  0.000000  0.000000  size  1.727200  1.727200  orientation 0.00
drill  1.016000
shape_offset  0.000000  0.000000
$EndPAD
$PAD "2"
Shape Oval Layer both
position  0.000000 -2.540000  size  1.727200  1.727200  orientation 0.00
drill  1.016000
shape_offset  0.000000  0.000000
$EndPAD
$PAD "3"
Shape Oval Layer both
position  2.540000  0.000000  size  1.727200  1.727200  orientation 0.00
drill  1.016000
shape_offset  0.000000  0.000000
$EndPAD
$PAD "4"
Shape Oval Layer both
position  2.540000 -2.540000  size  1.727200  1.727200  orientation 0.00
drill  1.016000
shape_offset  0.000000  0.000000
$EndPAD
$PAD "5"
Shape Oval Layer both
position  5.080000  0.000000  size  1.727200  1.727200  orientation 0.00
drill  1.016000
shape_offset  0.000000  0.000000
$EndPAD
$PAD "6"
Shape Oval Layer both
position  5.080000 -2.540000  size  1.727200  1.727200  orientation 0.00
drill  1.016000
shape_offset  0.000000  0.000000
$EndPAD
$PAD "7"
Shape Oval Layer both
position  7.620000  0.000000  size  1.727200  1.727200  orientation 0.00
drill  1.016000
shape_offset  0.000000  0.000000
$EndPAD
$PAD "8"
Shape Oval Layer both
position  7.620000 -2.540000  size  1.727200  1.727200  orientation 0.00
drill  1.016000
shape_offset  0.000000  0.000000
$EndPAD
$PAD "9"
Shape Oval Layer both
position 10.160000  0.000000  size  1.727200  1.727200  orientation 0.00
drill  1.016000
shape_offset  0.000000  0.000000
$EndPAD
$PAD "10"
Shape Oval Layer both
position 10.160000 -2.540000  size  1.727200  1.727200  orientation 0.00
drill  1.016000
shape_offset  0.000000  0.000000
$EndPAD
$EndMODULE  RS232_CONN1

$MODULE RS485_CONN1
footprint Connect:IDC_Header_Straight_10pins
attribut none
position 412.850000 220.154000  orientation 90.00
layer front
$PAD "1"
Shape Rect Layer both
position  0.000000  0.000000  size  1.727200  1.727200  orientation 0.00
drill  1.016000
shape_offset  0.000000  0.000000
$EndPAD
$PAD "2"
Shape Oval Layer both
position  0.000000 -2.540000  size  1.727200  1.727200  orientation 0.00
drill  1.016000
shape_offset  0.000000  0.000000
$EndPAD
$PAD "3"
Shape Oval Layer both
position  2.540000  0.000000  size  1.727200  1.727200  orientation 0.00
drill  1.016000
shape_offset  0.000000  0.000000
$EndPAD
$PAD "4"
Shape Oval Layer both
position  2.540000 -2.540000  size  1.727200  1.727200  orientation 0.00
drill  1.016000
shape_offset  0.000000  0.000000
$EndPAD
$PAD "5"
Shape Oval Layer both
position  5.080000  0.000000  size  1.727200  1.727200  orientation 0.00
drill  1.016000
shape_offset  0.000000  0.000000
$EndPAD
$PAD "6"
Shape Oval Layer both
position  5.080000 -2.540000  size  1.727200  1.727200  orientation 0.00
drill  1.016000
shape_offset  0.000000  0.000000
$EndPAD
$PAD "7"
Shape Oval Layer both
position  7.620000  0.000000  size  1.727200  1.727200  orientation 0.00
drill  1.016000
shape_offset  0.000000  0.000000
$EndPAD
$PAD "8"
Shape Oval Layer both
position  7.620000 -2.540000  size  1.727200  1.727200  orientation 0.00
drill  1.016000
shape_offset  0.000000  0.000000
$EndPAD
$PAD "9"
Shape Oval Layer both
position 10.160000  0.000000  size  1.727200  1.727200  orientation 0.00
drill  1.016000
shape_offset  0.000000  0.000000
$EndPAD
$PAD "10"
Shape Oval Layer both
position 10.160000 -2.540000  size  1.727200  1.727200  orientation 0.00
drill  1.016000
shape_offset  0.000000  0.000000
$EndPAD
$EndMODULE  RS485_CONN1

$MODULE RST_SW1
footprint Button_Switch_SMD:SW_SPST_Omron_B3FS-100xP
attribut smd
position 87.738200 120.019000  orientation 0.00
layer front
$PAD "1"
Shape Rect Layer front
position -4.000000 -2.250000  size  1.600000  1.400000  orientation 180.00
drill  0.000000
shape_offset  0.000000  0.000000
$EndPAD
$PAD "1"
Shape Rect Layer front
position  4.000000 -2.250000  size  1.600000  1.400000  orientation 180.00
drill  0.000000
shape_offset  0.000000  0.000000
$EndPAD
$PAD "2"
Shape Rect Layer front
position -4.000000  2.250000  size  1.600000  1.400000  orientation 180.00
drill  0.000000
shape_offset  0.000000  0.000000
$EndPAD
$PAD "2"
Shape Rect Layer front
position  4.000000  2.250000  size  1.600000  1.400000  orientation 180.00
drill  0.000000
shape_offset  0.000000  0.000000
$EndPAD
$EndMODULE  RST_SW1

$MODULE S1
footprint Smart_Tank:PEM_STANDOFF_THRU_(SMTSOB-116-12ET)
attribut none
position 85.039200 74.930000  orientation 0.00
layer front
$PAD ""
Shape Circle Layer both
position  0.000000  0.000000  size  6.197600  6.197600  orientation 0.00
drill  4.216400
shape_offset  0.000000  0.000000
$EndPAD
$EndMODULE  S1

$MODULE S2
footprint Smart_Tank:PEM_STANDOFF_THRU_(SMTSOB-116-12ET)
attribut none
position 85.039200 167.640000  orientation 0.00
layer front
$PAD ""
Shape Circle Layer both
position  0.000000  0.000000  size  6.197600  6.197600  orientation 0.00
drill  4.216400
shape_offset  0.000000  0.000000
$EndPAD
$EndMODULE  S2

$MODULE S3
footprint Smart_Tank:PEM_STANDOFF_THRU_(SMTSOB-116-12ET)
attribut none
position 85.039200 328.930000  orientation 0.00
layer front
$PAD ""
Shape Circle Layer both
position  0.000000  0.000000  size  6.197600  6.197600  orientation 0.00
drill  4.216400
shape_offset  0.000000  0.000000
$EndPAD
$EndMODULE  S3

$MODULE S4
footprint Smart_Tank:PEM_STANDOFF_THRU_(SMTSOB-116-12ET)
attribut none
position 212.039200 74.930000  orientation 0.00
layer front
$PAD ""
Shape Circle Layer both
position  0.000000  0.000000  size  6.197600  6.197600  orientation 0.00
drill  4.216400
shape_offset  0.000000  0.000000
$EndPAD
$EndMODULE  S4

$MODULE S5
footprint Smart_Tank:PEM_STANDOFF_THRU_(SMTSOB-116-12ET)
attribut none
position 158.699200 167.640000  orientation 0.00
layer front
$PAD ""
Shape Circle Layer both
position  0.000000  0.000000  size  6.197600  6.197600  orientation 0.00
drill  4.216400
shape_offset  0.000000  0.000000
$EndPAD
$EndMODULE  S5

$MODULE S6
footprint Smart_Tank:PEM_STANDOFF_THRU_(SMTSOB-116-12ET)
attribut none
position 219.659200 167.640000  orientation 0.00
layer front
$PAD ""
Shape Circle Layer both
position  0.000000  0.000000  size  6.197600  6.197600  orientation 0.00
drill  4.216400
shape_offset  0.000000  0.000000
$EndPAD
$EndMODULE  S6

$MODULE S7
footprint Smart_Tank:PEM_STANDOFF_THRU_(SMTSOB-116-12ET)
attribut none
position 219.659200 312.420000  orientation 0.00
layer front
$PAD ""
Shape Circle Layer both
position  0.000000  0.000000  size  6.197600  6.197600  orientation 0.00
drill  4.216400
shape_offset  0.000000  0.000000
$EndPAD
$EndMODULE  S7

$MODULE S8
footprint Smart_Tank:PEM_STANDOFF_THRU_(SMTSOB-116-12ET)
attribut none
position 280.619200 167.640000  orientation 0.00
layer front
$PAD ""
Shape Circle Layer both
position  0.000000  0.000000  size  6.197600  6.197600  orientation 0.00
drill  4.216400
shape_offset  0.000000  0.000000
$EndPAD
$EndMODULE  S8

$MODULE S9
footprint Smart_Tank:PEM_STANDOFF_THRU_(SMTSOB-116-12ET)
attribut none
position 334.086200 74.930000  orientation 0.00
layer front
$PAD ""
Shape Circle Layer both
position  0.000000  0.000000  size  6.197600  6.197600  orientation 0.00
drill  4.216400
shape_offset  0.000000  0.000000
$EndPAD
$EndMODULE  S9

$MODULE S10
footprint Smart_Tank:PEM_STANDOFF_THRU_(SMTSOB-116-12ET)
attribut none
position 341.706200 167.640000  orientation 0.00
layer front
$PAD ""
Shape Circle Layer both
position  0.000000  0.000000  size  6.197600  6.197600  orientation 0.00
drill  4.216400
shape_offset  0.000000  0.000000
$EndPAD
$EndMODULE  S10

$MODULE S11
footprint Smart_Tank:PEM_STANDOFF_THRU_(SMTSOB-116-12ET)
attribut none
position 341.706200 312.420000  orientation 0.00
layer front
$PAD ""
Shape Circle Layer both
position  0.000000  0.000000  size  6.197600  6.197600  orientation 0.00
drill  4.216400
shape_offset  0.000000  0.000000
$EndPAD
$EndMODULE  S11

$MODULE S12
footprint Smart_Tank:PEM_STANDOFF_THRU_(SMTSOB-116-12ET)
attribut none
position 402.666200 167.640000  orientation 0.00
layer front
$PAD ""
Shape Circle Layer both
position  0.000000  0.000000  size  6.197600  6.197600  orientation 0.00
drill  4.216400
shape_offset  0.000000  0.000000
$EndPAD
$EndMODULE  S12

$MODULE S13
footprint Smart_Tank:PEM_STANDOFF_THRU_(SMTSOB-116-12ET)
attribut none
position 472.516200 74.930000  orientation 0.00
layer front
$PAD ""
Shape Circle Layer both
position  0.000000  0.000000  size  6.197600  6.197600  orientation 0.00
drill  4.216400
shape_offset  0.000000  0.000000
$EndPAD
$EndMODULE  S13

$MODULE S14
footprint Smart_Tank:PEM_STANDOFF_THRU_(SMTSOB-116-12ET)
attribut none
position 472.516200 144.780000  orientation 0.00
layer front
$PAD ""
Shape Circle Layer both
position  0.000000  0.000000  size  6.197600  6.197600  orientation 0.00
drill  4.216400
shape_offset  0.000000  0.000000
$EndPAD
$EndMODULE  S14

$MODULE S15
footprint Smart_Tank:PEM_STANDOFF_THRU_(SMTSOB-116-12ET)
attribut none
position 472.516200 328.930000  orientation 0.00
layer front
$PAD ""
Shape Circle Layer both
position  0.000000  0.000000  size  6.197600  6.197600  orientation 0.00
drill  4.216400
shape_offset  0.000000  0.000000
$EndPAD
$EndMODULE  S15

$MODULE S16
footprint Smart_Tank:PEM_STANDOFF_4-40_(SMTSOB-440-12ET)
attribut none
position 191.608200 234.950000  orientation 0.00
layer front
$PAD ""
Shape Circle Layer both
position  0.000000  0.000000  size  6.197600  6.197600  orientation 0.00
drill  4.216400
shape_offset  0.000000  0.000000
$EndPAD
$EndMODULE  S16

$MODULE S17
footprint Smart_Tank:PEM_STANDOFF_4-40_(SMTSOB-440-12ET)
attribut none
position 191.608200 300.990000  orientation 0.00
layer front
$PAD ""
Shape Circle Layer both
position  0.000000  0.000000  size  6.197600  6.197600  orientation 0.00
drill  4.216400
shape_offset  0.000000  0.000000
$EndPAD
$EndMODULE  S17

$MODULE S18
footprint Smart_Tank:PEM_STANDOFF_4-40_(SMTSOB-440-12ET)
attribut none
position 253.228200 229.870000  orientation 180.00
layer front
$PAD ""
Shape Circle Layer both
position  0.000000  0.000000  size  6.197600  6.197600  orientation 0.00
drill  4.216400
shape_offset  0.000000  0.000000
$EndPAD
$EndMODULE  S18

$MODULE S19
footprint Smart_Tank:PEM_STANDOFF_4-40_(SMTSOB-440-12ET)
attribut none
position 253.228200 301.600000  orientation 180.00
layer front
$PAD ""
Shape Circle Layer both
position  0.000000  0.000000  size  6.197600  6.197600  orientation 0.00
drill  4.216400
shape_offset  0.000000  0.000000
$EndPAD
$EndMODULE  S19

$MODULE S20
footprint Smart_Tank:PEM_STANDOFF_4-40_(SMTSOB-440-12ET)
attribut none
position 326.868200 229.870000  orientation 180.00
layer front
$PAD ""
Shape Circle Layer both
position  0.000000  0.000000  size  6.197600  6.197600  orientation 0.00
drill  4.216400
shape_offset  0.000000  0.000000
$EndPAD
$EndMODULE  S20

$MODULE S21
footprint Smart_Tank:PEM_STANDOFF_4-40_(SMTSOB-440-12ET)
attribut none
position 326.868200 301.600000  orientation 180.00
layer front
$PAD ""
Shape Circle Layer both
position  0.000000  0.000000  size  6.197600  6.197600  orientation 0.00
drill  4.216400
shape_offset  0.000000  0.000000
$EndPAD
$EndMODULE  S21

$MODULE S22
footprint Smart_Tank:PEM_STANDOFF_4-40_(SMTSOB-440-12ET)
attribut none
position 400.498200 229.870000  orientation 180.00
layer front
$PAD ""
Shape Circle Layer both
position  0.000000  0.000000  size  6.197600  6.197600  orientation 0.00
drill  4.216400
shape_offset  0.000000  0.000000
$EndPAD
$EndMODULE  S22

$MODULE S23
footprint Smart_Tank:PEM_STANDOFF_4-40_(SMTSOB-440-12ET)
attribut none
position 400.498200 301.600000  orientation 180.00
layer front
$PAD ""
Shape Circle Layer both
position  0.000000  0.000000  size  6.197600  6.197600  orientation 0.00
drill  4.216400
shape_offset  0.000000  0.000000
$EndPAD
$EndMODULE  S23

$MODULE S24
footprint Smart_Tank:PEM_STANDOFF_THRU_(SMTSOB-116-12ET)
attribut none
position 100.025200 258.699000  orientation 0.00
layer front
$PAD ""
Shape Circle Layer both
position  0.000000  0.000000  size  6.197600  6.197600  orientation 0.00
drill  4.216400
shape_offset  0.000000  0.000000
$EndPAD
$EndMODULE  S24

$MODULE S25
footprint Smart_Tank:PEM_STANDOFF_THRU_(SMTSOB-116-12ET)
attribut none
position 202.133200 258.572000  orientation 0.00
layer front
$PAD ""
Shape Circle Layer both
position  0.000000  0.000000  size  6.197600  6.197600  orientation 0.00
drill  4.216400
shape_offset  0.000000  0.000000
$EndPAD
$EndMODULE  S25

$MODULE S26
footprint Smart_Tank:PEM_STANDOFF_THRU_(SMTSOB-116-12ET)
attribut none
position 339.293200 257.302000  orientation 0.00
layer front
$PAD ""
Shape Circle Layer both
position  0.000000  0.000000  size  6.197600  6.197600  orientation 0.00
drill  4.216400
shape_offset  0.000000  0.000000
$EndPAD
$EndMODULE  S26

$MODULE S27
footprint Smart_Tank:PEM_STANDOFF_THRU_(SMTSOB-116-12ET)
attribut none
position 457.403200 252.095000  orientation 0.00
layer front
$PAD ""
Shape Circle Layer both
position  0.000000  0.000000  size  6.197600  6.197600  orientation 0.00
drill  4.216400
shape_offset  0.000000  0.000000
$EndPAD
$EndMODULE  S27

$MODULE S28
footprint Smart_Tank:PEM_STANDOFF_4-40_(SMTSOB-440-12ET)
attribut none
position 143.602800 234.950000  orientation 0.00
layer front
$PAD ""
Shape Circle Layer both
position  0.000000  0.000000  size  6.197600  6.197600  orientation 0.00
drill  4.216400
shape_offset  0.000000  0.000000
$EndPAD
$EndMODULE  S28

$MODULE S29
footprint Smart_Tank:PEM_STANDOFF_4-40_(SMTSOB-440-12ET)
attribut none
position 143.602800 300.990000  orientation 0.00
layer front
$PAD ""
Shape Circle Layer both
position  0.000000  0.000000  size  6.197600  6.197600  orientation 0.00
drill  4.216400
shape_offset  0.000000  0.000000
$EndPAD
$EndMODULE  S29

$MODULE SP1-6_CONN1
footprint Smart_Tank:PHX_TB_HDR_10_POS_STR_(1755817)
attribut none
position 472.440000 132.209000  orientation 90.00
layer front
$PAD "1"
Shape Circle Layer both
position  0.000000  0.000000  size  2.500000  2.500000  orientation 0.00
drill  1.400000
shape_offset  0.000000  0.000000
$EndPAD
$PAD "2"
Shape Circle Layer both
position  5.080000  0.000000  size  2.500000  2.500000  orientation 0.00
drill  1.400000
shape_offset  0.000000  0.000000
$EndPAD
$PAD "3"
Shape Circle Layer both
position 10.160000  0.000000  size  2.500000  2.500000  orientation 0.00
drill  1.400000
shape_offset  0.000000  0.000000
$EndPAD
$PAD "4"
Shape Circle Layer both
position 15.240000  0.000000  size  2.500000  2.500000  orientation 0.00
drill  1.400000
shape_offset  0.000000  0.000000
$EndPAD
$PAD "5"
Shape Circle Layer both
position 20.320000  0.000000  size  2.500000  2.500000  orientation 0.00
drill  1.400000
shape_offset  0.000000  0.000000
$EndPAD
$PAD "6"
Shape Circle Layer both
position 25.400000  0.000000  size  2.500000  2.500000  orientation 0.00
drill  1.400000
shape_offset  0.000000  0.000000
$EndPAD
$PAD "7"
Shape Circle Layer both
position 30.480000  0.000000  size  2.500000  2.500000  orientation 0.00
drill  1.400000
shape_offset  0.000000  0.000000
$EndPAD
$PAD "8"
Shape Circle Layer both
position 35.560000  0.000000  size  2.500000  2.500000  orientation 0.00
drill  1.400000
shape_offset  0.000000  0.000000
$EndPAD
$PAD "9"
Shape Circle Layer both
position 40.640000  0.000000  size  2.500000  2.500000  orientation 0.00
drill  1.400000
shape_offset  0.000000  0.000000
$EndPAD
$PAD "10"
Shape Circle Layer both
position 45.720000  0.000000  size  2.500000  2.500000  orientation 0.00
drill  1.400000
shape_offset  0.000000  0.000000
$EndPAD
$EndMODULE  SP1-6_CONN1

$MODULE U1
footprint Housings_SOIC:SOIC-8_3.9x4.9mm_Pitch1.27mm
attribut smd
position 104.140000 267.335000  orientation 0.00
layer front
$PAD "1"
Shape Rect Layer front
position -2.700000 -1.905000  size  1.550000  0.600000  orientation 0.00
drill  0.000000
shape_offset  0.000000  0.000000
$EndPAD
$PAD "2"
Shape Rect Layer front
position -2.700000 -0.635000  size  1.550000  0.600000  orientation 0.00
drill  0.000000
shape_offset  0.000000  0.000000
$EndPAD
$PAD "3"
Shape Rect Layer front
position -2.700000  0.635000  size  1.550000  0.600000  orientation 0.00
drill  0.000000
shape_offset  0.000000  0.000000
$EndPAD
$PAD "4"
Shape Rect Layer front
position -2.700000  1.905000  size  1.550000  0.600000  orientation 0.00
drill  0.000000
shape_offset  0.000000  0.000000
$EndPAD
$PAD "5"
Shape Rect Layer front
position  2.700000  1.905000  size  1.550000  0.600000  orientation 0.00
drill  0.000000
shape_offset  0.000000  0.000000
$EndPAD
$PAD "6"
Shape Rect Layer front
position  2.700000  0.635000  size  1.550000  0.600000  orientation 0.00
drill  0.000000
shape_offset  0.000000  0.000000
$EndPAD
$PAD "7"
Shape Rect Layer front
position  2.700000 -0.635000  size  1.550000  0.600000  orientation 0.00
drill  0.000000
shape_offset  0.000000  0.000000
$EndPAD
$PAD "8"
Shape Rect Layer front
position  2.700000 -1.905000  size  1.550000  0.600000  orientation 0.00
drill  0.000000
shape_offset  0.000000  0.000000
$EndPAD
$EndMODULE  U1

$MODULE U2
footprint Housings_SOIC:SOIC-8_3.9x4.9mm_Pitch1.27mm
attribut smd
position 104.140000 275.590000  orientation 0.00
layer front
$PAD "1"
Shape Rect Layer front
position -2.700000 -1.905000  size  1.550000  0.600000  orientation 0.00
drill  0.000000
shape_offset  0.000000  0.000000
$EndPAD
$PAD "2"
Shape Rect Layer front
position -2.700000 -0.635000  size  1.550000  0.600000  orientation 0.00
drill  0.000000
shape_offset  0.000000  0.000000
$EndPAD
$PAD "3"
Shape Rect Layer front
position -2.700000  0.635000  size  1.550000  0.600000  orientation 0.00
drill  0.000000
shape_offset  0.000000  0.000000
$EndPAD
$PAD "4"
Shape Rect Layer front
position -2.700000  1.905000  size  1.550000  0.600000  orientation 0.00
drill  0.000000
shape_offset  0.000000  0.000000
$EndPAD
$PAD "5"
Shape Rect Layer front
position  2.700000  1.905000  size  1.550000  0.600000  orientation 0.00
drill  0.000000
shape_offset  0.000000  0.000000
$EndPAD
$PAD "6"
Shape Rect Layer front
position  2.700000  0.635000  size  1.550000  0.600000  orientation 0.00
drill  0.000000
shape_offset  0.000000  0.000000
$EndPAD
$PAD "7"
Shape Rect Layer front
position  2.700000 -0.635000  size  1.550000  0.600000  orientation 0.00
drill  0.000000
shape_offset  0.000000  0.000000
$EndPAD
$PAD "8"
Shape Rect Layer front
position  2.700000 -1.905000  size  1.550000  0.600000  orientation 0.00
drill  0.000000
shape_offset  0.000000  0.000000
$EndPAD
$EndMODULE  U2

$MODULE VOLT_SENSE1
footprint Smart_Tank:SW_DIP_SPSTx12_(SDA12H1SBD)
attribut smd
position 123.393200 267.977500  orientation 0.00
layer front
$PAD "1"
Shape Roundrect Layer front
position -4.305000 -13.970000  size  2.440000  1.120000  orientation 0.00
drill  0.000000
shape_offset  0.000000  0.000000
$EndPAD
$PAD "2"
Shape Roundrect Layer front
position -4.305000 -11.430000  size  2.440000  1.120000  orientation 0.00
drill  0.000000
shape_offset  0.000000  0.000000
$EndPAD
$PAD "3"
Shape Roundrect Layer front
position -4.305000 -8.890000  size  2.440000  1.120000  orientation 0.00
drill  0.000000
shape_offset  0.000000  0.000000
$EndPAD
$PAD "4"
Shape Roundrect Layer front
position -4.305000 -6.350000  size  2.440000  1.120000  orientation 0.00
drill  0.000000
shape_offset  0.000000  0.000000
$EndPAD
$PAD "5"
Shape Roundrect Layer front
position -4.305000 -3.810000  size  2.440000  1.120000  orientation 0.00
drill  0.000000
shape_offset  0.000000  0.000000
$EndPAD
$PAD "6"
Shape Roundrect Layer front
position -4.305000 -1.270000  size  2.440000  1.120000  orientation 0.00
drill  0.000000
shape_offset  0.000000  0.000000
$EndPAD
$PAD "7"
Shape Roundrect Layer front
position -4.305000  1.270000  size  2.440000  1.120000  orientation 0.00
drill  0.000000
shape_offset  0.000000  0.000000
$EndPAD
$PAD "8"
Shape Roundrect Layer front
position -4.305000  3.810000  size  2.440000  1.120000  orientation 0.00
drill  0.000000
shape_offset  0.000000  0.000000
$EndPAD
$PAD "9"
Shape Roundrect Layer front
position -4.305000  6.350000  size  2.440000  1.120000  orientation 0.00
drill  0.000000
shape_offset  0.000000  0.000000
$EndPAD
$PAD "10"
Shape Roundrect Layer front
position -4.305000  8.890000  size  2.440000  1.120000  orientation 0.00
drill  0.000000
shape_offset  0.000000  0.000000
$EndPAD
$PAD "11"
Shape Roundrect Layer front
position -4.305000 11.430000  size  2.440000  1.120000  orientation 0.00
drill  0.000000
shape_offset  0.000000  0.000000
$EndPAD
$PAD "12"
Shape Roundrect Layer front
position -4.305000 13.970000  size  2.440000  1.120000  orientation 0.00
drill  0.000000
shape_offset  0.000000  0.000000
$EndPAD
$PAD "13"
Shape Roundrect Layer front
position  4.305000 13.970000  size  2.440000  1.120000  orientation 0.00
drill  0.000000
shape_offset  0.000000  0.000000
$EndPAD
$PAD "14"
Shape Roundrect Layer front
position  4.305000 11.430000  size  2.440000  1.120000  orientation 0.00
drill  0.000000
shape_offset  0.000000  0.000000
$EndPAD
$PAD "15"
Shape Roundrect Layer front
position  4.305000  8.890000  size  2.440000  1.120000  orientation 0.00
drill  0.000000
shape_offset  0.000000  0.000000
$EndPAD
$PAD "16"
Shape Roundrect Layer front
position  4.305000  6.350000  size  2.440000  1.120000  orientation 0.00
drill  0.000000
shape_offset  0.000000  0.000000
$EndPAD
$PAD "17"
Shape Roundrect Layer front
position  4.305000  3.810000  size  2.440000  1.120000  orientation 0.00
drill  0.000000
shape_offset  0.000000  0.000000
$EndPAD
$PAD "18"
Shape Roundrect Layer front
position  4.305000  1.270000  size  2.440000  1.120000  orientation 0.00
drill  0.000000
shape_offset  0.000000  0.000000
$EndPAD
$PAD "19"
Shape Roundrect Layer front
position  4.305000 -1.270000  size  2.440000  1.120000  orientation 0.00
drill  0.000000
shape_offset  0.000000  0.000000
$EndPAD
$PAD "20"
Shape Roundrect Layer front
position  4.305000 -3.810000  size  2.440000  1.120000  orientation 0.00
drill  0.000000
shape_offset  0.000000  0.000000
$EndPAD
$PAD "21"
Shape Roundrect Layer front
position  4.305000 -6.350000  size  2.440000  1.120000  orientation 0.00
drill  0.000000
shape_offset  0.000000  0.000000
$EndPAD
$PAD "22"
Shape Roundrect Layer front
position  4.305000 -8.890000  size  2.440000  1.120000  orientation 0.00
drill  0.000000
shape_offset  0.000000  0.000000
$EndPAD
$PAD "23"
Shape Roundrect Layer front
position  4.305000 -11.430000  size  2.440000  1.120000  orientation 0.00
drill  0.000000
shape_offset  0.000000  0.000000
$EndPAD
$PAD "24"
Shape Roundrect Layer front
position  4.305000 -13.970000  size  2.440000  1.120000  orientation 0.00
drill  0.000000
shape_offset  0.000000  0.000000
$EndPAD
$EndMODULE  VOLT_SENSE1

$EndDESCRIPTION
